TITLE,DESCRIPTION,PRICE,CURRENCY_CODE,QUANTITY,TAGS,MATERIALS,IMAGE1,IMAGE2,IMAGE3,IMAGE4,IMAGE5,IMAGE6,IMAGE7,IMAGE8,IMAGE9,IMAGE10,"VARIATION 1 TYPE","VARIATION 1 NAME","VARIATION 1 VALUES","VARIATION 2 TYPE","VARIATION 2 NAME","VARIATION 2 VALUES","VARIATION 3 TYPE","VARIATION 3 NAME","VARIATION 3 VALUES",SKU
"Gothic Halloween Cat Sub Badges | Spooky Twitch Discord Icons (Digital Download)","Gothic Halloween Cat 9 Twitch Badges | Spooky Channel Icons | Twitch Discord Bundle All Sizes (Digital Download)

Give your subs a spooky treat they will love with nine adorable gothic Halloween cats, complete with tiny witch hats, glowing pumpkins, and a cute, spooky purple aesthetic.

Perfect for cozy, kawaii witch, and dark-style Twitch channels looking for a charmingly eerie badge set your community will actually be dying to level up for.

INSTANT DIGITAL DOWNLOAD
This is a digital product — nothing physical will be shipped.
What will you get?
When you purchase this product, you'll get a .PDF file containing a direct link to a Google Drive folder with the complete package.

Package Includes
✅ x9 Sub Badges  
✅ All sizes included For Sub Badges (18x18, 36x36, 72x72 px)
✅ All sizes included For Emotes: 28x28, 56x56, 112x112 px 
✅+ Bonus 200x200 px
✅ .PNG format, transparent background
✅ Ready to upload directly to Twitch subscriber badge tiers
Compatible with: Twitch (subscriber badges), and easily adaptable for Kick, YouTube Membership badges, or Discord roles on request.


Please Note: This item is licensed for personal use only. Commercial use, resale, or distribution to third parties or other platforms is strictly prohibited.
If you have any questions or run into issues with your files, feel free to contact me anytime.

Animated Twitch Overlay & Assets By: CozyJsStudio → https://cozyjsstudio.etsy.com
🖌️ Tools Used: Adobe Photoshop, Adobe Firefly AI🖌️

✅ Want a fully matching overlay package (Starting Soon, alerts, panels, emotes) to go with these badges? Check out my custom commission listing:
🔗https://cozyjsstudio.etsy.com/listing/4500763545",5.49,USD,15,"gothic_halloween_cat,witch_cat_twitch,twitch_badges,sub_badges,bit_badges,channel_points,discord_icons,stream_badges,spooky_sub_badges,halloween_badges,kawaii_goth_badges,badge_bundle,twitch_reward",,https://i.etsystatic.com/61635066/r/il/1a4fd8/8387327613/il_fullxfull.8387327613_nge7.jpg,https://i.etsystatic.com/61635066/r/il/5f3a4d/8387331137/il_fullxfull.8387331137_44n2.jpg,https://i.etsystatic.com/61635066/r/il/5b56ae/8339439716/il_fullxfull.8339439716_ew1z.jpg,https://i.etsystatic.com/61635066/r/il/7aab24/8387330181/il_fullxfull.8387330181_m1eo.jpg,https://i.etsystatic.com/61635066/r/il/16d43f/8339439882/il_fullxfull.8339439882_m0s7.jpg,https://i.etsystatic.com/61635066/r/il/5db90f/8387323635/il_fullxfull.8387323635_hmfc.jpg,https://i.etsystatic.com/61635066/r/il/449871/8339438946/il_fullxfull.8339438946_e921.jpg,https://i.etsystatic.com/61635066/r/il/8cffaa/8339438606/il_fullxfull.8339438606_kya1.jpg,https://i.etsystatic.com/61635066/r/il/430c61/8339467742/il_fullxfull.8339467742_2mf1.jpg,https://i.etsystatic.com/61635066/r/il/7e7c7d/8387351567/il_fullxfull.8387351567_20b6.jpg,,,,,,,,,,
"30x Kawaii Cat Twitch Panels | Fluffy Pink Stream Graphics Bundle (Instant Download)","30x Kawaii Cozy Cat Twitch Panels| Fluffy Pink Kitten Aesthetic Stream Graphics | Static Pastel V-Tuber Assets | Instant Download Complete Collection.

INSTANT DIGITAL DOWNLOAD
This is a digital product, nothing physical will be shipped.

• What will you get?
When you purchase this product, you’ll get a .PDF file containing a direct link to a Google Drive folder with the complete package.

Package Includes:

This comprehensive set of 30 panels is the perfect all-in-one solution for organizing your Twitch profile with a sweet, cohesive, and enchanting aesthetic. The included panels are:

✅Social & External: YouTube, Wishlist, Website, Twitter, TikTok, Steam, Spotify, Designer, Contact, Commands, Discord, PC Specs, Links, Instagram, Games, facebook.

✅Monetization & Goals: Donate, Donation, Donate, Merch, commissions, Subscribe, Paypal.

✅Info & Personal: Setup, Schedule, Rules, Playlist, About Me, FAQ.

✅Bonus & Customization: 1 Blank Panel for creating your own personalized section labels while maintaining the exact same aesthetic.

✅High-quality digital download

✅Ready-made and easy to use

✅Optimized size: 1280 x 480 PX

✅Format: Static PNG files

Feel free to ask me to add something to this package if something is missing here for your stream.
Color and font changes are not accepted.

• Please Note: This item is licensed for personal use only. Commercial use, resale, or distribution to third parties or other platforms is strictly prohibited.

If you have any questions or encounter any issues with this product, please feel free to contact me anytime.

Animated twitch overlay By :
CozyJsStudio => https://cozyjsstudio.etsy.com

🖌️Tools Used: Adobe Photoshop, Adobe Firefly AI, Adobe After Effect, and Adobe Illustrator🖌️



✅If you want to bring your unique vision to life with a fully tailored stream package, please check out my custom commission listing here:

✅Custom Animated Twitch Stream Overlay Full Pack Bundle | OBS Alerts, Screens, Emotes, Badges

🔗 https://cozyjsstudio.etsy.com/listing/4500763545


Thank you for supporting my shop!",16.24,USD,2,"twitch_panels,discord_banner,banner_twitch,cat_panel,cat_banner,twitch_alerts,twitch_cat_panels,cat_panels,twitch_panel,panels_twitch,custom_twitch_panel,custom_panels,custom_panel",,https://i.etsystatic.com/61635066/r/il/6d5c56/8412146400/il_fullxfull.8412146400_p539.jpg,https://i.etsystatic.com/61635066/r/il/9af78a/8460029305/il_fullxfull.8460029305_rxmq.jpg,https://i.etsystatic.com/61635066/r/il/71035d/8460029317/il_fullxfull.8460029317_gena.jpg,https://i.etsystatic.com/61635066/r/il/b86bff/8460029287/il_fullxfull.8460029287_lnx2.jpg,https://i.etsystatic.com/61635066/r/il/9f3fc4/8412146258/il_fullxfull.8412146258_7p4q.jpg,https://i.etsystatic.com/61635066/r/il/65d628/8460029135/il_fullxfull.8460029135_rmk8.jpg,,,,,,,,,,,,,,
"Animated Spooky Halloween Twitch Overlay Pack | Room Gothic Rabbit Stream Package (Digital Download) | Bunny overlays","Animated Halloween Twitch Overlay Pack | Cute Purple Gothic Gaming Room Stream Package for OBS | YouTube | Kick | Rabbit Overlays| Bunny overlays
Stream Overlay, Animated Overlay, Twitch Overlay, Halloween overlay, 

 Cat Stream Overlays:
INSTANT DIGITAL DOWNLOAD
This is a digital product, nothing physical will be shipped.

• What will you get?
When you purchase this product, you’ll get a .PDF file containing a direct link to a Google Drive folder with the complete package.

Package Includes:
Halloween Twitch Screens:
4 Static & 3 Animation Version Screens:
✅ Starting Soon (animated+static) 
✅ Be Right Back (animated+static) 
✅ Stream Ending (animated+static) 
✅ Offline Screen (static) (.PNG format)

Halloween Twitch Overlays/Intermission:
✅ 4 Animated Just Chatting / Intermission Screens: 16:9 (1080x1920) (animated+static) Webm/PNG

Halloween Twitch Facecam :
✅ 2 Animated Facecam Overlay (animated+static)  Webm/PNG

Halloween Twitch Panels :
✅ 30 Panels (.PNG format)

Halloween Twitch Emotes:
✅ 6 Emotes (.PNG format)

Halloween Twitch Sub badges:
✅ 6 Sub badges (.PNG format)

Halloween TwitchAlerts:
✅ 6 Animated Alerts (WEBM format) (animated+static) Webm/PNG

Halloween Twitch Stream Labels:
✅ 4 Animated Stream Labels (animated+static) Webm/PNG

Wallpapers/Background :
✅ 2 Wallpapers (1 Animated, 1 Static) (animated+static) Webm/PNG

Halloween Twitch Stinger Transition:
✅ Animated Stinger Transition (.WEBM transparent)

Halloween Twitch Social Media Kit (BANNERS)
✅ Social Media Kit (Twitch, Twitter, Kick, YouTube Headers) (PNG format)

Tutorial :
✅ PDF Tutorial (How to install your overlays)


Feel free to ask me to add something to this package if something is missing here for your stream.
I can also add a translation, if you need, write to me. (Latin characters only)
Color and font changes are not accepted.

• Please Note: This item is licensed for personal use only. Commercial use, resale, or distribution to third parties or other platforms is strictly prohibited.

If you have any questions or encounter any issues with this product, please feel free to contact me anytime.

Black Cat Animated twitch overlay By:
CozyJsStudio => https://cozyjsstudio.etsy.com

🖌️Tools Used: Adobe Photoshop, Adobe Firefly AI, Adobe After Effect, and Adobe Illustrator🖌️



✅If you want to bring your unique vision to life with a fully tailored stream package, please check out my custom commission listing here:

✅Custom Animated Twitch Stream Overlay Full Pack Bundle | OBS Alerts, Screens, Emotes, Badges

🔗 https://cozyjsstudio.etsy.com/listing/4500763545",24.4,USD,4,"Stream_Overlay_cat,Stream_Overlay,Twitch_Overlay,gothic_Overlay,Spooky_Overlay,Halloween_Twitch,spooky_stream_pack,custom_overlay,Cat_Twitch_Overlay,Twitch_overlay_pack,Bunny_overlays,Gothic_Bunny_Overlay,Rabbit_Overlays",,https://i.etsystatic.com/61635066/r/il/c36e17/8443447470/il_fullxfull.8443447470_kyj3.jpg,https://i.etsystatic.com/61635066/r/il/7cb0c2/8491293983/il_fullxfull.8491293983_d9fm.jpg,https://i.etsystatic.com/61635066/r/il/ab556b/8429230286/il_fullxfull.8429230286_s1yl.jpg,https://i.etsystatic.com/61635066/r/il/59803f/8429230472/il_fullxfull.8429230472_mkuj.jpg,https://i.etsystatic.com/61635066/r/il/ebfb70/8429230272/il_fullxfull.8429230272_bti9.jpg,https://i.etsystatic.com/61635066/r/il/4efc09/8443428024/il_fullxfull.8443428024_9nyw.jpg,https://i.etsystatic.com/61635066/r/il/baefb6/8429230746/il_fullxfull.8429230746_bcaf.jpg,https://i.etsystatic.com/61635066/r/il/8ed9d9/8429230282/il_fullxfull.8429230282_tprp.jpg,https://i.etsystatic.com/61635066/r/il/436f22/8443431658/il_fullxfull.8443431658_9ipz.jpg,https://i.etsystatic.com/61635066/r/il/9d7d6c/8429230292/il_fullxfull.8429230292_nyi1.jpg,,,,,,,,,,
"Animated Spooky Halloween Twitch Overlay Pack | Room Gothic Axolotl Stream Package (Digital Download)","Animated Halloween Twitch Overlay Pack | Cute Purple Gothic Gaming Room Stream Package for OBS | YouTube | Kick | Axolotl Overlays
Stream Overlay, Animated Overlay, Twitch Overlay, Halloween overlay, 

 Cat Stream Overlays:
INSTANT DIGITAL DOWNLOAD
This is a digital product, nothing physical will be shipped.

• What will you get?
When you purchase this product, you’ll get a .PDF file containing a direct link to a Google Drive folder with the complete package.

Package Includes:
Halloween Twitch Screens:
4 Static & 3 Animation Version Screens:
✅ Starting Soon (animated+static) 
✅ Be Right Back (animated+static) 
✅ Stream Ending (animated+static) 
✅ Offline Screen (static) (.PNG format)

Halloween Twitch Overlays/Intermission:
✅ 4 Animated Just Chatting / Intermission Screens: 16:9 (1080x1920) (animated+static) Webm/PNG

Halloween Twitch Facecam :
✅ 2 Animated Facecam Overlay (animated+static)  Webm/PNG

Halloween Twitch Panels :
✅ 30 Panels (.PNG format)

Halloween Twitch Emotes:
✅ 6 Emotes (.PNG format)

Halloween Twitch Sub badges:
✅ 6 Sub badges (.PNG format)

Halloween TwitchAlerts:
✅ 6 Animated Alerts (WEBM format) (animated+static) Webm/PNG

Halloween Twitch Stream Labels:
✅ 4 Animated Stream Labels (animated+static) Webm/PNG

Wallpapers/Background :
✅ 2 Wallpapers (1 Animated, 1 Static) (animated+static) Webm/PNG

Halloween Twitch Stinger Transition:
✅ Animated Stinger Transition (.WEBM transparent)

Halloween Twitch Social Media Kit (BANNERS)
✅ Social Media Kit (Twitch, Twitter, Kick, YouTube Headers) (PNG format)

Tutorial :
✅ PDF Tutorial (How to install your overlays)


Feel free to ask me to add something to this package if something is missing here for your stream.
I can also add a translation, if you need, write to me. (Latin characters only)
Color and font changes are not accepted.

• Please Note: This item is licensed for personal use only. Commercial use, resale, or distribution to third parties or other platforms is strictly prohibited.

If you have any questions or encounter any issues with this product, please feel free to contact me anytime.

Black Cat Animated twitch overlay By:
CozyJsStudio => https://cozyjsstudio.etsy.com

🖌️Tools Used: Adobe Photoshop, Adobe Firefly AI, Adobe After Effect, and Adobe Illustrator🖌️



✅If you want to bring your unique vision to life with a fully tailored stream package, please check out my custom commission listing here:

✅Custom Animated Twitch Stream Overlay Full Pack Bundle | OBS Alerts, Screens, Emotes, Badges

🔗 https://cozyjsstudio.etsy.com/listing/4500763545",24.4,USD,4,"Stream_Overlay_cat,Stream_Overlay,Twitch_Overlay,gothic_Overlay,Spooky_Overlay,Halloween_Twitch,spooky_stream_pack,custom_overlay,Cat_Twitch_Overlay,Twitch_overlay_pack,Gothic_twitch,Axolotl_overlays,Gothic_Axolotl_pack",,https://i.etsystatic.com/61635066/r/il/1ce41e/8443265810/il_fullxfull.8443265810_o26l.jpg,https://i.etsystatic.com/61635066/r/il/d0f0ca/8443263918/il_fullxfull.8443263918_7re0.jpg,https://i.etsystatic.com/61635066/r/il/ab556b/8429230286/il_fullxfull.8429230286_s1yl.jpg,https://i.etsystatic.com/61635066/r/il/59803f/8429230472/il_fullxfull.8429230472_mkuj.jpg,https://i.etsystatic.com/61635066/r/il/ebfb70/8429230272/il_fullxfull.8429230272_bti9.jpg,https://i.etsystatic.com/61635066/r/il/baefb6/8429230746/il_fullxfull.8429230746_bcaf.jpg,https://i.etsystatic.com/61635066/r/il/907a98/8443263972/il_fullxfull.8443263972_514h.jpg,https://i.etsystatic.com/61635066/r/il/9d7d6c/8429230292/il_fullxfull.8429230292_nyi1.jpg,https://i.etsystatic.com/61635066/r/il/6b691f/8491128587/il_fullxfull.8491128587_6g7b.jpg,https://i.etsystatic.com/61635066/r/il/8ed9d9/8429230282/il_fullxfull.8429230282_tprp.jpg,,,,,,,,,,
"Dragon Sakura Animated Stream Package | Twitch Overlay  | YouTube | Kick | lo-fi Dragon Overlays","Dragon Sakura Animated Stream Package | Twitch Overlay  | YouTube | Kick | lo-fi Dragon Overlays, Animated Overlay, Twitch Overlay, Dragon Overlays

Stream Overlay :
INSTANT DIGITAL DOWNLOAD
This is a digital product, nothing physical will be shipped .

• What you will get?
When you purchase this product, you’ll get a .PDF file containing a direct link to a Google Drive folder with the complete package.

Package Includes :
Screens :
4 Static & 3 Animation Version Screens :
✅ Starting Soon (animated+static)
✅ Be Right Back (animated+static)
✅ Stream Ending (animated+static)
✅ Offline Screen (static) (.PNG format)

Overlays/Intermission :
✅ 2 Animated Just Chatting / Intermission Screens : 16:9 (1080x1920) (animated+static) Webm/PNG

Facecam :
✅ 2 Animated Facecam Overlay (animated+static) Webm/PNG

Panels :
✅ 27 Panels (.PNG format)

Alerts :
✅ 6 Animated Alerts (WEBM format) (animated+static) Webm/PNG

Twitch Emotes :
✅ 5 Twitch Emotes (WEBM format) (static) PNG

Twitch Sub-Badges :
✅ 3 Twitch Sub-Badges (WEBM format) (static) PNG

Stream Labels :
✅ 4 Animated Stream Labels (animated+static) Webm/PNG

Wallpapers/Background :
✅ 2 Wallpapers (1 Animated, 1 Static) (animated+static) Webm/PNG

Stinger Transition :
✅ Animated Stinger Transition (.WEBM transparent)

Social Media Kit (BANNERS)
✅ Social Media Kit (Twitch, Twitter, Kick, YouTube Headers) (PNG format)

Tutorial :
✅ PDF Tutorial (How to install your overlays)

Feel free to ask me to add something to this package if something is missing here for your stream.
Color and font changes are not accepted.

• Please Note: This item is licensed for personal use only. Commercial use, resale, or distribution to third parties or other platforms is strictly prohibited.

If you have any questions or encounter any issues with this product, please feel free to contact me anytime.

Animated twitch overlay By :
CozyJsStudio => https://cozyjsstudio.etsy.com

🖌️Tools Used: Adobe Photoshop, Adobe Firefly AI, Adobe After Effect, and Adobe Illustrator🖌️



✅If you want to bring your unique vision to life with a fully tailored stream package, please check out my custom commission listing here:

✅Custom Animated Twitch Stream Overlay Full Pack Bundle | OBS Alerts, Screens, Emotes, Badges

🔗 https://cozyjsstudio.etsy.com/listing/4500763545",24.4,USD,3,"twitch_overlay,stream_overlay,twitch_overlay_anime,stream_overlays,twitch_package,vtuber_overlay,anime_overlay,dragon_overlay,Dragon_Overlays,cute_dragon,japan_overlay,lofi_overlay,Dragon_Twitch_Cute",,https://i.etsystatic.com/61635066/r/il/be4ff6/7769904430/il_fullxfull.7769904430_keij.jpg,https://i.etsystatic.com/61635066/r/il/37d132/7769904656/il_fullxfull.7769904656_kddr.jpg,https://i.etsystatic.com/61635066/r/il/1d94ec/7817833701/il_fullxfull.7817833701_983i.jpg,https://i.etsystatic.com/61635066/r/il/841e3a/7817838695/il_fullxfull.7817838695_cg6c.jpg,https://i.etsystatic.com/61635066/r/il/f820dd/7817829011/il_fullxfull.7817829011_i2vs.jpg,https://i.etsystatic.com/61635066/r/il/0be679/7817823611/il_fullxfull.7817823611_b5tc.jpg,https://i.etsystatic.com/61635066/r/il/5a05c5/7817825251/il_fullxfull.7817825251_nolk.jpg,https://i.etsystatic.com/61635066/r/il/071ba7/7769900024/il_fullxfull.7769900024_fmzk.jpg,https://i.etsystatic.com/61635066/r/il/ef1db8/7769905776/il_fullxfull.7769905776_qkqx.jpg,https://i.etsystatic.com/61635066/r/il/8cba22/7769891506/il_fullxfull.7769891506_c6xw.jpg,,,,,,,,,,
"Animated Spooky Halloween Twitch Overlay Pack | Room Gothic Raccoon Stream Package (Digital Download)","Animated Halloween Twitch Overlay Pack | Cute Purple Gothic Gaming Room Stream Package for OBS | YouTube | Kick | Raccoon Overlays
Stream Overlay, Animated Overlay, Twitch Overlay, Halloween overlay, 

 Cat Stream Overlays:
INSTANT DIGITAL DOWNLOAD
This is a digital product, nothing physical will be shipped.

• What will you get?
When you purchase this product, you’ll get a .PDF file containing a direct link to a Google Drive folder with the complete package.

Package Includes:
Halloween Twitch Screens:
4 Static & 3 Animation Version Screens:
✅ Starting Soon (animated+static) 
✅ Be Right Back (animated+static) 
✅ Stream Ending (animated+static) 
✅ Offline Screen (static) (.PNG format)

Halloween Twitch Overlays/Intermission:
✅ 4 Animated Just Chatting / Intermission Screens: 16:9 (1080x1920) (animated+static) Webm/PNG

Halloween Twitch Facecam :
✅ 2 Animated Facecam Overlay (animated+static)  Webm/PNG

Halloween Twitch Panels :
✅ 30 Panels (.PNG format)

Halloween Twitch Emotes:
✅ 6 Emotes (.PNG format)

Halloween Twitch Sub badges:
✅ 6 Sub badges (.PNG format)

Halloween TwitchAlerts:
✅ 6 Animated Alerts (WEBM format) (animated+static) Webm/PNG

Halloween Twitch Stream Labels:
✅ 4 Animated Stream Labels (animated+static) Webm/PNG

Wallpapers/Background :
✅ 2 Wallpapers (1 Animated, 1 Static) (animated+static) Webm/PNG

Halloween Twitch Stinger Transition:
✅ Animated Stinger Transition (.WEBM transparent)

Halloween Twitch Social Media Kit (BANNERS)
✅ Social Media Kit (Twitch, Twitter, Kick, YouTube Headers) (PNG format)

Tutorial :
✅ PDF Tutorial (How to install your overlays)


Feel free to ask me to add something to this package if something is missing here for your stream.
I can also add a translation, if you need, write to me. (Latin characters only)
Color and font changes are not accepted.

• Please Note: This item is licensed for personal use only. Commercial use, resale, or distribution to third parties or other platforms is strictly prohibited.

If you have any questions or encounter any issues with this product, please feel free to contact me anytime.

Black Cat Animated twitch overlay By:
CozyJsStudio => https://cozyjsstudio.etsy.com

🖌️Tools Used: Adobe Photoshop, Adobe Firefly AI, Adobe After Effect, and Adobe Illustrator🖌️



✅If you want to bring your unique vision to life with a fully tailored stream package, please check out my custom commission listing here:

✅Custom Animated Twitch Stream Overlay Full Pack Bundle | OBS Alerts, Screens, Emotes, Badges

🔗 https://cozyjsstudio.etsy.com/listing/4500763545",24.4,USD,4,"Stream_Overlay_cat,Stream_Overlay,Twitch_Overlay,gothic_Overlay,Spooky_Overlay,Halloween_Twitch,spooky_stream_pack,custom_overlay,Cat_Twitch_Overlay,Twitch_overlay_pack,Gothic_twitch,Raccoon_overlays,Raccoon_stream_pack",,https://i.etsystatic.com/61635066/r/il/902f0f/8491047519/il_fullxfull.8491047519_itr5.jpg,https://i.etsystatic.com/61635066/r/il/8c640c/8491043321/il_fullxfull.8491043321_ec2o.jpg,https://i.etsystatic.com/61635066/r/il/ab556b/8429230286/il_fullxfull.8429230286_s1yl.jpg,https://i.etsystatic.com/61635066/r/il/59803f/8429230472/il_fullxfull.8429230472_mkuj.jpg,https://i.etsystatic.com/61635066/r/il/ebfb70/8429230272/il_fullxfull.8429230272_bti9.jpg,https://i.etsystatic.com/61635066/r/il/baefb6/8429230746/il_fullxfull.8429230746_bcaf.jpg,https://i.etsystatic.com/61635066/r/il/8ed9d9/8429230282/il_fullxfull.8429230282_tprp.jpg,https://i.etsystatic.com/61635066/r/il/9d7d6c/8429230292/il_fullxfull.8429230292_nyi1.jpg,https://i.etsystatic.com/61635066/r/il/dcef1e/8491042429/il_fullxfull.8491042429_pgpv.jpg,https://i.etsystatic.com/61635066/r/il/e1e0a1/8443187798/il_fullxfull.8443187798_en9g.jpg,,,,,,,,,,
"Dream Cats Sakura Animated Stream Package: Twitch Overlay, YouTube, Kick | Japanese Cat Overlays","Dream Cats Sakura Animated Stream Package
Stream Overlay, Animated Overlay, Twitch Overlay, Japanese Cat overlays, 

Stream Overlays :
INSTANT DIGITAL DOWNLOAD
This is a digital product, nothing physical will be shipped .

• What you will get?
When you purchase this product, you’ll get a .PDF file containing a direct link to a Google Drive folder with the complete package.

Package Includes :
Screens :
4 Static & 3 Animation Version Screens :
✅ Starting Soon (animated+static) 
✅ Be Right Back (animated+static) 
✅ Stream Ending (animated+static) 
✅ Offline Screen (static) (.PNG format)

Overlays/Intermission :
✅ 2 Animated Just Chatting / Intermission Screens : 16:9 (1080x1920) (animated+static) Webm/PNG

Facecam :
✅ 2 Animated Facecam Overlay (animated+static)  Webm/PNG

Panels :
✅ 27 Panels (.PNG format)

Twitch Emotes :
✅ 5 Twitch Emotes (.PNG format)

Alerts :
✅ 6 Animated Alerts (WEBM format) (animated+static) Webm/PNG

Stream Labels :
✅ 4 Animated Stream Labels (animated+static) Webm/PNG

Wallpapers/Background :
✅ 2 Wallpapers (1 Animated, 1 Static) (animated+static) Webm/PNG

Stinger Transition :
✅ Animated Stinger Transition (.WEBM transparent)

Social Media Kit (BANNERS)
✅ Social Media Kit (Twitch, Twitter, Kick, YouTube Headers) (PNG format)

Tutorial :
✅ PDF Tutorial (How to install your overlays) 

Feel free to ask me to add something to this package if something is missing here for your stream.
Color and font changes are not accepted.

• Please Note: This item is licensed for personal use only. Commercial use, resale, or distribution to third parties or other platforms is strictly prohibited.

If you have any questions or encounter any issues with this product, please feel free to contact me anytime.

Animated Stream Overlays By :
CozyJsStudio : https://cozyjsstudio.etsy.com

🖌️Tools Used: Adobe Photoshop, Adobe Firefly AI, Adobe After Effect, and Adobe Illustrator🖌️



✅If you want to bring your unique vision to life with a fully tailored stream package, please check out my custom commission listing here:

✅Custom Animated Twitch Stream Overlay Full Pack Bundle | OBS Alerts, Screens, Emotes, Badges

🔗 https://cozyjsstudio.etsy.com/listing/4500763545",24.4,USD,4,"japanese_overlay,japanese_overlays,Twitch_japanese,Japan_Overlay,Japan_Overlays,stream_overlay,Twitch_Overlay,Twitch_Overlays,Sakura_Overlay,Samurai_overlay,Samurai_Overlays,Cat_Twitch,Cat_overlay",,https://i.etsystatic.com/61635066/r/il/1f8ca5/7648970225/il_fullxfull.7648970225_pp0c.jpg,https://i.etsystatic.com/61635066/r/il/dbcd07/7648970121/il_fullxfull.7648970121_kwry.jpg,https://i.etsystatic.com/61635066/r/il/3dd9df/7648956341/il_fullxfull.7648956341_7agj.jpg,https://i.etsystatic.com/61635066/r/il/402c0d/7648954861/il_fullxfull.7648954861_770m.jpg,https://i.etsystatic.com/61635066/r/il/4efc41/7648956347/il_fullxfull.7648956347_l0u6.jpg,https://i.etsystatic.com/61635066/r/il/2de6e1/7648955707/il_fullxfull.7648955707_sdxa.jpg,https://i.etsystatic.com/61635066/r/il/ddd74e/7601014358/il_fullxfull.7601014358_99eo.jpg,https://i.etsystatic.com/61635066/r/il/49bdf7/7648969069/il_fullxfull.7648969069_m6sp.jpg,https://i.etsystatic.com/61635066/r/il/7a3c76/7648956359/il_fullxfull.7648956359_jc80.jpg,https://i.etsystatic.com/61635066/r/il/437c81/7601030020/il_fullxfull.7601030020_6o9s.jpg,,,,,,,,,,
"Animated Stream Pack: Spooky Raven Otter Forest Magic Overlays (Digital Download)","Spooky Otter Raven Twitch Forest Magic Animated Stream Package | Lofi Twitch Overlay | YouTube | Kick | Otter and Crow Overlays | Nature Night Theme | Otter & Raven Animated Stream Package | Lofi Twitch Overlay | Magic Forest Night Theme | Panels Alerts Screens for Twitch YouTube Kick Otter and crow twitch overlay | cozy twitch overlay | lofi twitch overlay | animated twitch overlay | twitch panels overlay | twitch alerts overlay | cozy Otter raven twitch pack | animated twitch pack | magical forest overlay | fantasy glow forest

Spooky Raven & Otter Stream Overlay:
INSTANT DIGITAL DOWNLOAD
This is a digital product, nothing physical will be shipped.

• What will you get?
When you purchase this product, you’ll get a .PDF file containing a direct link to a Google Drive folder with the complete package.

Package Includes:
Spooky Raven & Otter Screens :
4 Static & 3 Animation Version Screens :
✅ Starting Soon (animated+static)
✅ Be Right Back (animated+static)
✅ Stream Ending (animated+static)
✅ Offline Screen (static) (.PNG format)

Spooky Raven & Otter Overlays/Intermission :
✅ 2 Animated Just Chatting / Intermission Screens : 16:9 (1080x1920) (animated+static) Webm/PNG

Spooky Raven & Otter Facecam :
✅ 2 Animated Facecam Overlay (animated+static) Webm/PNG

Spooky Raven & Otter Panels :
✅ 30 Panels (.PNG format)

Spooky Raven & Otter Alerts :
✅ 6 Animated Alerts (WEBM format) (animated+static) Webm/PNG

Otter Twitch Emotes :
✅ 6 Twitch Emotes (WEBM format) (static) PNG

Crow Twitch Emotes:
✅ 6 Twitch Emotes (WEBM format) (static) PNG

Spooky Raven & Otter Stream Labels:
✅ 4 Animated Stream Labels (animated+static) Webm/PNG

Otter Forest Magic Wallpapers/Background :
✅ 2 Wallpapers (1 Animated, 1 Static) (animated+static) Webm/PNG

 Stinger Transition:
✅ Animated Stinger Transition (.WEBM transparent)

Otter Forest Magic Social Media Kit (BANNERS)
✅ Social Media Kit (Twitch, Twitter, Kick, YouTube Headers) (PNG format)

Tutorial:
✅ PDF Tutorial (How to install your overlays)

Feel free to ask me to add something to this package if something is missing here for your stream.
Color and font changes are not accepted.

• Please Note: This item is licensed for personal use only. Commercial use, resale, or distribution to third parties or other platforms is strictly prohibited.

If you have any questions or encounter any issues with this product, please feel free to contact me anytime.

Animated twitch overlay By :
CozyJsStudio => https://cozyjsstudio.etsy.com

🖌️Tools Used: Adobe Photoshop, Adobe Firefly AI, Adobe After Effect, and Adobe Illustrator🖌️



✅If you want to bring your unique vision to life with a fully tailored stream package, please check out my custom commission listing here:

✅Custom Animated Twitch Stream Overlay Full Pack Bundle | OBS Alerts, Screens, Emotes, Badges

🔗 https://cozyjsstudio.etsy.com/listing/4500763545",24.4,USD,17,"Raven_Twitch_Overlay,Twitch_Overlay_Raven,Stream_Overlay_Raven,Crow_Overlay,Crow_Twitch,Raven_Overlay,Stream_Overlay,Twitch_Overlay,Twitch_Overlays,Stream_Overlays,Raven_Twitch,spooky_twitch_otter,Otter_overlay",,https://i.etsystatic.com/61635066/r/il/a84251/8345597695/il_fullxfull.8345597695_fswb.jpg,https://i.etsystatic.com/61635066/r/il/de9dcb/8297691446/il_fullxfull.8297691446_rxjh.jpg,https://i.etsystatic.com/61635066/r/il/6a6b67/8340864159/il_fullxfull.8340864159_sl13.jpg,https://i.etsystatic.com/61635066/r/il/548991/8341349179/il_fullxfull.8341349179_9c1y.jpg,https://i.etsystatic.com/61635066/r/il/eb5051/8293230304/il_fullxfull.8293230304_qzw4.jpg,https://i.etsystatic.com/61635066/r/il/58e03b/8345585365/il_fullxfull.8345585365_4nqo.jpg,https://i.etsystatic.com/61635066/r/il/d7cc11/8292928738/il_fullxfull.8292928738_d09y.jpg,https://i.etsystatic.com/61635066/r/il/d0f945/8340864237/il_fullxfull.8340864237_6v9z.jpg,https://i.etsystatic.com/61635066/r/il/bfd2b0/8293212604/il_fullxfull.8293212604_j5dt.jpg,https://i.etsystatic.com/61635066/r/il/471264/8345603181/il_fullxfull.8345603181_69lj.jpg,,,,,,,,,,
"Animated Cherry Blossom Stream Overlay Package | Sakura Japanese Twitch Overlays (Digital Download)","Pink cherry blossom twitch overlay | sakura twitch overlay | japanese stream overlay | cherry blossom stream pack | pink aesthetic overlay | black white japan overlay | pastel sakura stream screens | twitch stream overlays | starting soon screen | be right back screen | twitch alerts overlay | twitch panels overlay | overlay for twitch youtube kick

Stream Overlay :
INSTANT DIGITAL DOWNLOAD
This is a digital product, nothing physical will be shipped .

• What you will get?
When you purchase this product, you’ll get a .PDF file containing a direct link to a Google Drive folder with the complete package.

Package Includes :
Pink cherry blossom Screens :
4 Static & 3 Animation Version Screens :
✅ Starting Soon (animated+static)
✅ Be Right Back (animated+static)
✅ Stream Ending (animated+static)
✅ Offline Screen (static) (.PNG format)

Pink cherry blossom Overlays/Intermission :
✅ 2 Animated Just Chatting / Intermission Screens : 16:9 (1080x1920) (animated+static) Webm/PNG

Pink cherry blossom Facecam :
✅ 2 Animated Facecam Overlay (animated+static) Webm/PNG

Pink cherry blossom Panels :
✅ 27 Panels (.PNG format)

Pink cherry blossom Alerts :
✅ 6 Animated Alerts (WEBM format) (animated+static) Webm/PNG

Pink cherry blossom Twitch Emotes :
✅ 5 Twitch Emotes (WEBM format) (static) PNG

Pink cherry blossom Twitch Sub-Badges :
✅ 3 Twitch Sub-Badges (WEBM format) (static) PNG

Pink cherry blossom Stream Labels :
✅ 4 Animated Stream Labels (animated+static) Webm/PNG

Pink cherry blossom Wallpapers/Background :
✅ 2 Wallpapers (1 Animated, 1 Static) (animated+static) Webm/PNG

Pink cherry blossom Stinger Transition :
✅ Animated Stinger Transition (.WEBM transparent)

Pink cherry blossom Social Media Kit (BANNERS)
✅ Social Media Kit (Twitch, Twitter, Kick, YouTube Headers) (PNG format)

Tutorial :
✅ PDF Tutorial (How to install your overlays)

Feel free to ask me to add something to this package if something is missing here for your stream.
Color and font changes are not accepted.

• Please Note: This item is licensed for personal use only. Commercial use, resale, or distribution to third parties or other platforms is strictly prohibited.

If you have any questions or encounter any issues with this product, please feel free to contact me anytime.

Animated twitch overlay By :
CozyJsStudio => https://cozyjsstudio.etsy.com

🖌️Tools Used: Adobe Photoshop, Adobe Firefly AI, Adobe After Effect, and Adobe Illustrator🖌️



✅If you want to bring your unique vision to life with a fully tailored stream package, please check out my custom commission listing here:

✅Custom Animated Twitch Stream Overlay Full Pack Bundle | OBS Alerts, Screens, Emotes, Badges

🔗 https://cozyjsstudio.etsy.com/listing/4500763545",30.4,USD,8,"Twitch_Overlay,stream_overlay,Twitch_Overlays,stream_overlays,Sakura_Dreams,japanese_overlay,Cherry_Blossom_Theme,Sakura_Petals_Stream,Soft_Pink_Overlay,Cozy_Stream,Chibi_Overlay,Kawaii_Overlay,japanese_overlays",,https://i.etsystatic.com/61635066/r/il/008707/7699138341/il_fullxfull.7699138341_6bwl.jpg,https://i.etsystatic.com/61635066/r/il/3bc5ea/7699130291/il_fullxfull.7699130291_cpzq.jpg,https://i.etsystatic.com/61635066/r/il/3419e7/7699127851/il_fullxfull.7699127851_6rrt.jpg,https://i.etsystatic.com/61635066/r/il/9da860/7699118101/il_fullxfull.7699118101_atn6.jpg,https://i.etsystatic.com/61635066/r/il/035483/7651173234/il_fullxfull.7651173234_cdgy.jpg,https://i.etsystatic.com/61635066/r/il/46aff0/7651170830/il_fullxfull.7651170830_f0oh.jpg,https://i.etsystatic.com/61635066/r/il/1a4f0c/7651182228/il_fullxfull.7651182228_lgl9.jpg,https://i.etsystatic.com/61635066/r/il/e84c1e/7699128917/il_fullxfull.7699128917_nqfi.jpg,https://i.etsystatic.com/61635066/r/il/e28a7a/7651183942/il_fullxfull.7651183942_baeh.jpg,https://i.etsystatic.com/61635066/r/il/d53e95/7699119659/il_fullxfull.7699119659_eabx.jpg,,,,,,,,,,
"Animated Spooky Halloween Twitch Overlay Pack | Room Gothic Wolf Stream Package (Digital Download)","Animated Halloween Twitch Overlay Pack | Cute Spocky Gothic Gaming Room Stream Package for OBS | YouTube | Kick | Wolf Overlays
Stream Overlay, Animated Overlay, Twitch Overlay, Halloween overlay, 

 Cat Stream Overlays:
INSTANT DIGITAL DOWNLOAD
This is a digital product, nothing physical will be shipped.

• What will you get?
When you purchase this product, you’ll get a .PDF file containing a direct link to a Google Drive folder with the complete package.

Package Includes:
Halloween Twitch Screens:
4 Static & 3 Animation Version Screens:
✅ Starting Soon (animated+static) 
✅ Be Right Back (animated+static) 
✅ Stream Ending (animated+static) 
✅ Offline Screen (static) (.PNG format)

Halloween Twitch Overlays/Intermission:
✅ 4 Animated Just Chatting / Intermission Screens: 16:9 (1080x1920) (animated+static) Webm/PNG

Halloween Twitch Facecam :
✅ 2 Animated Facecam Overlay (animated+static)  Webm/PNG

Halloween Twitch Panels :
✅ 30 Panels (.PNG format)

Halloween Twitch Emotes:
✅ 6 Emotes (.PNG format)

Halloween Twitch Sub badges:
✅ 6 Sub badges (.PNG format)

Halloween TwitchAlerts:
✅ 6 Animated Alerts (WEBM format) (animated+static) Webm/PNG

Halloween Twitch Stream Labels:
✅ 4 Animated Stream Labels (animated+static) Webm/PNG

Wallpapers/Background:
✅ 2 Wallpapers (1 Animated, 1 Static) (animated+static) Webm/PNG

Halloween Twitch Stinger Transition:
✅ Animated Stinger Transition (.WEBM transparent)

Halloween Twitch Social Media Kit (BANNERS)
✅ Social Media Kit (Twitch, Twitter, Kick, YouTube Headers) (PNG format)

Tutorial:
✅ PDF Tutorial (How to install your overlays)


Feel free to ask me to add something to this package if something is missing here for your stream.
I can also add a translation, if you need, write to me. (Latin characters only)
Color and font changes are not accepted.

• Please Note: This item is licensed for personal use only. Commercial use, resale, or distribution to third parties or other platforms is strictly prohibited.

If you have any questions or encounter any issues with this product, please feel free to contact me anytime.

Black Cat Animated twitch overlay By:
CozyJsStudio => https://cozyjsstudio.etsy.com

🖌️Tools Used: Adobe Photoshop, Adobe Firefly AI, Adobe After Effect, and Adobe Illustrator🖌️



✅If you want to bring your unique vision to life with a fully tailored stream package, please check out my custom commission listing here:

✅Custom Animated Twitch Stream Overlay Full Pack Bundle | OBS Alerts, Screens, Emotes, Badges

🔗 https://cozyjsstudio.etsy.com/listing/4500763545",24.4,USD,4,"Stream_Overlay,Twitch_Overlay,gothic_Overlay,Spooky_Overlay,Halloween_Twitch,spooky_stream_pack,custom_overlay,Twitch_overlay_pack,Gothic_twitch,Wolf_Twitch_Overlay,Gothic_Wolf_Overlay,Stream_Overlay_Wolf,Wolf_Overlays",,https://i.etsystatic.com/61635066/r/il/fd54af/8439305606/il_fullxfull.8439305606_hckv.jpg,https://i.etsystatic.com/61635066/r/il/b52146/8487170241/il_fullxfull.8487170241_j70n.jpg,https://i.etsystatic.com/61635066/r/il/ab556b/8429230286/il_fullxfull.8429230286_s1yl.jpg,https://i.etsystatic.com/61635066/r/il/59803f/8429230472/il_fullxfull.8429230472_mkuj.jpg,https://i.etsystatic.com/61635066/r/il/ebfb70/8429230272/il_fullxfull.8429230272_bti9.jpg,https://i.etsystatic.com/61635066/r/il/dd4d96/8439305526/il_fullxfull.8439305526_i1a4.jpg,https://i.etsystatic.com/61635066/r/il/baefb6/8429230746/il_fullxfull.8429230746_bcaf.jpg,https://i.etsystatic.com/61635066/r/il/8ed9d9/8429230282/il_fullxfull.8429230282_tprp.jpg,https://i.etsystatic.com/61635066/r/il/9d7d6c/8429230292/il_fullxfull.8429230292_nyi1.jpg,https://i.etsystatic.com/61635066/r/il/5d76eb/8487170173/il_fullxfull.8487170173_eklb.jpg,,,,,,,,,,
"Animated Halloween Twitch Overlay Pack | Spooky Gothic Cat Stream Package (Digital Download)","Animated Halloween Twitch Overlay Pack | Cute Spooky Gothic Gaming Room Stream Package for OBS | YouTube | Kick | Cat Overlays
Stream Overlay, Animated Overlay, Twitch Overlay, Halloween overlay, 

 Cat Stream Overlays:
INSTANT DIGITAL DOWNLOAD
This is a digital product, nothing physical will be shipped.

• What will you get?
When you purchase this product, you’ll get a .PDF file containing a direct link to a Google Drive folder with the complete package.

Package Includes:
Halloween Twitch Screens:
4 Static & 3 Animation Version Screens:
✅ Starting Soon (animated+static) 
✅ Be Right Back (animated+static) 
✅ Stream Ending (animated+static) 
✅ Offline Screen (static) (.PNG format)

Halloween Twitch Overlays/Intermission:
✅ 4 Animated Just Chatting / Intermission Screens: 16:9 (1080x1920) (animated+static) Webm/PNG

Halloween Twitch Facecam :
✅ 2 Animated Facecam Overlay (animated+static)  Webm/PNG

Halloween Twitch Panels :
✅ 30 Panels (.PNG format)

Halloween Twitch Emotes:
✅ 6 Emotes (.PNG format)

Halloween TwitchAlerts:
✅ 6 Animated Alerts (WEBM format) (animated+static) Webm/PNG

Halloween Twitch Stream Labels:
✅ 4 Animated Stream Labels (animated+static) Webm/PNG

Wallpapers/Background :
✅ 2 Wallpapers (1 Animated, 1 Static) (animated+static) Webm/PNG

Halloween Twitch Stinger Transition:
✅ Animated Stinger Transition (.WEBM transparent)

Halloween Twitch Social Media Kit (BANNERS)
✅ Social Media Kit (Twitch, Twitter, Kick, YouTube Headers) (PNG format)

Tutorial :
✅ PDF Tutorial (How to install your overlays)


Feel free to ask me to add something to this package if something is missing here for your stream.
I can also add a translation, if you need, write to me. (Latin characters only)
Color and font changes are not accepted.

• Please Note: This item is licensed for personal use only. Commercial use, resale, or distribution to third parties or other platforms is strictly prohibited.

If you have any questions or encounter any issues with this product, please feel free to contact me anytime.

Black Cat Animated twitch overlay By:
CozyJsStudio => https://cozyjsstudio.etsy.com

🖌️Tools Used: Adobe Photoshop, Adobe Firefly AI, Adobe After Effect, and Adobe Illustrator🖌️



✅If you want to bring your unique vision to life with a fully tailored stream package, please check out my custom commission listing here:

✅Custom Animated Twitch Stream Overlay Full Pack Bundle | OBS Alerts, Screens, Emotes, Badges

🔗 https://cozyjsstudio.etsy.com/listing/4500763545",24.4,USD,3,"Stream_Overlay,Twitch_Overlay,gothic_Overlay,Spooky_Overlay,Halloween_Twitch,spooky_stream_pack,custom_overlay,Twitch_overlay_pack,Gothic_twitch,Stream_Overlay_Cat,Cat_Ovelays,Cat_Twitch_Overlay,Gothic_Cat_Overlay",,https://i.etsystatic.com/61635066/r/il/4dd36c/8486976969/il_fullxfull.8486976969_aw7q.jpg,https://i.etsystatic.com/61635066/r/il/5fe33a/8439113108/il_fullxfull.8439113108_m3gs.jpg,https://i.etsystatic.com/61635066/r/il/7e5cc0/8486697871/il_fullxfull.8486697871_bijb.jpg,https://i.etsystatic.com/61635066/r/il/599c73/8438833272/il_fullxfull.8438833272_8wgg.jpg,https://i.etsystatic.com/61635066/r/il/75eb84/8438833274/il_fullxfull.8438833274_4zgl.jpg,https://i.etsystatic.com/61635066/r/il/683a1b/8438833284/il_fullxfull.8438833284_cdde.jpg,https://i.etsystatic.com/61635066/r/il/ea5a81/8438833276/il_fullxfull.8438833276_k4wh.jpg,https://i.etsystatic.com/61635066/r/il/e26f60/8439113816/il_fullxfull.8439113816_qfyh.jpg,https://i.etsystatic.com/61635066/r/il/d333bb/8486976915/il_fullxfull.8486976915_outv.jpg,https://i.etsystatic.com/61635066/r/il/44f35f/8438833378/il_fullxfull.8438833378_ccz0.jpg,,,,,,,,,,
"Animated Halloween Twitch Overlay Pack | Spooky Gothic Wolf Stream Package (Digital Download)","Animated Halloween Twitch Overlay Pack | Cute Spooky Gothic Gaming Room Stream Package for OBS | YouTube | Kick | Wolf Overlays
Stream Overlay, Animated Overlay, Twitch Overlay, Halloween overlay, 

 Cat Stream Overlays:
INSTANT DIGITAL DOWNLOAD
This is a digital product, nothing physical will be shipped.

• What will you get?
When you purchase this product, you’ll get a .PDF file containing a direct link to a Google Drive folder with the complete package.

Package Includes:
Halloween Twitch Screens:
4 Static & 3 Animation Version Screens:
✅ Starting Soon (animated+static) 
✅ Be Right Back (animated+static) 
✅ Stream Ending (animated+static) 
✅ Offline Screen (static) (.PNG format)

Halloween Twitch Overlays/Intermission:
✅ 4 Animated Just Chatting / Intermission Screens: 16:9 (1080x1920) (animated+static) Webm/PNG

Halloween Twitch Facecam :
✅ 2 Animated Facecam Overlay (animated+static)  Webm/PNG

Halloween Twitch Panels :
✅ 30 Panels (.PNG format)

Halloween Twitch Emotes:
✅ 6 Emotes (.PNG format)

Halloween TwitchAlerts:
✅ 6 Animated Alerts (WEBM format) (animated+static) Webm/PNG

Halloween Twitch Stream Labels:
✅ 4 Animated Stream Labels (animated+static) Webm/PNG

Wallpapers/Background :
✅ 2 Wallpapers (1 Animated, 1 Static) (animated+static) Webm/PNG

Halloween Twitch Stinger Transition:
✅ Animated Stinger Transition (.WEBM transparent)

Halloween Twitch Social Media Kit (BANNERS)
✅ Social Media Kit (Twitch, Twitter, Kick, YouTube Headers) (PNG format)

Tutorial :
✅ PDF Tutorial (How to install your overlays)


Feel free to ask me to add something to this package if something is missing here for your stream.
I can also add a translation, if you need, write to me. (Latin characters only)
Color and font changes are not accepted.

• Please Note: This item is licensed for personal use only. Commercial use, resale, or distribution to third parties or other platforms is strictly prohibited.

If you have any questions or encounter any issues with this product, please feel free to contact me anytime.

Black Cat Animated twitch overlay By:
CozyJsStudio => https://cozyjsstudio.etsy.com

🖌️Tools Used: Adobe Photoshop, Adobe Firefly AI, Adobe After Effect, and Adobe Illustrator🖌️



✅If you want to bring your unique vision to life with a fully tailored stream package, please check out my custom commission listing here:

✅Custom Animated Twitch Stream Overlay Full Pack Bundle | OBS Alerts, Screens, Emotes, Badges

🔗 https://cozyjsstudio.etsy.com/listing/4500763545",24.4,USD,3,"Stream_Overlay,Twitch_Overlay,gothic_Overlay,Spooky_Overlay,Halloween_Twitch,spooky_stream_pack,custom_overlay,Twitch_overlay_pack,Gothic_twitch,Wolf_Ovelays,Stream_Overlay_Wolf,Wolf_Twitch_Overlay,Gothic_Wolf_Overlay",,https://i.etsystatic.com/61635066/r/il/ebda98/8439091590/il_fullxfull.8439091590_b5dz.jpg,https://i.etsystatic.com/61635066/r/il/ae0c0c/8486955367/il_fullxfull.8486955367_cnlh.jpg,https://i.etsystatic.com/61635066/r/il/7e5cc0/8486697871/il_fullxfull.8486697871_bijb.jpg,https://i.etsystatic.com/61635066/r/il/599c73/8438833272/il_fullxfull.8438833272_8wgg.jpg,https://i.etsystatic.com/61635066/r/il/75eb84/8438833274/il_fullxfull.8438833274_4zgl.jpg,https://i.etsystatic.com/61635066/r/il/683a1b/8438833284/il_fullxfull.8438833284_cdde.jpg,https://i.etsystatic.com/61635066/r/il/a2cfd8/8439091774/il_fullxfull.8439091774_se3o.jpg,https://i.etsystatic.com/61635066/r/il/ea5a81/8438833276/il_fullxfull.8438833276_k4wh.jpg,https://i.etsystatic.com/61635066/r/il/fc940f/8486955361/il_fullxfull.8486955361_71jr.jpg,https://i.etsystatic.com/61635066/r/il/44f35f/8438833378/il_fullxfull.8438833378_ccz0.jpg,,,,,,,,,,
"Animated Halloween Twitch Overlay Pack | Purple Gothic Raccoon Stream Package (Digital Download)","Animated Halloween Twitch Overlay Pack | Cute Purple Gothic Gaming Room Stream Package for OBS | YouTube | Kick | Raccoon Overlays
Stream Overlay, Animated Overlay, Twitch Overlay, Halloween overlay, 

 Cat Stream Overlays:
INSTANT DIGITAL DOWNLOAD
This is a digital product, nothing physical will be shipped.

• What will you get?
When you purchase this product, you’ll get a .PDF file containing a direct link to a Google Drive folder with the complete package.

Package Includes:
Halloween Twitch Screens:
4 Static & 3 Animation Version Screens:
✅ Starting Soon (animated+static) 
✅ Be Right Back (animated+static) 
✅ Stream Ending (animated+static) 
✅ Offline Screen (static) (.PNG format)

Halloween Twitch Overlays/Intermission:
✅ 4 Animated Just Chatting / Intermission Screens: 16:9 (1080x1920) (animated+static) Webm/PNG

Halloween Twitch Facecam :
✅ 2 Animated Facecam Overlay (animated+static)  Webm/PNG

Halloween Twitch Panels :
✅ 30 Panels (.PNG format)

Halloween Twitch Emotes:
✅ 6 Emotes (.PNG format)

Halloween TwitchAlerts:
✅ 6 Animated Alerts (WEBM format) (animated+static) Webm/PNG

Halloween Twitch Stream Labels:
✅ 4 Animated Stream Labels (animated+static) Webm/PNG

Wallpapers/Background :
✅ 2 Wallpapers (1 Animated, 1 Static) (animated+static) Webm/PNG

Halloween Twitch Stinger Transition:
✅ Animated Stinger Transition (.WEBM transparent)

Halloween Twitch Social Media Kit (BANNERS)
✅ Social Media Kit (Twitch, Twitter, Kick, YouTube Headers) (PNG format)

Tutorial :
✅ PDF Tutorial (How to install your overlays)


Feel free to ask me to add something to this package if something is missing here for your stream.
I can also add a translation, if you need, write to me. (Latin characters only)
Color and font changes are not accepted.

• Please Note: This item is licensed for personal use only. Commercial use, resale, or distribution to third parties or other platforms is strictly prohibited.

If you have any questions or encounter any issues with this product, please feel free to contact me anytime.

Black Cat Animated twitch overlay By:
CozyJsStudio => https://cozyjsstudio.etsy.com

🖌️Tools Used: Adobe Photoshop, Adobe Firefly AI, Adobe After Effect, and Adobe Illustrator🖌️



✅If you want to bring your unique vision to life with a fully tailored stream package, please check out my custom commission listing here:

✅Custom Animated Twitch Stream Overlay Full Pack Bundle | OBS Alerts, Screens, Emotes, Badges

🔗 https://cozyjsstudio.etsy.com/listing/4500763545",24.4,USD,3,"Stream_Overlay_cat,Stream_Overlay,Twitch_Overlay,gothic_Overlay,Spooky_Overlay,Halloween_Twitch,spooky_stream_pack,custom_overlay,Cat_Twitch_Overlay,Gothic_Cat_Overlay,Twitch_overlay_pack,Gothic_twitch,Raccoon_overlays",,https://i.etsystatic.com/61635066/r/il/3a2313/8351402538/il_fullxfull.8351402538_8tj8.jpg,https://i.etsystatic.com/61635066/r/il/4fb39d/8351395964/il_fullxfull.8351395964_ebco.jpg,https://i.etsystatic.com/61635066/r/il/05a2ae/8351293186/il_fullxfull.8351293186_rj0i.jpg,https://i.etsystatic.com/61635066/r/il/684c85/8399019825/il_fullxfull.8399019825_kfmt.jpg,https://i.etsystatic.com/61635066/r/il/06c6ea/8351290310/il_fullxfull.8351290310_bgem.jpg,https://i.etsystatic.com/61635066/r/il/90cad8/8399019677/il_fullxfull.8399019677_r5cw.jpg,https://i.etsystatic.com/61635066/r/il/9e5f47/8399281807/il_fullxfull.8399281807_1m4l.jpg,https://i.etsystatic.com/61635066/r/il/75ef49/8399019537/il_fullxfull.8399019537_2qxm.jpg,https://i.etsystatic.com/61635066/r/il/77f21a/8399281031/il_fullxfull.8399281031_hjui.jpg,https://i.etsystatic.com/61635066/r/il/9f1e8d/8351217968/il_fullxfull.8351217968_e913.jpg,,,,,,,,,,
"30x Twitch Tiger Panels | Panel Overlay | Japanese Cute Art | Tiger Stream Graphics Bundle (Instant Download)","30x Twitch Tiger Panels | Tiger Aesthetic Stream Graphics | Static panels V-Tuber Assets | Instant Download Complete Collection.

INSTANT DIGITAL DOWNLOAD
This is a digital product, nothing physical will be shipped.

• What will you get?
When you purchase this product, you’ll get a .PDF file containing a direct link to a Google Drive folder with the complete package.

Package Includes:

This comprehensive set of 30 panels is the perfect all-in-one solution for organizing your Twitch profile with a sweet, cohesive, and enchanting aesthetic. The included panels are:

✅Social & External: YouTube, Wishlist, Website, Twitter, TikTok, Steam, Spotify, Designer, Contact, Commands, Discord, PC Specs, Links, Instagram, Games, facebook.

✅Monetization & Goals: Donate, Donation, Donate, Merch, commissions, Subscribe, Paypal.

✅Info & Personal: Setup, Schedule, Rules, Playlist, About Me, FAQ.

✅Bonus & Customization: 1 Blank Panel for creating your own personalized section labels while maintaining the exact same aesthetic.

✅High-quality digital download

✅Ready-made and easy to use

✅Optimized size: 1280 x 480 PX

✅Format: Static PNG files

Feel free to ask me to add something to this package if something is missing here for your stream.
Color and font changes are not accepted.

• Please Note: This item is licensed for personal use only. Commercial use, resale, or distribution to third parties or other platforms is strictly prohibited.

If you have any questions or encounter any issues with this product, please feel free to contact me anytime.

Animated twitch overlay By :
CozyJsStudio => https://cozyjsstudio.etsy.com

🖌️Tools Used: Adobe Photoshop, Adobe Firefly AI, Adobe After Effect, and Adobe Illustrator🖌️



✅If you want to bring your unique vision to life with a fully tailored stream package, please check out my custom commission listing here:

✅Custom Animated Twitch Stream Overlay Full Pack Bundle | OBS Alerts, Screens, Emotes, Badges

🔗 https://cozyjsstudio.etsy.com/listing/4500763545


Thank you for supporting my shop!",13.04,USD,3,"twitch_panels,discord_banner,banner_twitch,twitch_alerts,twitch_panel,panels_twitch,custom_twitch_panel,custom_panels,custom_panel,Tiger_panel,Tiger_Panels,twitch_Tiger_Panels,Tiger_Custom_panel",,https://i.etsystatic.com/61635066/r/il/f5c8e9/8482844369/il_fullxfull.8482844369_mii6.jpg,https://i.etsystatic.com/61635066/r/il/26d48d/8482844377/il_fullxfull.8482844377_djjo.jpg,https://i.etsystatic.com/61635066/r/il/580dff/8482844387/il_fullxfull.8482844387_jjvc.jpg,https://i.etsystatic.com/61635066/r/il/245c0f/8434977618/il_fullxfull.8434977618_cklr.jpg,https://i.etsystatic.com/61635066/r/il/7cc2de/8482816811/il_fullxfull.8482816811_8bmz.jpg,https://i.etsystatic.com/61635066/r/il/7f6a68/8482817233/il_fullxfull.8482817233_5xni.jpg,,,,,,,,,,,,,,
"Animated Halloween Twitch Overlay Pack | Purple Gothic Cat Stream Package (Digital Download)","Animated Halloween Twitch Overlay Pack | Cute Purple Gothic Gaming Room Stream Package for OBS | YouTube | Kick | Cat Overlays
Stream Overlay, Animated Overlay, Twitch Overlay, Halloween overlay, 

 Cat Stream Overlays:
INSTANT DIGITAL DOWNLOAD
This is a digital product, nothing physical will be shipped.

• What will you get?
When you purchase this product, you’ll get a .PDF file containing a direct link to a Google Drive folder with the complete package.

Package Includes:
Halloween Twitch Screens:
4 Static & 3 Animation Version Screens:
✅ Starting Soon (animated+static) 
✅ Be Right Back (animated+static) 
✅ Stream Ending (animated+static) 
✅ Offline Screen (static) (.PNG format)

Halloween Twitch Overlays/Intermission:
✅ 4 Animated Just Chatting / Intermission Screens: 16:9 (1080x1920) (animated+static) Webm/PNG

Halloween Twitch Facecam :
✅ 2 Animated Facecam Overlay (animated+static)  Webm/PNG

Halloween Twitch Panels :
✅ 30 Panels (.PNG format)

Halloween Twitch Emotes:
✅ 6 Emotes (.PNG format)

Halloween TwitchAlerts:
✅ 6 Animated Alerts (WEBM format) (animated+static) Webm/PNG

Halloween Twitch Stream Labels:
✅ 4 Animated Stream Labels (animated+static) Webm/PNG

Wallpapers/Background :
✅ 2 Wallpapers (1 Animated, 1 Static) (animated+static) Webm/PNG

Halloween Twitch Stinger Transition:
✅ Animated Stinger Transition (.WEBM transparent)

Halloween Twitch Social Media Kit (BANNERS)
✅ Social Media Kit (Twitch, Twitter, Kick, YouTube Headers) (PNG format)

Tutorial :
✅ PDF Tutorial (How to install your overlays)


Feel free to ask me to add something to this package if something is missing here for your stream.
I can also add a translation, if you need, write to me. (Latin characters only)
Color and font changes are not accepted.

• Please Note: This item is licensed for personal use only. Commercial use, resale, or distribution to third parties or other platforms is strictly prohibited.

If you have any questions or encounter any issues with this product, please feel free to contact me anytime.

Black Cat Animated twitch overlay By:
CozyJsStudio => https://cozyjsstudio.etsy.com

🖌️Tools Used: Adobe Photoshop, Adobe Firefly AI, Adobe After Effect, and Adobe Illustrator🖌️



✅If you want to bring your unique vision to life with a fully tailored stream package, please check out my custom commission listing here:

✅Custom Animated Twitch Stream Overlay Full Pack Bundle | OBS Alerts, Screens, Emotes, Badges

🔗 https://cozyjsstudio.etsy.com/listing/4500763545",24.4,USD,4,"Stream_Overlay_cat,Stream_Overlay,Twitch_Overlay,gothic_Overlay,Spooky_Overlay,Halloween_Twitch,spooky_stream_pack,custom_overlay,Cat_Twitch_Overlay,Gothic_Cat_Overlay,Twitch_overlay_pack,Gothic_twitch,Cat_Overlays",,https://i.etsystatic.com/61635066/r/il/a4eba6/8434478612/il_fullxfull.8434478612_sbp8.jpg,https://i.etsystatic.com/61635066/r/il/55d1b5/8482294451/il_fullxfull.8482294451_68sx.jpg,https://i.etsystatic.com/61635066/r/il/05a2ae/8351293186/il_fullxfull.8351293186_rj0i.jpg,https://i.etsystatic.com/61635066/r/il/684c85/8399019825/il_fullxfull.8399019825_kfmt.jpg,https://i.etsystatic.com/61635066/r/il/06c6ea/8351290310/il_fullxfull.8351290310_bgem.jpg,https://i.etsystatic.com/61635066/r/il/90cad8/8399019677/il_fullxfull.8399019677_r5cw.jpg,https://i.etsystatic.com/61635066/r/il/c4fa39/8434427908/il_fullxfull.8434427908_r21e.jpg,https://i.etsystatic.com/61635066/r/il/75ef49/8399019537/il_fullxfull.8399019537_2qxm.jpg,https://i.etsystatic.com/61635066/r/il/c5dabc/8482310489/il_fullxfull.8482310489_ge5e.jpg,https://i.etsystatic.com/61635066/r/il/9f1e8d/8351217968/il_fullxfull.8351217968_e913.jpg,,,,,,,,,,
"6 Wolf Jars Twitch Badges | Kawaii Wolf Sub, Bit, Channel Icons (Digital Download)","SAKURA WOLF JARS TWITCH BADGES

Sakura Wolf Jars Twitch Badges | Cute Wolf Sub, Bit & Channel Point Icons | Twitch Discord Bundle All Sizes

Give your subscribers a magical badge progression to level up through with six adorable wolf pups nestled inside enchanting glass jars filled with delicate pink blossoms, drifting petals, golden sparkles, and dreamy warm pastel colors.

Each badge represents a new progression level, beginning with a tiny sleeping wolf pup beside a single flower and gradually transforming into a majestic celestial wolf surrounded by blooming florals, ornate golden decorations, a glowing halo, and a beautiful pink gemstone lid.

Perfect for cozy, kawaii, woodland, nature, floral, fantasy, cottagecore, and lofi-style Twitch channels looking for a charming badge set their community will love.

🌸 INSTANT DIGITAL DOWNLOAD

This is a digital product. No physical item will be shipped.

After purchasing, you will receive a PDF file containing a direct link to the Google Drive folder with the complete package.

🐺 PACKAGE INCLUDES

✅ 6 Sakura Wolf Sub Badges
✅ Sub-badge sizes: 18×18, 36×36, and 72×72 px
✅ Emote and channel-point sizes: 28×28, 56×56, and 112×112 px
✅ Bonus 200×200 px versions
✅ High-quality PNG format
✅ Transparent backgrounds
✅ Ready to upload to Twitch

These icons can be used for:

• Twitch subscriber badges
• Twitch Bit badges
• Twitch channel-point rewards
• Kick badges
• YouTube membership badges
• Discord role icons

📌 PLEASE NOTE

This product is licensed for personal use only. Commercial use, resale, redistribution, sharing, or uploading the files for sale on other platforms is strictly prohibited.

Because this is a digital download, no physical product will be delivered.

If you have any questions or experience an issue with your files, please feel free to contact me anytime. I’ll be happy to help!

Twitch Overlays and Assets by CozyJsStudio:
https://cozyjsstudio.etsy.com

🖌️ Tools Used: Adobe Photoshop and Adobe Firefly AI

✨ WANT A MATCHING CUSTOM TWITCH PACKAGE?

Complete your channel with matching Starting Soon screens, alerts, panels, emotes, overlays, and other custom stream assets:

https://cozyjsstudio.etsy.com/listing/4500763545",6.29,USD,1,"wolf_sakura_jars,sakura_wolf_badges,wolf_twitch_badges,twitch_sub_badges,twitch_bit_badges,channel_point_icons,discord_wolf_icons,cute_wolf_badges,kawaii_wolf_badges,stream_badge_bundle,cherry_blossom_wolf,wolf_badge_bundle,twitch_reward_icons",,https://i.etsystatic.com/61635066/r/il/e49a81/8395928918/il_fullxfull.8395928918_pvyt.jpg,https://i.etsystatic.com/61635066/r/il/054861/8443810913/il_fullxfull.8443810913_nq47.jpg,https://i.etsystatic.com/61635066/r/il/244c62/8395928886/il_fullxfull.8395928886_p811.jpg,https://i.etsystatic.com/61635066/r/il/119241/8395928654/il_fullxfull.8395928654_7k01.jpg,https://i.etsystatic.com/61635066/r/il/1b6916/8443810687/il_fullxfull.8443810687_q07v.jpg,https://i.etsystatic.com/61635066/r/il/9d8198/8443810767/il_fullxfull.8443810767_kf91.jpg,https://i.etsystatic.com/61635066/r/il/776fe3/8395928684/il_fullxfull.8395928684_rik0.jpg,https://i.etsystatic.com/61635066/r/il/71e01f/8395928674/il_fullxfull.8395928674_t0s1.jpg,https://i.etsystatic.com/61635066/r/il/70e980/8443810673/il_fullxfull.8443810673_of3g.jpg,https://i.etsystatic.com/61635066/r/il/7a247b/8395928612/il_fullxfull.8395928612_oe7z.jpg,,,,,,,,,,
"Otter Forest Magic Animated Stream Package | Twitch Overlay | YouTube | kick | Otter overlays","Otter Twitch Overlay | Twitch Overlay Otter | Stream Overlay Otter | White Otter Overlay | Otter Twitch | Otter Overlay | Stream Overlay | Twitch Overlay | Twitch Overlays | Sakura Overlay | Otter Twitch Pack | Brown Otter Twitch | Otter Stream.

Otter Forest Magic Stream Overlay :
INSTANT DIGITAL DOWNLOAD
This is a digital product, nothing physical will be shipped .

• What you will get?
When you purchase this product, you’ll get a .PDF file containing a direct link to a Google Drive folder with the complete package.

Package Includes :
Otter Forest Magic Screens :
4 Static & 3 Animation Version Screens :
✅ Starting Soon (animated+static)
✅ Be Right Back (animated+static)
✅ Stream Ending (animated+static)
✅ Offline Screen (static) (.PNG format)

Otter Forest Magic Overlays/Intermission :
✅ 2 Animated Just Chatting / Intermission Screens : 16:9 (1080x1920) (animated+static) Webm/PNG

Otter Forest Magic Facecam :
✅ 2 Animated Facecam Overlay (animated+static) Webm/PNG

Otter Forest Magic Panels :
✅ 27 Panels (.PNG format)

Otter Forest Magic Alerts :
✅ 6 Animated Alerts (WEBM format) (animated+static) Webm/PNG

Otter Forest Magic Twitch Emotes :
✅ 5 Twitch Emotes (WEBM format) (static) PNG

Otter Forest Magic Twitch Sub Badges :
✅ 3 Twitch Sub Badges (WEBM format) (static) PNG

Otter Forest Magic Stream Labels :
✅ 4 Animated Stream Labels (animated+static) Webm/PNG

Otter Forest Magic Wallpapers/Background :
✅ 2 Wallpapers (1 Animated, 1 Static) (animated+static) Webm/PNG

Otter Forest Magic Stinger Transition :
✅ Animated Stinger Transition (.WEBM transparent)

Otter Forest Magic Social Media Kit (BANNERS)
✅ Social Media Kit (Twitch, Twitter, Kick, YouTube Headers) (PNG format)

Tutorial :
✅ PDF Tutorial (How to install your overlays)

Feel free to ask me to add something to this package if something is missing here for your stream.
Color and font changes are not accepted.

• Please Note: This item is licensed for personal use only. Commercial use, resale, or distribution to third parties or other platforms is strictly prohibited.

If you have any questions or encounter any issues with this product, please feel free to contact me anytime.

Animated twitch overlay By :
CozyJsStudio => https://cozyjsstudio.etsy.com

🖌️Tools Used: Adobe Photoshop, Adobe Firefly AI, Adobe After Effect, and Adobe Illustrator🖌️



✅If you want to bring your unique vision to life with a fully tailored stream package, please check out my custom commission listing here:

✅Custom Animated Twitch Stream Overlay Full Pack Bundle | OBS Alerts, Screens, Emotes, Badges

🔗 https://cozyjsstudio.etsy.com/listing/4500763545",30.4,USD,7,"Overlay_Otter,Stream_Otter,Otter_Overlays,Otter_Twitch,Otter_Overlay,Stream_Overlay,Twitch_Overlay,Twitch_Overlays,Sakura_Overlay,Otter_Package,Otter_Stream,Otter_overlay_pack,Otter_twitch_pack",,https://i.etsystatic.com/61635066/r/il/c50869/7911234815/il_fullxfull.7911234815_tvym.jpg,https://i.etsystatic.com/61635066/r/il/599d35/7911249043/il_fullxfull.7911249043_9awc.jpg,https://i.etsystatic.com/61635066/r/il/7582aa/7911257235/il_fullxfull.7911257235_4i4i.jpg,https://i.etsystatic.com/61635066/r/il/dd9aa8/7911263039/il_fullxfull.7911263039_8d5e.jpg,https://i.etsystatic.com/61635066/r/il/c975e6/7863305416/il_fullxfull.7863305416_4wk4.jpg,https://i.etsystatic.com/61635066/r/il/fa6f33/7911261325/il_fullxfull.7911261325_cuw3.jpg,https://i.etsystatic.com/61635066/r/il/996245/7911262739/il_fullxfull.7911262739_p9ie.jpg,https://i.etsystatic.com/61635066/r/il/dcdd90/7911226857/il_fullxfull.7911226857_ssxw.jpg,https://i.etsystatic.com/61635066/r/il/6627a5/7911259603/il_fullxfull.7911259603_7nhu.jpg,https://i.etsystatic.com/61635066/r/il/df0e49/7863272056/il_fullxfull.7863272056_k06l.jpg,,,,,,,,,,
"Blossom Wolf Animated Stream Package: For Twitch Overlay, YouTube, Kick | Wolf Overlays","Blossom Wolf Animated Stream Package
Stream Overlay, Animated Overlay, Twitch Overlay, Wolf overlays,

Stream Overlay :
INSTANT DIGITAL DOWNLOAD
This is a digital product, nothing physical will be shipped .

• What you will get?
When you purchase this product, you’ll get a .PDF file containing a direct link to a Google Drive folder with the complete package.

Package Includes :
Screens :
4 Static & 3 Animation Version Screens :
✅ Starting Soon (animated+static)
✅ Be Right Back (animated+static)
✅ Stream Ending (animated+static)
✅ Offline Screen (static) (.PNG format)

Overlays/Intermission :
✅ 2 Animated Just Chatting / Intermission Screens : 16:9 (1080x1920) (animated+static) Webm/PNG

Facecam :
✅ 2 Animated Facecam Overlay (animated+static) Webm/PNG

Panels :
✅ 27 Panels (.PNG format)

Alerts :
✅ 6 Animated Alerts (WEBM format) (animated+static) Webm/PNG

Twitch Emotes :
✅ 5 Twitch Emotes (WEBM format) (static) PNG

Twitch Sub-Badges :
✅ 3 Twitch Sub-Badges (WEBM format) (static) PNG

Stream Labels :
✅ 4 Animated Stream Labels (animated+static) Webm/PNG

Wallpapers/Background :
✅ 2 Wallpapers (1 Animated, 1 Static) (animated+static) Webm/PNG

Stinger Transition :
✅ Animated Stinger Transition (.WEBM transparent)

Social Media Kit (BANNERS)
✅ Social Media Kit (Twitch, Twitter, Kick, YouTube Headers) (PNG format)

Tutorial :
✅ PDF Tutorial (How to install your overlays)

Feel free to ask me to add something to this package if something is missing here for your stream.
Color and font changes are not accepted.

• Please Note: This item is licensed for personal use only. Commercial use, resale, or distribution to third parties or other platforms is strictly prohibited.

If you have any questions or encounter any issues with this product, please feel free to contact me anytime.

Animated twitch overlay By :
CozyJsStudio => https://cozyjsstudio.etsy.com

🖌️Tools Used: Adobe Photoshop, Adobe Firefly AI, Adobe After Effect, and Adobe Illustrator🖌️



✅If you want to bring your unique vision to life with a fully tailored stream package, please check out my custom commission listing here:

✅Custom Animated Twitch Stream Overlay Full Pack Bundle | OBS Alerts, Screens, Emotes, Badges

🔗 https://cozyjsstudio.etsy.com/listing/4500763545",28.4,USD,4,"twitch_overlay,twitch_overlays,twitch_overlay_anime,stream_overlays,stream_overlay,samurai_twitch,japanese_overlay,Sakura_overlay,Twitch_japanese,Japan_Overlay,Wolf_Overlay,Wolf_Twitch,Wolf_Overlays",,https://i.etsystatic.com/61635066/r/il/bfd537/7670672551/il_fullxfull.7670672551_hcam.jpg,https://i.etsystatic.com/61635066/r/il/7bc6b7/7622722960/il_fullxfull.7622722960_tb9v.jpg,https://i.etsystatic.com/61635066/r/il/6dd48c/7670669631/il_fullxfull.7670669631_sx2t.jpg,https://i.etsystatic.com/61635066/r/il/4c846d/7670649097/il_fullxfull.7670649097_gpmu.jpg,https://i.etsystatic.com/61635066/r/il/b5e20f/7622700682/il_fullxfull.7622700682_b3os.jpg,https://i.etsystatic.com/61635066/r/il/75e18f/7622698084/il_fullxfull.7622698084_opja.jpg,https://i.etsystatic.com/61635066/r/il/54eb31/7670647109/il_fullxfull.7670647109_q527.jpg,https://i.etsystatic.com/61635066/r/il/3fdee8/7670648337/il_fullxfull.7670648337_jzeo.jpg,https://i.etsystatic.com/61635066/r/il/31e8db/7670670241/il_fullxfull.7670670241_f47x.jpg,https://i.etsystatic.com/61635066/r/il/59d02f/7622699030/il_fullxfull.7622699030_mpdk.jpg,,,,,,,,,,
"Wolf Night Forest Animated Stream Package | Twitch Overlay | YouTube | Kick | Wolf Overlays","Wolf Night Forest  Wolf Animated Stream Package
Stream Overlay, Animated Overlay, Twitch Overlay, Wolf overlays, wolf twitch overlay | twitch overlays | stream overlay | stream overlays | wolf overlay | wolf overlays | wolf twitch | stream wolf | moonlit wolf overlay | night wolf stream | wolf twitch pack | twitch panels overlay | twitch alerts overlay

Wolf Night Forest Stream Overlay :
INSTANT DIGITAL DOWNLOAD
This is a digital product, nothing physical will be shipped .

• What you will get?
When you purchase this product, you’ll get a .PDF file containing a direct link to a Google Drive folder with the complete package.

Package Includes :
Wolf Night Forest Screens :
4 Static & 3 Animation Version Screens :
✅ Starting Soon (animated+static)
✅ Be Right Back (animated+static)
✅ Stream Ending (animated+static)
✅ Offline Screen (static) (.PNG format)

Wolf Night Forest Overlays/Intermission :
✅ 2 Animated Just Chatting / Intermission Screens : 16:9 (1080x1920) (animated+static) Webm/PNG

Wolf Night Forest Facecam :
✅ 2 Animated Facecam Overlay (animated+static) Webm/PNG

Wolf Night Forest Panels :
✅ 27 Panels (.PNG format)

Wolf Night Forest Alerts :
✅ 6 Animated Alerts (WEBM format) (animated+static) Webm/PNG

Wolf Night Forest Twitch Emotes :
✅ 5 Twitch Emotes (WEBM format) (static) PNG

Wolf Night Forest Twitch Sub-Badges :
✅ 3 Twitch Sub-Badges (WEBM format) (static) PNG

Wolf Night Forest Stream Labels :
✅ 4 Animated Stream Labels (animated+static) Webm/PNG

Wolf Night Forest Wallpapers/Background :
✅ 2 Wallpapers (1 Animated, 1 Static) (animated+static) Webm/PNG

Wolf Night Forest Stinger Transition :
✅ Animated Stinger Transition (.WEBM transparent)

Wolf Night Forest Social Media Kit (BANNERS)
✅ Social Media Kit (Twitch, Twitter, Kick, YouTube Headers) (PNG format)

Wolf Night Forest Tutorial :
✅ PDF Tutorial (How to install your overlays)

Feel free to ask me to add something to this package if something is missing here for your stream.
Color and font changes are not accepted.

• Please Note: This item is licensed for personal use only. Commercial use, resale, or distribution to third parties or other platforms is strictly prohibited.

If you have any questions or encounter any issues with this product, please feel free to contact me anytime.

Wolf Night Forest Animated twitch overlay By :
CozyJsStudio => https://cozyjsstudio.etsy.com

🖌️Tools Used: Adobe Photoshop, Adobe Firefly AI, Adobe After Effect, and Adobe Illustrator🖌️



✅If you want to bring your unique vision to life with a fully tailored stream package, please check out my custom commission listing here:

✅Custom Animated Twitch Stream Overlay Full Pack Bundle | OBS Alerts, Screens, Emotes, Badges

🔗 https://cozyjsstudio.etsy.com/listing/4500763545",27.4,USD,2,"twitch_overlays,stream_overlay,Wolf_Overlay,Wolf_Twitch,Wolf_Overlays,twitch_overlay,stream_overlays,Stream_Wolf,Twitch_Stream_wolf,Moonlit_Wolf_overlay,Night_Wolf_Stream,wolf_overlays_twitch,overlay_wolf",,https://i.etsystatic.com/61635066/r/il/3badee/7808569986/il_fullxfull.7808569986_kctc.jpg,https://i.etsystatic.com/61635066/r/il/35ae78/7808578672/il_fullxfull.7808578672_ddms.jpg,https://i.etsystatic.com/61635066/r/il/929fa1/7856518821/il_fullxfull.7856518821_bqo8.jpg,https://i.etsystatic.com/61635066/r/il/b784bf/7808582310/il_fullxfull.7808582310_rn14.jpg,https://i.etsystatic.com/61635066/r/il/ab83a3/7808583112/il_fullxfull.7808583112_elee.jpg,https://i.etsystatic.com/61635066/r/il/a08084/7856507959/il_fullxfull.7856507959_d0sp.jpg,https://i.etsystatic.com/61635066/r/il/e3854b/7808582508/il_fullxfull.7808582508_28f7.jpg,https://i.etsystatic.com/61635066/r/il/eece53/7856522047/il_fullxfull.7856522047_hpp0.jpg,https://i.etsystatic.com/61635066/r/il/1d468b/7856505673/il_fullxfull.7856505673_8kfz.jpg,https://i.etsystatic.com/61635066/r/il/b84de9/7856525013/il_fullxfull.7856525013_giia.jpg,,,,,,,,,,
"Animated Spooky Halloween Twitch Overlay Pack | Room Gothic Cat Stream Package (Digital Download)","Animated Halloween Twitch Overlay Pack | Cute Purple Gothic Gaming Room Stream Package for OBS | YouTube | Kick | Cat Overlays
Stream Overlay, Animated Overlay, Twitch Overlay, Halloween overlay, 

 Cat Stream Overlays:
INSTANT DIGITAL DOWNLOAD
This is a digital product, nothing physical will be shipped.

• What will you get?
When you purchase this product, you’ll get a .PDF file containing a direct link to a Google Drive folder with the complete package.

Package Includes:
Halloween Twitch Screens:
4 Static & 3 Animation Version Screens:
✅ Starting Soon (animated+static) 
✅ Be Right Back (animated+static) 
✅ Stream Ending (animated+static) 
✅ Offline Screen (static) (.PNG format)

Halloween Twitch Overlays/Intermission:
✅ 4 Animated Just Chatting / Intermission Screens: 16:9 (1080x1920) (animated+static) Webm/PNG

Halloween Twitch Facecam :
✅ 2 Animated Facecam Overlay (animated+static)  Webm/PNG

Halloween Twitch Panels :
✅ 30 Panels (.PNG format)

Halloween Twitch Emotes:
✅ 6 Emotes (.PNG format)

Halloween Twitch Sub badges:
✅ 6 Sub badges (.PNG format)

Halloween TwitchAlerts:
✅ 6 Animated Alerts (WEBM format) (animated+static) Webm/PNG

Halloween Twitch Stream Labels:
✅ 4 Animated Stream Labels (animated+static) Webm/PNG

Wallpapers/Background :
✅ 2 Wallpapers (1 Animated, 1 Static) (animated+static) Webm/PNG

Halloween Twitch Stinger Transition:
✅ Animated Stinger Transition (.WEBM transparent)

Halloween Twitch Social Media Kit (BANNERS)
✅ Social Media Kit (Twitch, Twitter, Kick, YouTube Headers) (PNG format)

Tutorial :
✅ PDF Tutorial (How to install your overlays)


Feel free to ask me to add something to this package if something is missing here for your stream.
I can also add a translation, if you need, write to me. (Latin characters only)
Color and font changes are not accepted.

• Please Note: This item is licensed for personal use only. Commercial use, resale, or distribution to third parties or other platforms is strictly prohibited.

If you have any questions or encounter any issues with this product, please feel free to contact me anytime.

Black Cat Animated twitch overlay By:
CozyJsStudio => https://cozyjsstudio.etsy.com

🖌️Tools Used: Adobe Photoshop, Adobe Firefly AI, Adobe After Effect, and Adobe Illustrator🖌️



✅If you want to bring your unique vision to life with a fully tailored stream package, please check out my custom commission listing here:

✅Custom Animated Twitch Stream Overlay Full Pack Bundle | OBS Alerts, Screens, Emotes, Badges

🔗 https://cozyjsstudio.etsy.com/listing/4500763545",24.4,USD,4,"Stream_Overlay_cat,Stream_Overlay,Twitch_Overlay,gothic_Overlay,Spooky_Overlay,Halloween_Twitch,spooky_stream_pack,custom_overlay,Cat_Twitch_Overlay,Gothic_Cat_Overlay,Twitch_overlay_pack,Gothic_twitch,Cat_Overlays",,https://i.etsystatic.com/61635066/r/il/78dbe6/8477114905/il_fullxfull.8477114905_bpql.jpg,https://i.etsystatic.com/61635066/r/il/c9bac6/8477099381/il_fullxfull.8477099381_f22o.jpg,https://i.etsystatic.com/61635066/r/il/ab556b/8429230286/il_fullxfull.8429230286_s1yl.jpg,https://i.etsystatic.com/61635066/r/il/59803f/8429230472/il_fullxfull.8429230472_mkuj.jpg,https://i.etsystatic.com/61635066/r/il/ebfb70/8429230272/il_fullxfull.8429230272_bti9.jpg,https://i.etsystatic.com/61635066/r/il/baefb6/8429230746/il_fullxfull.8429230746_bcaf.jpg,https://i.etsystatic.com/61635066/r/il/8ed9d9/8429230282/il_fullxfull.8429230282_tprp.jpg,https://i.etsystatic.com/61635066/r/il/9d7d6c/8429230292/il_fullxfull.8429230292_nyi1.jpg,https://i.etsystatic.com/61635066/r/il/c8357c/8477099065/il_fullxfull.8477099065_4nnx.jpg,https://i.etsystatic.com/61635066/r/il/1743a7/8477099431/il_fullxfull.8477099431_s18f.jpg,,,,,,,,,,
"Starry Forest Bear Overlay Animated Stream Package: Twitch Overlay, YouTube, Kick | Panda Overlays","Starry Forest Bear Animated Stream Package
Stream Overlay, Animated Overlay, Twitch Overlay, Dragon overlay, Bear Overlay

Bear Stream Overlay :
INSTANT DIGITAL DOWNLOAD
This is a digital product, nothing physical will be shipped .

• What you will get?
When you purchase this product, you’ll get a .PDF file containing a direct link to a Google Drive folder with the complete package.

Package Includes :
Bear Screens :
4 Static & 3 Animation Version Screens :
✅ Starting Soon (animated+static) 
✅ Be Right Back (animated+static) 
✅ Stream Ending (animated+static) 
✅ Offline Screen (static) (.PNG format)

Bear Overlays/Intermission :
✅ 1 Animated Just Chatting / Intermission Screens : 16:9 (1080x1920) (animated+static) Webm/PNG

Bear Facecam :
✅ 1 Animated Facecam Overlay (animated+static)  Webm/PNG

Bear Panels :
✅ 27 Panels (.PNG format)

Bear Twitch Emotes :
✅ 5 Emotes  (.PNG format)

Bear Twitch Sub Badges :
✅ 3 Sub Badges (.PNG format)

Bear Alerts :
✅ 6 Animated Alerts (WEBM format) (animated+static) Webm/PNG

Bear Stream Labels :
✅ 4 Animated Stream Labels (animated+static) Webm/PNG

Bear Wallpapers/Background :
✅ 2 Wallpapers (1 Animated, 1 Static) (animated+static) Webm/PNG

Bear Stinger Transition :
✅ Animated Stinger Transition (.WEBM transparent)

Bear Social Media Kit (BANNERS)
✅ Social Media Kit (Twitch, Twitter, Kick, YouTube Headers) (PNG format)

Tutorial :
✅ PDF Tutorial (How to install your overlays) 

Feel free to ask me to add something to this package if something is missing here for your stream.
Color and font changes are not accepted.

• Please Note: This item is licensed for personal use only. Commercial use, resale, or distribution to third parties or other platforms is strictly prohibited.

If you have any questions or encounter any issues with this product, please feel free to contact me anytime.

Bear twitch overlay
By :
CozyJsStudio => https://cozyjsstudio.etsy.com

🖌️Tools Used: Adobe Photoshop, Adobe Firefly AI, Adobe After Effect, and Adobe Illustrator🖌️



✅If you want to bring your unique vision to life with a fully tailored stream package, please check out my custom commission listing here:

✅Custom Animated Twitch Stream Overlay Full Pack Bundle | OBS Alerts, Screens, Emotes, Badges

🔗 https://cozyjsstudio.etsy.com/listing/4500763545",22.4,USD,3,"Stream_Overlay,Twitch_Overlay,Bear_twitch_overlay,Bear_Overlay,Bear_Twitch,Panda_Overlay,Starry_Overlay,mushroom_overlay,moon_twitch_pack,night_stream,fantasy_overlay,forest_stream,Forest_Overlay",,https://i.etsystatic.com/61635066/r/il/9e0203/7859134683/il_fullxfull.7859134683_7hcf.jpg,https://i.etsystatic.com/61635066/r/il/0c4aec/7811203728/il_fullxfull.7811203728_2y8o.jpg,https://i.etsystatic.com/61635066/r/il/f68e2f/7811206026/il_fullxfull.7811206026_4jhv.jpg,https://i.etsystatic.com/61635066/r/il/360b70/7859153895/il_fullxfull.7859153895_o10v.jpg,https://i.etsystatic.com/61635066/r/il/bfe32f/7859150617/il_fullxfull.7859150617_sd47.jpg,https://i.etsystatic.com/61635066/r/il/6de7ed/7859151599/il_fullxfull.7859151599_amvj.jpg,https://i.etsystatic.com/61635066/r/il/52f5b2/7859148785/il_fullxfull.7859148785_37wa.jpg,https://i.etsystatic.com/61635066/r/il/e70f75/7859130297/il_fullxfull.7859130297_5bzd.jpg,https://i.etsystatic.com/61635066/r/il/4d02b9/7811206020/il_fullxfull.7811206020_je2p.jpg,https://i.etsystatic.com/61635066/r/il/534fe6/7859127899/il_fullxfull.7859127899_7qc3.jpg,,,,,,,,,,
"Green Anime Girl Black Cat Animated Stream Package: Twitch Overlay, YouTube, Kick | Nature Overlays","Green Anime Girl Black Cat Animated Stream Package
Stream Overlay, Animated Overlay, Twitch Overlay, Green Anime Girl Black Cat overlays, 

Stream Overlay :
INSTANT DIGITAL DOWNLOAD
This is a digital product, nothing physical will be shipped .

• What you will get?
When you purchase this product, you’ll get a .PDF file containing a direct link to a Google Drive folder with the complete package.

Package Includes :
Screens :
4 Static & 3 Animation Version Screens :
✅ Starting Soon (animated+static) 
✅ Be Right Back (animated+static) 
✅ Stream Ending (animated+static) 
✅ Offline Screen (static) (.PNG format)

Overlays/Intermission :
✅ 2 Animated Just Chatting / Intermission Screens : 16:9 (1080x1920) (animated+static) Webm/PNG

Facecam :
✅ 2 Animated Facecam Overlay (animated+static)  Webm/PNG

Panels :
✅ 27 Panels (.PNG format)

Alerts :
✅ 6 Animated Alerts (WEBM format) (animated+static) Webm/PNG

Twitch Emotes :
✅ 5 Twitch Emotes (WEBM format) (static) PNG

Twitch Emotes :
✅ 3 Twitch Sub-Badges (WEBM format) (static) PNG

Stream Labels :
✅ 4 Animated Stream Labels (animated+static) Webm/PNG

Wallpapers/Background :
✅ 2 Wallpapers (1 Animated, 1 Static) (animated+static) Webm/PNG

Stinger Transition :
✅ Animated Stinger Transition (.WEBM transparent)

Social Media Kit (BANNERS)
✅ Social Media Kit (Twitch, Twitter, Kick, YouTube Headers) (PNG format)

Tutorial :
✅ PDF Tutorial (How to install your overlays) 

Feel free to ask me to add something to this package if something is missing here for your stream.
Color and font changes are not accepted.

• Please Note: This item is licensed for personal use only. Commercial use, resale, or distribution to third parties or other platforms is strictly prohibited.

If you have any questions or encounter any issues with this product, please feel free to contact me anytime.

Animated twitch overlay By :
CozyJsStudio => https://cozyjsstudio.etsy.com

🖌️Tools Used: Adobe Photoshop, Adobe Firefly AI, Adobe After Effect, and Adobe Illustrator🖌️



✅If you want to bring your unique vision to life with a fully tailored stream package, please check out my custom commission listing here:

✅Custom Animated Twitch Stream Overlay Full Pack Bundle | OBS Alerts, Screens, Emotes, Badges

🔗 https://cozyjsstudio.etsy.com/listing/4500763545",24.4,USD,4,"twitch_overlay,twitch_overlays,twitch_overlay_anime,stream_overlays,stream_overlay,anime_girl_overlay,vtuber_overlay,nature_overlay,black_cat_overlay,green_stream_overlay,animated_overlay,obs_overlay_pack,Nature_Streams",,https://i.etsystatic.com/61635066/r/il/382880/7728885730/il_fullxfull.7728885730_ixwp.jpg,https://i.etsystatic.com/61635066/r/il/15d6d4/7776821015/il_fullxfull.7776821015_576z.jpg,https://i.etsystatic.com/61635066/r/il/9809a6/7776818351/il_fullxfull.7776818351_4wjz.jpg,https://i.etsystatic.com/61635066/r/il/e40060/7728874486/il_fullxfull.7728874486_hx2y.jpg,https://i.etsystatic.com/61635066/r/il/57be67/7776817681/il_fullxfull.7776817681_76bx.jpg,https://i.etsystatic.com/61635066/r/il/291e66/7776819725/il_fullxfull.7776819725_ele7.jpg,https://i.etsystatic.com/61635066/r/il/9805b5/7728884698/il_fullxfull.7728884698_2z5y.jpg,https://i.etsystatic.com/61635066/r/il/976d2f/7728882044/il_fullxfull.7728882044_c6as.jpg,https://i.etsystatic.com/61635066/r/il/d7fbe4/7776825247/il_fullxfull.7776825247_36g2.jpg,https://i.etsystatic.com/61635066/r/il/6c75b5/7776821057/il_fullxfull.7776821057_dtgq.jpg,,,,,,,,,,
"Sakura Panda Jars Twitch Badges | Kawaii Sub, Bit, Channel Icons (Digital Download)","SAKURA PANDA JARS TWITCH BADGES

Give your subscribers an adorable badge progression to level up through with six cute pandas nestled inside magical glass jars filled with cherry blossoms, daisies, bamboo leaves, golden sparkles, and dreamy pastel colors.

Each badge represents a new progression level, beginning with a tiny sleeping panda and gradually transforming into a majestic celestial panda surrounded by blooming flowers, ornate golden decorations, a glowing halo, and a beautiful pink gemstone.

Perfect for cozy, kawaii, floral, cottagecore, fantasy, nature, and lofi-style Twitch channels looking for a charming badge set their community will love.

🌸 INSTANT DIGITAL DOWNLOAD

This is a digital product. No physical item will be shipped.

After purchasing, you will receive a PDF file containing a direct link to the Google Drive folder with the complete package.

🐼 PACKAGE INCLUDES

✅ 6 Sakura Panda Jar Sub Badges
✅ Sub-badge sizes: 18×18, 36×36, and 72×72 px
✅ Emote and channel-point sizes: 28×28, 56×56, and 112×112 px
✅ Bonus 200×200 px versions
✅ High-quality PNG format
✅ Transparent backgrounds
✅ Ready to upload directly to Twitch

These icons are suitable for:

• Twitch subscriber badges
• Twitch Bit and Cheer badges
• Twitch channel-point rewards
• Kick subscriber badges
• YouTube membership badges
• Discord role icons

📌 PLEASE NOTE

This product is licensed for personal use only. Commercial use, resale, redistribution, sharing, copying, or uploading the files for sale on other platforms is strictly prohibited.

Because this is a digital download, no physical item will be delivered.

If you have any questions or experience an issue with your files, please feel free to contact me anytime. I’ll be happy to help!

Twitch Overlays and Assets by CozyJsStudio:
https://cozyjsstudio.etsy.com

🖌️ Tools Used: Adobe Photoshop and Adobe Firefly AI

✨ WANT A MATCHING CUSTOM TWITCH PACKAGE?

Complete your channel with matching Starting Soon screens, alerts, panels, emotes, overlays, and other custom stream assets:

https://cozyjsstudio.etsy.com/listing/4500763545",6.29,USD,6,"panda_twitch_badge,panda_sub_badges,sakura_jar_badges,twitch_badges,sub_badge_set,bit_badges,channel_point_icon,discord_role_icons,cute_stream_badges,kawaii_panda,floral_twitch_badge,panda_emotes,twitch_reward_icons",,https://i.etsystatic.com/61635066/r/il/19e1f2/8365495070/il_fullxfull.8365495070_9b0h.jpg,https://i.etsystatic.com/61635066/r/il/24c3a9/8413374601/il_fullxfull.8413374601_gbpn.jpg,https://i.etsystatic.com/61635066/r/il/50c010/8365494964/il_fullxfull.8365494964_rfy9.jpg,https://i.etsystatic.com/61635066/r/il/1888aa/8365494194/il_fullxfull.8365494194_skgf.jpg,https://i.etsystatic.com/61635066/r/il/1ccbf8/8413374329/il_fullxfull.8413374329_7c4z.jpg,https://i.etsystatic.com/61635066/r/il/c2422e/8413374617/il_fullxfull.8413374617_jzry.jpg,https://i.etsystatic.com/61635066/r/il/9714b6/8413373783/il_fullxfull.8413373783_rqf9.jpg,https://i.etsystatic.com/61635066/r/il/070703/8365494928/il_fullxfull.8365494928_r70d.jpg,https://i.etsystatic.com/61635066/r/il/e500f7/8413373787/il_fullxfull.8413373787_ct8m.jpg,https://i.etsystatic.com/61635066/r/il/1b860c/8413373751/il_fullxfull.8413373751_lkkt.jpg,,,,,,,,,,
"Royal Purple Night Animated Screens: For Twitch Overlay, YouTube, Kick | Dark Elegant Overlays","Royal Purple Night Twitch Overlay 
Stream Overlay, Animated Overlay, Royal Purple Night screens , Starting Soon, Be Right Back, Stream Ending, Stream Offline, Stream Overlay  Dark Elegant Twitch
------------------------------------
Stream Screen, Cat Cozy Room Overlays :
INSTANT DIGITAL DOWNLOAD
This is a digital product, nothing physical will be shipped .

• What you will get?
When you purchase this product, you’ll get a .PDF file containing a direct link to a Google Drive folder with the complete package.

=>What You’ll Receive:
Package Includes :
Screens :
3 Animation Version Screens & 4 Static :
✅ Starting Soon (animated+static)
✅ Be Right Back (animated+static)
✅ Stream Ending (animated+static)
✅ Stream Offline (static) (.PNG format) X2


Feel free to ask me to add something to this package if something is missing here for your stream.
Color and font changes are not accepted.

• Please Note: This item is licensed for personal use only. Commercial use, resale, or distribution to third parties or other platforms is strictly prohibited.

If you have any questions or encounter any issues with this product, please feel free to contact me anytime.

Twitch Screens By :
COZYJSSTUDIO => https://cozyjsstudio.etsy.com

🖌️Tools Used: Adobe Photoshop, Adobe Firefly AI, Adobe After Effect, and Adobe Illustrator🖌️



✅If you want to bring your unique vision to life with a fully tailored stream package, please check out my custom commission listing here:

✅Custom Animated Twitch Stream Overlay Full Pack Bundle | OBS Alerts, Screens, Emotes, Badges

🔗 https://cozyjsstudio.etsy.com/listing/4500763545",13.4,USD,6,"Stream_Overlay,package_stream,stream_vtuber,vtuber_stream_pack,royal_twitch_overlay,Gift_for_Her,Purple_Overlay,night_aesthetic,animated_stream_pack,purple_gold_twitch,Twitch_Overlay,stream_overlay_rose,overlay_purple",,https://i.etsystatic.com/61635066/r/il/084b7a/7539978002/il_fullxfull.7539978002_t3mg.jpg,https://i.etsystatic.com/61635066/r/il/65490a/7539977862/il_fullxfull.7539977862_gf1d.jpg,https://i.etsystatic.com/61635066/r/il/32c2e6/7587915863/il_fullxfull.7587915863_to9g.jpg,https://i.etsystatic.com/61635066/r/il/e41c52/7539977848/il_fullxfull.7539977848_pegm.jpg,https://i.etsystatic.com/61635066/r/il/744922/7587916039/il_fullxfull.7587916039_ed49.jpg,https://i.etsystatic.com/61635066/r/il/597961/7587916017/il_fullxfull.7587916017_3sbk.jpg,https://i.etsystatic.com/61635066/r/il/4b308c/7539977660/il_fullxfull.7539977660_n0f1.jpg,https://i.etsystatic.com/61635066/r/il/0d593a/7587915499/il_fullxfull.7587915499_jgtb.jpg,,,,,,,,,,,,
"Wolf Overlay Animated Stream Package: Twitch, YouTube, Kick | Setup Room Sakura Overlays","Animated Wolf & Sakura stream package preview for Twitch, YouTube, and Kick. This cherry blossom stream pack features a pastel pink Japanese gaming setup room aesthetic. Perfect for a cozy black, white, and pink Sakura Twitch aesthetic! Elevate your stream with these cute, animated overlays.

Wolf Stream Overlays:
INSTANT DIGITAL DOWNLOAD
This is a digital product, nothing physical will be shipped.

• What will you get?
When you purchase this product, you’ll get a .PDF file containing a direct link to a Google Drive folder with the complete package.

Package Includes:
Wolf Screens:
4 Static & 3 Animation Version Screens:
✅ Starting Soon (animated & static)
✅ Be Right Back (animated & static)
✅ Stream Ending (animated & static)
✅ Offline Screen (static) (.PNG format)

Wolf Overlays/Intermission:
✅ 4 Animated Just Chatting / Intermission Screens: 16:9 (1080x1920) (animated & static) WEBm/PNG

Wolf Facecams :
✅ 2 Animated Facecam Overlay (animated & static) WEBm/PNG

Wolf Panels:
✅ 28 Panels (.PNG format)

Wolf Twitch Emotes:
✅ 5 Twitch Emotes (.PNG format)

Wolf Sub Badges:
✅ 3 Sub Badges (.PNG format)

Wolf Alerts:
✅ 6 Animated Alerts (WEBM format) (animated & static) WEBm/PNG

Wolf Stream Labels:
✅ 4 Animated Stream Labels (animated & static) WEBm/PNG

Wallpapers/Background:
✅ 2 Wallpapers (1 Animated, 1 Static) (animated & static) WEBm/PNG

Wolf Stinger Transition:
✅ Animated Stinger Transition (. WEBM transparent)

Wolf Social Media Kit (BANNERS)
✅ social media Kit (Twitch, Twitter, Kick, YouTube Headers) (PNG format)

Tutorial:
✅ PDF Tutorial (How to install your overlays)

Feel free to ask me to add something to this package if something is missing here for your stream.
I can also add a translation, if you need, write to me. (Latin characters only)
Color and font changes are not accepted.

• Please Note: This item is licensed for personal use only. Commercial use, resale, or distribution to third parties or other platforms is strictly prohibited.

If you have any questions or encounter any issues with this product, please feel free to contact me anytime.

Wolf Animated twitch overlay by:
CozyJsStudio => https://cozyjsstudio.etsy.com

🖌️Tools Used: Adobe Photoshop, Adobe Firefly AI, Adobe After Effect, and Adobe Illustrator🖌️



✅If you want to bring your unique vision to life with a fully tailored stream package, please check out my custom commission listing here:

✅Custom Animated Twitch Stream Overlay Full Pack Bundle | OBS Alerts, Screens, Emotes, Badges

🔗 https://cozyjsstudio.etsy.com/listing/4500763545",22.4,USD,6,"twitch_overlay,twitch_overlays,twitch_overlay_anime,stream_overlays,stream_overlay,Sakura_overlay,Setup_Overlay,Wolf_Overlay,Wolf_Twitch,Wolf_Overlays,Sakura_Dreams,Cherry_Blossom_Theme,Sakura_Petals_Stream",,https://i.etsystatic.com/61635066/r/il/bb6013/7926113872/il_fullxfull.7926113872_iu5x.jpg,https://i.etsystatic.com/61635066/r/il/63ead6/7974073537/il_fullxfull.7974073537_npkn.jpg,https://i.etsystatic.com/61635066/r/il/1e44b9/7974082573/il_fullxfull.7974082573_fpw0.jpg,https://i.etsystatic.com/61635066/r/il/9b2158/7974082813/il_fullxfull.7974082813_2dck.jpg,https://i.etsystatic.com/61635066/r/il/4c3ed5/7974081699/il_fullxfull.7974081699_et6k.jpg,https://i.etsystatic.com/61635066/r/il/19eeb2/7974076419/il_fullxfull.7974076419_esbw.jpg,https://i.etsystatic.com/61635066/r/il/953664/7926110370/il_fullxfull.7926110370_om76.jpg,https://i.etsystatic.com/61635066/r/il/05a7d4/7926130506/il_fullxfull.7926130506_lrw1.jpg,https://i.etsystatic.com/61635066/r/il/c445b5/7974065337/il_fullxfull.7974065337_8b4i.jpg,https://i.etsystatic.com/61635066/r/il/1020ee/7926120186/il_fullxfull.7926120186_a0qb.jpg,,,,,,,,,,
"Train Sunset Rabbit Overlay Animated Stream Package: For Twitch, YouTube, Kick | Train overlays","Train Sunset Rabbit Overlay Animated Stream Package
Stream Overlay, Animated Overlay, Twitch Overlay, Coffee overlay, 

Rabbit Stream Overlays :
INSTANT DIGITAL DOWNLOAD
This is a digital product, nothing physical will be shipped .

• What you will get?
When you purchase this product, you’ll get a .PDF file containing a direct link to a Google Drive folder with the complete package.

Package Includes :
Rabbit Screens :
4 Static & 3 Animation Version Screens :
✅ Starting Soon (animated+static) 
✅ Be Right Back (animated+static) 
✅ Stream Ending (animated+static) 
✅ Offline Screen (static) (.PNG format)

Rabbit Overlays/Intermission :
✅ 4 Animated Just Chatting / Intermission Screens : 16:9 (1080x1920) (animated+static) Webm/PNG

Rabbit Facecam :
✅ 2 Animated Facecam Overlay (animated+static)  Webm/PNG

Rabbit Panels :
✅ 30 Panels (.PNG format)

Rabbit Twitch Emotes :
✅ 5 Twitch Emotes (.PNG format)

Rabbit Sub Badges :
✅ 3 Sub Badges (.PNG format)

Rabbit Alerts :
✅ 6 Animated Alerts (WEBM format) (animated+static) Webm/PNG

Rabbit Stream Labels :
✅ 4 Animated Stream Labels (animated+static) Webm/PNG

Wallpapers/Background :
✅ 2 Wallpapers (1 Animated, 1 Static) (animated+static) Webm/PNG

Rabbit Stinger Transition :
✅ Animated Stinger Transition (.WEBM transparent)

Rabbit Social Media Kit (BANNERS)
✅ Social Media Kit (Twitch, Twitter, Kick, YouTube Headers) (PNG format)

Tutorial :
✅ PDF Tutorial (How to install your overlays) 

Feel free to ask me to add something to this package if something is missing here for your stream.
I can also add a translation, if you need, write to me. (Latin characters only)
Color and font changes are not accepted.

• Please Note: This item is licensed for personal use only. Commercial use, resale, or distribution to third parties or other platforms is strictly prohibited.

If you have any questions or encounter any issues with this product, please feel free to contact me anytime.

Note: My design process combines manual digital craftsmanship with AI-enhanced tools to achieve the perfect balance of detail, color, and quality.

Rabbit Twitch Overlay 
By :
CozyJsStudio => https://cozyjsstudio.etsy.com

🖌️Tools Used: Adobe Photoshop, Adobe Firefly AI, Adobe After Effect, and Adobe Illustrator🖌️



✅If you want to bring your unique vision to life with a fully tailored stream package, please check out my custom commission listing here:

✅Custom Animated Twitch Stream Overlay Full Pack Bundle | OBS Alerts, Screens, Emotes, Badges

🔗 https://cozyjsstudio.etsy.com/listing/4500763545",24.4,USD,6,"Coffee_Overlay,Coffee_Twitch,Rabbit_Overlay,Stream_Overlay,Twitch_Overlay,Rabbit_Twitch_Pack,Rabbit_Twitch,Sakura_Overlay,Train_Overlay,Train_Rabbit,Twitch_Rabbit,Bunny_Overlay,Stream_Rabbit",,https://i.etsystatic.com/61635066/r/il/3f7299/7999931874/il_fullxfull.7999931874_aiqb.jpg,https://i.etsystatic.com/61635066/r/il/acf7d2/8047857593/il_fullxfull.8047857593_qesb.jpg,https://i.etsystatic.com/61635066/r/il/eaf8eb/8038333341/il_fullxfull.8038333341_qzze.jpg,https://i.etsystatic.com/61635066/r/il/f58e2c/7990396110/il_fullxfull.7990396110_kf8o.jpg,https://i.etsystatic.com/61635066/r/il/1525bd/8038332281/il_fullxfull.8038332281_nkmv.jpg,https://i.etsystatic.com/61635066/r/il/68e59b/8047857307/il_fullxfull.8047857307_heac.jpg,https://i.etsystatic.com/61635066/r/il/ed31a0/7990394536/il_fullxfull.7990394536_o67q.jpg,https://i.etsystatic.com/61635066/r/il/606b9a/8047861119/il_fullxfull.8047861119_6ibj.jpg,https://i.etsystatic.com/61635066/r/il/700157/8038333569/il_fullxfull.8038333569_9yd4.jpg,https://i.etsystatic.com/61635066/r/il/8e866b/7999927066/il_fullxfull.7999927066_hkep.jpg,,,,,,,,,,
"Custom Animated Twitch Stream Overlay Full Pack Bundle| OBS Alerts, Screens, Emotes, Badges, Custom Panels","✨ CUSTOM STREAM OVERLAY PACKAGE ✨
Personalized Designs for Twitch, Kick, YouTube & TikTok

📩 PLEASE MESSAGE ME BEFORE PURCHASING

Every streamer has a different vision, so every custom order is priced individually. Some clients need only a few overlays or alerts, while others need a complete animated stream package designed from scratch.

Custom projects start at $60 USD. The final price depends on the number of assets, design complexity, animation, characters, mascots, and any additional requirements.

Please contact me before ordering so we can discuss your vision, confirm the price, and agree on the project timeline.

🎨 WHAT CAN I CREATE?

Your personalized stream package may include:

✅ Starting Soon, Be Right Back, Stream Ending & Offline Screens
✅ Just Chatting, Intermission & Gameplay Overlays
✅ Static or Animated Stream Screens
✅ Webcam Frames & Chat Boxes
✅ Twitch Alerts & Event Animations
✅ Stinger Transitions
✅ Twitch Panels
✅ Profile Banners & Offline Banners
✅ Emotes & Animated Emotes
✅ Subscriber Badges, Bit Badges & Channel Point Icons
✅ Mascots, Characters & Logo Designs
✅ Matching YouTube, Kick, Discord, TikTok & Shorts Assets
✅ Stream Schedules, Wallpapers and other personalized extras

Only the items confirmed during our consultation will be included in your custom order.

💖 WHY CHOOSE COZYJSSTUDIO?

✨ A design created specifically around your channel
✨ Cohesive colors, theme and visual identity
✨ High-quality, stream-ready files
✨ Static and animated options available
✨ Regular previews throughout the design process
✨ Revisions included within the agreed concept
✨ Friendly communication and personalized support

Whether your style is cozy, kawaii, fantasy, gothic, spooky, gaming, celestial, floral or completely unique, I will work with you to create a stream identity that feels truly yours.

📝 HOW THE PROCESS WORKS

1. Send me a message before ordering.

2. Tell me about your channel, theme, colors, preferred style and the assets you need.

3. Send any references, character pictures, pets, logos or inspiration images you would like included.

4. I will provide a custom quote, list of deliverables and estimated completion time.

5. After purchase, I will begin creating your designs and send previews for your approval.

6. You can request revisions that remain aligned with the original agreed concept.

7. Once approved, your final files will be delivered in the appropriate stream-ready formats.

⏳ TURNAROUND TIME

The estimated timeline will be confirmed before purchase. Completion time depends on the size and complexity of the package, animation requirements and response time during revisions.

If you have a specific deadline, please mention it before ordering. Rush delivery may require an additional fee and is subject to availability.

📌 CUSTOM ORDER TERMS

1. MESSAGE BEFORE PURCHASING
   Please do not purchase this listing until we have agreed on the project details, deliverables, price and timeline.

2. LIMITED AVAILABILITY
   A limited number of custom projects are accepted each month so every order receives the attention and quality it deserves.

3. REVISIONS
   Revisions are included during the design process as long as they remain consistent with the original approved brief. Major concept changes, additional assets or a completely new direction may require an extra fee.

4. CANCELLATIONS & REFUNDS
   Because custom digital products are made specifically for each client, cancellations and refunds are not available after the design process has started. A refund may be considered if work has not yet begun or if I am unable to complete the agreed project.

5. PERSONAL USAGE RIGHTS
   The completed designs may be used on your personal Twitch, YouTube, Kick, TikTok, Discord and other content-creation channels.

You may not resell, redistribute, share, sublicense or claim the artwork as your own creation.

6. COMMERCIAL USE
   Merchandise, resale, redistribution, NFT use, branding for products or other commercial applications are not included. A separate commercial license must be discussed and purchased in advance.

7. COPYRIGHT & OWNERSHIP
   CozyJsStudio retains the copyright and ownership of the original artwork and concepts unless a separate written copyright-transfer agreement is purchased.

8. SOURCE FILES
   you’ll get a .PDF file containing a direct link to a Google Drive folder with the complete package.

9. CLIENT COMMUNICATION
    Please respond within a reasonable timeframe when previews or questions are sent. Delayed responses may affect the agreed completion date.

10. AGREEMENT
    By purchasing a custom order, you confirm that you have read and accepted these terms.

✨ LET’S CREATE YOUR DREAM STREAM ✨

Your channel deserves a visual identity that reflects your personality and makes your community feel at home.

Send me a message with your ideas, preferred colors, theme and required assets, and I will help you build the perfect custom stream package.

📩 Please contact CozyJsStudio before purchasing.",1179.8,USD,3,"Twitch_Overlay,Stream_Overlay,Obs_Ovelay,Twitch_custom,stream_package,Custom_Overlay,twitch_overlays,twitch_overlay_anime,stream_overlays,Sakura_overlay,stream_Pack,twitch,custom_panels_twitch",,https://i.etsystatic.com/61635066/r/il/6623c2/8359118528/il_fullxfull.8359118528_9o3y.jpg,https://i.etsystatic.com/61635066/r/il/962a75/8359228286/il_fullxfull.8359228286_sjxy.jpg,https://i.etsystatic.com/61635066/r/il/8f5113/8359118504/il_fullxfull.8359118504_oo3q.jpg,https://i.etsystatic.com/61635066/r/il/d12b8d/8359117016/il_fullxfull.8359117016_g9y7.jpg,https://i.etsystatic.com/61635066/r/il/fbba0f/8051286683/il_fullxfull.8051286683_4jpe.jpg,https://i.etsystatic.com/61635066/r/il/3a2d33/8003340542/il_fullxfull.8003340542_axn8.jpg,https://i.etsystatic.com/61635066/r/il/640817/8051263741/il_fullxfull.8051263741_phjd.jpg,https://i.etsystatic.com/61635066/r/il/44a592/8051263977/il_fullxfull.8051263977_dyye.jpg,https://i.etsystatic.com/61635066/r/il/a558c1/8051263661/il_fullxfull.8051263661_emwy.jpg,https://i.etsystatic.com/61635066/r/il/887bea/8003363024/il_fullxfull.8003363024_a1tm.jpg,,,,,,,,,,
"Animated Halloween Twitch Stream Overlay Pack | Purple Gothic Axolotl Gaming (Digital Download)","Animated Halloween Twitch Overlay Pack | Cute Purple Gothic Gaming Room Stream Package for OBS | YouTube | Kick | Axolotl Overlays
Stream Overlay, Animated Overlay, Twitch Overlay, Halloween overlay, 

 Cat Stream Overlays:
INSTANT DIGITAL DOWNLOAD
This is a digital product, nothing physical will be shipped.

• What will you get?
When you purchase this product, you’ll get a .PDF file containing a direct link to a Google Drive folder with the complete package.

Package Includes:
Halloween Twitch Screens:
4 Static & 3 Animation Version Screens:
✅ Starting Soon (animated+static) 
✅ Be Right Back (animated+static) 
✅ Stream Ending (animated+static) 
✅ Offline Screen (static) (.PNG format)

Halloween Twitch Overlays/Intermission:
✅ 4 Animated Just Chatting / Intermission Screens: 16:9 (1080x1920) (animated+static) Webm/PNG

Halloween Twitch Facecam :
✅ 2 Animated Facecam Overlay (animated+static)  Webm/PNG

Halloween Twitch Panels :
✅ 30 Panels (.PNG format)

Halloween Twitch Emotes:
✅ 6 Emotes (.PNG format)

Halloween TwitchAlerts:
✅ 6 Animated Alerts (WEBM format) (animated+static) Webm/PNG

Halloween Twitch Stream Labels:
✅ 4 Animated Stream Labels (animated+static) Webm/PNG

Wallpapers/Background :
✅ 2 Wallpapers (1 Animated, 1 Static) (animated+static) Webm/PNG

Halloween Twitch Stinger Transition:
✅ Animated Stinger Transition (.WEBM transparent)

Halloween Twitch Social Media Kit (BANNERS)
✅ Social Media Kit (Twitch, Twitter, Kick, YouTube Headers) (PNG format)

Tutorial :
✅ PDF Tutorial (How to install your overlays)


Feel free to ask me to add something to this package if something is missing here for your stream.
I can also add a translation, if you need, write to me. (Latin characters only)
Color and font changes are not accepted.

• Please Note: This item is licensed for personal use only. Commercial use, resale, or distribution to third parties or other platforms is strictly prohibited.

If you have any questions or encounter any issues with this product, please feel free to contact me anytime.

Black Cat Animated twitch overlay By:
CozyJsStudio => https://cozyjsstudio.etsy.com

🖌️Tools Used: Adobe Photoshop, Adobe Firefly AI, Adobe After Effect, and Adobe Illustrator🖌️



✅If you want to bring your unique vision to life with a fully tailored stream package, please check out my custom commission listing here:

✅Custom Animated Twitch Stream Overlay Full Pack Bundle | OBS Alerts, Screens, Emotes, Badges

🔗 https://cozyjsstudio.etsy.com/listing/4500763545",24.4,USD,4,"Stream_Overlay_cat,Stream_Overlay,Twitch_Overlay,gothic_Overlay,Spooky_Overlay,Halloween_Twitch,spooky_stream_pack,custom_overlay,Cat_Twitch_Overlay,Gothic_Cat_Overlay,Twitch_overlay_pack,Gothic_twitch,axolotl_overlays",,https://i.etsystatic.com/61635066/r/il/7303ba/8351905314/il_fullxfull.8351905314_h7y7.jpg,https://i.etsystatic.com/61635066/r/il/6d1dff/8399535429/il_fullxfull.8399535429_69u6.jpg,https://i.etsystatic.com/61635066/r/il/05a2ae/8351293186/il_fullxfull.8351293186_rj0i.jpg,https://i.etsystatic.com/61635066/r/il/684c85/8399019825/il_fullxfull.8399019825_kfmt.jpg,https://i.etsystatic.com/61635066/r/il/06c6ea/8351290310/il_fullxfull.8351290310_bgem.jpg,https://i.etsystatic.com/61635066/r/il/1f713e/8351652296/il_fullxfull.8351652296_778j.jpg,https://i.etsystatic.com/61635066/r/il/90cad8/8399019677/il_fullxfull.8399019677_r5cw.jpg,https://i.etsystatic.com/61635066/r/il/75ef49/8399019537/il_fullxfull.8399019537_2qxm.jpg,https://i.etsystatic.com/61635066/r/il/9dd25d/8351677364/il_fullxfull.8351677364_b3y9.jpg,https://i.etsystatic.com/61635066/r/il/9f1e8d/8351217968/il_fullxfull.8351217968_e913.jpg,,,,,,,,,,
"Panda Room Setup Animated Stream Pack | Twitch Overlay | YouTube, Kick | Purple Neon Overlays","Panda Sakura moon animated twitch overlay stream pack | stream overlay and stream overlays | twitch overlay anime style | Panda overlay and anime overlay | Sakura overlay with moon Sakura overlays | Japan overlay aesthetic | Setup overlay theme | twitch package for streaming | streaming graphics | YouTube and Kick overlay | dark calm color aesthetic stream screens

Panda Sakura Moon Setup Stream Overlays:
INSTANT DIGITAL DOWNLOAD
This is a digital product, nothing physical will be shipped.

• What will you get?
When you purchase this product, you’ll get a .PDF file containing a direct link to a Google Drive folder with the complete package.

Package Includes:
Panda Sakura Moon Setup Screens:
4 Static & 3 Animation Version Screens:
✅ Starting Soon (animated & static)
✅ Be Right Back (animated & static)
✅ Stream Ending (animated & static)
✅ Offline Screen (static) (.PNG format)

Panda Sakura Moon Setup Overlays/Intermission:
✅ 4 Animated Just Chatting / Intermission Screens: 16:9 (1080x1920) (animated & static) WEBm/PNG

Panda Sakura Moon Setup Facecams :
✅ 2 Animated Facecam Overlay (animated & static) WEBm/PNG

Panda Sakura Moon Setup Panels:
✅ 28 Panels (.PNG format)

Panda Sakura Moon Setup Twitch Emotes:
✅ 5 Twitch Emotes (.PNG format)

Panda Sakura Moon Setup Sub Badges:
✅ 3 Sub Badges (.PNG format)

Panda Sakura Moon Setup Alerts:
✅ 6 Animated Alerts (WEBM format) (animated & static) WEBm/PNG

Panda Sakura Moon Setup Stream Labels:
✅ 4 Animated Stream Labels (animated & static) WEBm/PNG

Wallpapers/Background:
✅ 2 Wallpapers (1 Animated, 1 Static) (animated & static) WEBm/PNG

Panda Sakura Moon Setup Stinger Transition:
✅ Animated Stinger Transition (. WEBM transparent)

Panda Sakura Moon Setup Social Media Kit (BANNERS)
✅ social media Kit (Twitch, Twitter, Kick, YouTube Headers) (PNG format)

Tutorial:
✅ PDF Tutorial (How to install your overlays)

Feel free to ask me to add something to this package if something is missing here for your stream.
I can also add a translation, if you need, write to me. (Latin characters only)
Color and font changes are not accepted.

• Please Note: This item is licensed for personal use only. Commercial use, resale, or distribution to third parties or other platforms is strictly prohibited.

If you have any questions or encounter any issues with this product, please feel free to contact me anytime.

Panda Sakura Moon Setup Animated twitch overlay by:
CozyJsStudio => https://cozyjsstudio.etsy.com

🖌️Tools Used: Adobe Photoshop, Adobe Firefly AI, Adobe After Effect, and Adobe Illustrator🖌️



✅If you want to bring your unique vision to life with a fully tailored stream package, please check out my custom commission listing here:

✅Custom Animated Twitch Stream Overlay Full Pack Bundle | OBS Alerts, Screens, Emotes, Badges

🔗 https://cozyjsstudio.etsy.com/listing/4500763545",22.4,USD,7,"cozy_Panda_overlay,Panda_Overlay,stream_overlay,twitch_overlay,Panda_gaming_room,aesthetic_overlay,cute_Panda_overlay,gaming_room_twitch,Panda_Twitch_Overlay,Panda_Twitch,Twitch_Overlay_Panda,Stream_Overlay_Panda,Panda_Twitch_Pack",,https://i.etsystatic.com/61635066/r/il/a792d4/7987513949/il_fullxfull.7987513949_kqm9.jpg,https://i.etsystatic.com/61635066/r/il/e3c163/7939546510/il_fullxfull.7939546510_oisj.jpg,https://i.etsystatic.com/61635066/r/il/650232/7939514648/il_fullxfull.7939514648_bpi3.jpg,https://i.etsystatic.com/61635066/r/il/d0c384/7939515026/il_fullxfull.7939515026_hfcf.jpg,https://i.etsystatic.com/61635066/r/il/b6bf46/7987475383/il_fullxfull.7987475383_6kda.jpg,https://i.etsystatic.com/61635066/r/il/c7adc3/7987476735/il_fullxfull.7987476735_4ipj.jpg,https://i.etsystatic.com/61635066/r/il/ac5734/7987512273/il_fullxfull.7987512273_eqow.jpg,https://i.etsystatic.com/61635066/r/il/5e3c01/7987469949/il_fullxfull.7987469949_sg89.jpg,https://i.etsystatic.com/61635066/r/il/601660/7987512645/il_fullxfull.7987512645_jzb2.jpg,https://i.etsystatic.com/61635066/r/il/1f5120/7987513157/il_fullxfull.7987513157_tou6.jpg,,,,,,,,,,
"Wolf Sakura Moon Setup Animated Stream Pack | Twitch Overlay | YouTube, Kick | Purple Room Overlays","Wolf Sakura Delight animated twitch overlay stream pack | stream overlay and stream overlays | twitch overlay anime style | Wolf overlay and anime overlay | Sakura overlay with moon Sakura overlays | Japan overlay aesthetic | Setup overlay theme | twitch package for streaming | streaming graphics | YouTube and Kick overlay | dark calm color aesthetic stream screens

Wolf Sakura Moon Setup Stream Overlays:
INSTANT DIGITAL DOWNLOAD
This is a digital product, nothing physical will be shipped.

• What will you get?
When you purchase this product, you’ll get a .PDF file containing a direct link to a Google Drive folder with the complete package.

Package Includes:
Wolf Sakura Moon Setup Screens:
4 Static & 3 Animation Version Screens:
✅ Starting Soon (animated & static)
✅ Be Right Back (animated & static)
✅ Stream Ending (animated & static)
✅ Offline Screen (static) (.PNG format)

Wolf Sakura Moon Setup Overlays/Intermission:
✅ 4 Animated Just Chatting / Intermission Screens: 16:9 (1080x1920) (animated & static) WEBm/PNG

Wolf Sakura Moon Setup Facecams :
✅ 2 Animated Facecam Overlay (animated & static) WEBm/PNG

Wolf Sakura Moon Setup Panels:
✅ 28 Panels (.PNG format)

Wolf Sakura Moon Setup Twitch Emotes:
✅ 5 Twitch Emotes (.PNG format)

Wolf Sakura Moon Setup Sub Badges:
✅ 3 Sub Badges (.PNG format)

Wolf Sakura Moon Setup Alerts:
✅ 6 Animated Alerts (WEBM format) (animated & static) WEBm/PNG

Wolf Sakura Moon Setup Stream Labels:
✅ 4 Animated Stream Labels (animated & static) WEBm/PNG

Wallpapers/Background:
✅ 2 Wallpapers (1 Animated, 1 Static) (animated & static) WEBm/PNG

Wolf Sakura Moon Setup Stinger Transition:
✅ Animated Stinger Transition (. WEBM transparent)

Wolf Sakura Moon Setup Social Media Kit (BANNERS)
✅ social media Kit (Twitch, Twitter, Kick, YouTube Headers) (PNG format)

Tutorial:
✅ PDF Tutorial (How to install your overlays)

Feel free to ask me to add something to this package if something is missing here for your stream.
I can also add a translation, if you need, write to me. (Latin characters only)
Color and font changes are not accepted.

• Please Note: This item is licensed for personal use only. Commercial use, resale, or distribution to third parties or other platforms is strictly prohibited.

If you have any questions or encounter any issues with this product, please feel free to contact me anytime.

Wolf Sakura Moon Setup Animated twitch overlay by:
CozyJsStudio => https://cozyjsstudio.etsy.com

🖌️Tools Used: Adobe Photoshop, Adobe Firefly AI, Adobe After Effect, and Adobe Illustrator🖌️



✅If you want to bring your unique vision to life with a fully tailored stream package, please check out my custom commission listing here:

✅Custom Animated Twitch Stream Overlay Full Pack Bundle | OBS Alerts, Screens, Emotes, Badges

🔗 https://cozyjsstudio.etsy.com/listing/4500763545",22.4,USD,7,"cozy_Wolf_overlay,Wolf_Overlay,stream_overlay,twitch_overlay,Wolf_gaming_room,aesthetic_overlay,cute_Wolf_overlay,gaming_room_twitch,Wolf_Twitch_Overlay,Wolf_Twitch,Twitch_Overlay_Wolf,Stream_Overlay_Wolf,Wolf_Twitch_Pack",,https://i.etsystatic.com/61635066/r/il/c1739a/7987463525/il_fullxfull.7987463525_3tfw.jpg,https://i.etsystatic.com/61635066/r/il/52c53b/7939515258/il_fullxfull.7939515258_lp86.jpg,https://i.etsystatic.com/61635066/r/il/650232/7939514648/il_fullxfull.7939514648_bpi3.jpg,https://i.etsystatic.com/61635066/r/il/d0c384/7939515026/il_fullxfull.7939515026_hfcf.jpg,https://i.etsystatic.com/61635066/r/il/b6bf46/7987475383/il_fullxfull.7987475383_6kda.jpg,https://i.etsystatic.com/61635066/r/il/c7adc3/7987476735/il_fullxfull.7987476735_4ipj.jpg,https://i.etsystatic.com/61635066/r/il/08a0cf/7987460095/il_fullxfull.7987460095_iauu.jpg,https://i.etsystatic.com/61635066/r/il/5e3c01/7987469949/il_fullxfull.7987469949_sg89.jpg,https://i.etsystatic.com/61635066/r/il/3e69d1/7939501672/il_fullxfull.7939501672_ha09.jpg,https://i.etsystatic.com/61635066/r/il/ccf5b3/7939503116/il_fullxfull.7939503116_1665.jpg,,,,,,,,,,
"Dream Sakura Animated Stream Package: Twitch Overlay, YouTube, Kick  | Japanese Overlays","Dream Sakura Animated Stream Package
Stream Overlay, Animated Overlay, Twitch Overlay, Japanese overlays, 

Stream Overlays :
INSTANT DIGITAL DOWNLOAD
This is a digital product, nothing physical will be shipped .

• What you will get?
When you purchase this product, you’ll get a .PDF file containing a direct link to a Google Drive folder with the complete package.

Package Includes :
Screens :
4 Static & 3 Animation Version Screens :
✅ Starting Soon (animated+static) 
✅ Be Right Back (animated+static) 
✅ Stream Ending (animated+static) 
✅ Offline Screen (static) (.PNG format)

Overlays/Intermission :
✅ 2 Animated Just Chatting / Intermission Screens : 16:9 (1080x1920) (animated+static) Webm/PNG

Facecam :
✅ 2 Animated Facecam Overlay (animated+static)  Webm/PNG

Panels :
✅ 27 Panels (.PNG format)

Alerts :
✅ 6 Animated Alerts (WEBM format) (animated+static) Webm/PNG

Stream Labels :
✅ 4 Animated Stream Labels (animated+static) Webm/PNG

Wallpapers/Background :
✅ 2 Wallpapers (1 Animated, 1 Static) (animated+static) Webm/PNG

Stinger Transition :
✅ Animated Stinger Transition (.WEBM transparent)

Social Media Kit (BANNERS)
✅ Social Media Kit (Twitch, Twitter, Kick, YouTube Headers) (PNG format)

Tutorial :
✅ PDF Tutorial (How to install your overlays) 

Feel free to ask me to add something to this package if something is missing here for your stream.
Color and font changes are not accepted.

• Please Note: This item is licensed for personal use only. Commercial use, resale, or distribution to third parties or other platforms is strictly prohibited.

If you have any questions or encounter any issues with this product, please feel free to contact me anytime.

Animated Stream Overlays By :
CozyJsStudio : https://cozyjsstudio.etsy.com

🖌️Tools Used: Adobe Photoshop, Adobe Firefly AI, Adobe After Effect, and Adobe Illustrator🖌️



✅If you want to bring your unique vision to life with a fully tailored stream package, please check out my custom commission listing here:

✅Custom Animated Twitch Stream Overlay Full Pack Bundle | OBS Alerts, Screens, Emotes, Badges

🔗 https://cozyjsstudio.etsy.com/listing/4500763545",24.4,USD,2,"japanese_overlay,japanese_overlays,Twitch_japanese,Japan_Overlay,Japan_Overlays,Samurai_overlay,Samurai_Overlays,Alerts_Japan,stream_overlay,stream_overlays,Twitch_Overlay,Twitch_Overlays,Sakura_Overlay",,https://i.etsystatic.com/61635066/r/il/16cae0/7585451914/il_fullxfull.7585451914_4hm3.jpg,https://i.etsystatic.com/61635066/r/il/d056ad/7633398649/il_fullxfull.7633398649_hn5o.jpg,https://i.etsystatic.com/61635066/r/il/8d1132/7585443256/il_fullxfull.7585443256_6pu0.jpg,https://i.etsystatic.com/61635066/r/il/f3f155/7633396211/il_fullxfull.7633396211_brqw.jpg,https://i.etsystatic.com/61635066/r/il/37e408/7633388531/il_fullxfull.7633388531_2bzm.jpg,https://i.etsystatic.com/61635066/r/il/edf5cc/7633392329/il_fullxfull.7633392329_an5i.jpg,https://i.etsystatic.com/61635066/r/il/69f130/7633392157/il_fullxfull.7633392157_fju2.jpg,https://i.etsystatic.com/61635066/r/il/56a4c8/7585449882/il_fullxfull.7585449882_fgbj.jpg,https://i.etsystatic.com/61635066/r/il/9e5ff2/7633393593/il_fullxfull.7633393593_dkcv.jpg,https://i.etsystatic.com/61635066/r/il/4a3a42/7633398145/il_fullxfull.7633398145_lksn.jpg,,,,,,,,,,
"Forest Wolf Animated Stream Package: For Twitch Overlay, YouTube, Kick | wolf emotes","Forest Wolf Animated Stream Package
Stream Overlay, Animated Overlay, wolf emotes,

Stream Overlays :
INSTANT DIGITAL DOWNLOAD
This is a digital product, nothing physical will be shipped .

• What you will get?
When you purchase this product, you’ll get a .PDF file containing a direct link to a Google Drive folder with the complete package.

Package Includes :
Screens :
4 Static & 3 Animation Version Screens :
✅ Starting Soon (animated+static) 
✅ Be Right Back (animated+static) 
✅ Stream Ending (animated+static) 
✅ Offline Screen (static) (.PNG format)

Overlays/Intermission :
✅ 4 Animated Just Chatting / Intermission Screens : 16:9 (1080x1920) (animated+static) Webm/PNG

Facecam :
✅ 2 Animated Facecam Overlay (animated+static)  Webm/PNG

Panels :
✅ 27 Panels (.PNG format)

Emotes :
✅ 5 Twitch Emotes (.PNG format)

Alerts :
✅ 6 Animated Alerts (WEBM format) (animated+static) Webm/PNG

Stream Labels :
✅ 4 Animated Stream Labels (animated+static) Webm/PNG

Wallpapers/Background :
✅ 2 Wallpapers (1 Animated, 1 Static) (animated+static) Webm/PNG

Stinger Transition :
✅ Animated Stinger Transition (.WEBM transparent)

Social Media Kit (BANNERS)
✅ Social Media Kit (Twitch, Twitter, Kick, YouTube Headers) (PNG format)

Tutorial :
✅ PDF Tutorial (How to install your overlays) 

Feel free to ask me to add something to this package if something is missing here for your stream.
I can also add a translation, if you need, write to me. (Latin characters only)
Color and font changes are not accepted.

• Please Note: This item is licensed for personal use only. Commercial use, resale, or distribution to third parties or other platforms is strictly prohibited.

If you have any questions or encounter any issues with this product, please feel free to contact me anytime.

Animated Stream Overlays By :
CozyJsStudio => https://cozyjsstudio.etsy.com

🖌️Tools Used: Adobe Photoshop, Adobe Firefly AI, Adobe After Effect, and Adobe Illustrator🖌️



✅If you want to bring your unique vision to life with a fully tailored stream package, please check out my custom commission listing here:

✅Custom Animated Twitch Stream Overlay Full Pack Bundle | OBS Alerts, Screens, Emotes, Badges

🔗 https://cozyjsstudio.etsy.com/listing/4500763545",24.4,USD,1,"Winter_Wolf_Stream,Wolf_Twitch_Stream,wolf_overlay,wolf_stream_overlay,Wolf_Streaming,Moonlit_Wolf_overlay,Night_Wolf_Stream,stream_package,twitch_overlay,stream_overlay,wolf_overlays,twitch_wolf_overlay,Wolf_emotes",,https://i.etsystatic.com/61635066/r/il/a6b6d6/7535689210/il_fullxfull.7535689210_jqdo.jpg,https://i.etsystatic.com/61635066/r/il/7b40ed/7532978368/il_fullxfull.7532978368_5jhb.jpg,https://i.etsystatic.com/61635066/r/il/b28b58/7532973854/il_fullxfull.7532973854_jyx5.jpg,https://i.etsystatic.com/61635066/r/il/1a2370/7580908369/il_fullxfull.7580908369_fwc9.jpg,https://i.etsystatic.com/61635066/r/il/516b55/7580909937/il_fullxfull.7580909937_jpns.jpg,https://i.etsystatic.com/61635066/r/il/0a324c/7532969586/il_fullxfull.7532969586_76xg.jpg,https://i.etsystatic.com/61635066/r/il/4dfb67/7532977518/il_fullxfull.7532977518_of77.jpg,https://i.etsystatic.com/61635066/r/il/ca7da4/7532973106/il_fullxfull.7532973106_4335.jpg,https://i.etsystatic.com/61635066/r/il/6a296a/7580909313/il_fullxfull.7580909313_edd1.jpg,https://i.etsystatic.com/61635066/r/il/6d2ed0/7532973928/il_fullxfull.7532973928_5l04.jpg,,,,,,,,,,
"Gothic Halloween Discord Kit: Pink Spooky PNG Icons, Emotes, Stickers (Digital Download)","Gothic Halloween Discord Kit | 104 Cute Spooky Server Assets | Channel & Role Icons, Emotes, Stickers, Banners (Digital Download)

Give your Discord server a charming spooky makeover with this complete Gothic Halloween Discord Kit! This bundle includes 104 coordinated PNG assets featuring cute ghosts, black cats, pumpkins, witchy decorations, gothic details, and a soft pink Halloween aesthetic.

Perfect for cozy, kawaii, gothic, witch-themed, gaming, community, and Halloween Discord servers.

🎃 INSTANT DIGITAL DOWNLOAD

This is a digital product. Nothing physical will be shipped.

WHAT WILL YOU RECEIVE?

After purchasing, you will receive a PDF file containing a direct link to a Google Drive folder where you can download the complete Discord package.

PACKAGE INCLUDES

✅ 30 Channel Icons
✅ 20 Role Icons
✅ 20 Discord Emotes
✅ 10 Gothic Halloween Stickers
✅ 12 Decorative Dividers
✅ 4 Server Banners
✅ 4 Server Icons
✅ 4 Welcome Backgrounds
✅ 104 PNG assets in total
✅ High-quality PNG format
✅ Transparent backgrounds where applicable
✅ Organized folders for easy access
✅ Ready to customize and upload to your Discord server

PERFECT FOR

• Discord channel customization
• Server roles and categories
• Community and gaming servers
• Halloween events
• Cozy and kawaii communities
• Gothic and witch-themed servers
• Streamer and content-creator communities

IMPORTANT INFORMATION

This package contains static PNG files. Some assets may need to be resized or adjusted depending on where you want to use them inside Discord.

Colors may appear slightly different depending on your monitor or device settings.

LICENSE

This item is licensed for personal use on your own Discord server only.

Commercial use, resale, redistribution, file sharing, uploading the assets to other marketplaces, or providing the files to third parties is strictly prohibited.

If you have any questions or experience an issue with your files, please feel free to contact me anytime. I’ll be happy to help!

Discord Assets Designed By: CozyJsStudio
https://cozyjsstudio.etsy.com

🖌️ Tools Used: Adobe Photoshop and Adobe Firefly AI

✅ Want a fully customized Discord Kit or a matching Twitch Overlay Package with screens, alerts, panels, emotes, and badges?

Check out my custom commission listing:

https://cozyjsstudio.etsy.com/listing/4500763545",17.4,USD,13,"pink_discord_kit,gothic_halloween,cute_spooky,discord_emotes,discord_stickers,role_icons,channel_icons,discord_banners,server_icon,pastel_goth,streamer_assets,halloween_png,instant_download",,https://i.etsystatic.com/61635066/r/il/e86b4f/8341423274/il_fullxfull.8341423274_jole.jpg,https://i.etsystatic.com/61635066/r/il/71f172/8341424224/il_fullxfull.8341424224_sho5.jpg,https://i.etsystatic.com/61635066/r/il/b21708/8341423768/il_fullxfull.8341423768_o466.jpg,https://i.etsystatic.com/61635066/r/il/59907e/8389308597/il_fullxfull.8389308597_nzlw.jpg,https://i.etsystatic.com/61635066/r/il/13128f/8389309693/il_fullxfull.8389309693_huvj.jpg,https://i.etsystatic.com/61635066/r/il/fc3f4c/8389308635/il_fullxfull.8389308635_c2z1.jpg,https://i.etsystatic.com/61635066/r/il/61660b/8341423874/il_fullxfull.8341423874_f2m5.jpg,https://i.etsystatic.com/61635066/r/il/1d96d9/8389308581/il_fullxfull.8389308581_pxug.jpg,https://i.etsystatic.com/61635066/r/il/0d9aa8/8341423226/il_fullxfull.8341423226_stz1.jpg,https://i.etsystatic.com/61635066/r/il/541cba/8341423988/il_fullxfull.8341423988_px2h.jpg,,,,,,,,,,
"Midnight Cozy Cat Animated Stream Pack: Gothic Twitch Overlay (Digital Download)","Midnight Cozy Cat Animated Stream Pack | Twitch Overlay | Cute Gothic Cat Stream Overlay | Valentine Desk Aesthetic, Stream Overlay, Animated Overlay, Twitch Overlay, Cat overlays, Valentine Overlays

Stream Overlay :
INSTANT DIGITAL DOWNLOAD
This is a digital product, nothing physical will be shipped .

• What you will get?
When you purchase this product, you’ll get a .PDF file containing a direct link to a Google Drive folder with the complete package.

Package Includes :
Screens :
4 Static & 3 Animation Version Screens :
✅ Starting Soon (animated+static)
✅ Be Right Back (animated+static)
✅ Stream Ending (animated+static)
✅ Offline Screen (static) (.PNG format)

Overlays/Intermission :
✅ 4 Animated Just Chatting / Intermission Screens : 16:9 (1080x1920) (animated+static) Webm/PNG

Facecam :
✅ 2 Animated Facecam Overlay (animated+static) Webm/PNG

Panels :
✅ 27 Panels (.PNG format)

Alerts :
✅ 6 Animated Alerts (WEBM format) (animated+static) Webm/PNG

Twitch Emotes :
✅ 5 Twitch Emotes (WEBM format) (static) PNG

Stream Labels :
✅ 4 Animated Stream Labels (animated+static) Webm/PNG

Wallpapers/Background :
✅ 2 Wallpapers (1 Animated, 1 Static) (animated+static) Webm/PNG

Stinger Transition :
✅ Animated Stinger Transition (.WEBM transparent)

Social Media Kit (BANNERS)
✅ Social Media Kit (Twitch, Twitter, Kick, YouTube Headers) (PNG format)

Tutorial :
✅ PDF Tutorial (How to install your overlays)

Feel free to ask me to add something to this package if something is missing here for your stream.
Color and font changes are not accepted.

• Please Note: This item is licensed for personal use only. Commercial use, resale, or distribution to third parties or other platforms is strictly prohibited.

If you have any questions or encounter any issues with this product, please feel free to contact me anytime.

Cat twitch overlay By :
https://cozyjsstudio.etsy.com
CozyJsStudio

🖌️Tools Used: Adobe Photoshop, Adobe Firefly AI, Adobe After Effect, and Adobe Illustrator🖌️



✅If you want to bring your unique vision to life with a fully tailored stream package, please check out my custom commission listing here:

✅Custom Animated Twitch Stream Overlay Full Pack Bundle | OBS Alerts, Screens, Emotes, Badges

🔗 https://cozyjsstudio.etsy.com/listing/4500763545",25.4,USD,5,"cat_twitch_overlay,twitch_overlay_lofi,twitch_overlay_cozy,cozy_twitch_overlay,Cat_Twitch,stream_screens,Game_room_twitch,twitch_overlay,stream_overlay,Cat_Overlay,Valentine_Twitch,Valentine_overlay,Valentine's_Day",,https://i.etsystatic.com/61635066/r/il/2dfdd0/7597610202/il_fullxfull.7597610202_9lmj.jpg,https://i.etsystatic.com/61635066/r/il/63f106/7645552183/il_fullxfull.7645552183_cifk.jpg,https://i.etsystatic.com/61635066/r/il/616edd/7645549331/il_fullxfull.7645549331_bp2l.jpg,https://i.etsystatic.com/61635066/r/il/d38485/7597605422/il_fullxfull.7597605422_2ueu.jpg,https://i.etsystatic.com/61635066/r/il/229494/7645552973/il_fullxfull.7645552973_mggx.jpg,https://i.etsystatic.com/61635066/r/il/8fa620/7597606682/il_fullxfull.7597606682_jbxq.jpg,https://i.etsystatic.com/61635066/r/il/ed9cc6/7597604854/il_fullxfull.7597604854_1lbe.jpg,https://i.etsystatic.com/61635066/r/il/e66dda/7597611032/il_fullxfull.7597611032_r47u.jpg,https://i.etsystatic.com/61635066/r/il/1404ee/7645542975/il_fullxfull.7645542975_iwkf.jpg,https://i.etsystatic.com/61635066/r/il/28cae8/7645551529/il_fullxfull.7645551529_o0kk.jpg,,,,,,,,,,
"Moonlit Raven Animated Stream Package | Dark Forest Twitch Overlay | YouTube | Kick | Crow Overlays","Moonlit Raven Animated Stream Package | Dark Forest Twitch Overlay | YouTube | Kick | Crow Overlays
Crow twitch overlay | Raven twitch overlay | Cute bird stream overlay | Night forest twitch overlay | moonlit bird overlay | fantasy forest overlay 

Raven Stream Overlay :
INSTANT DIGITAL DOWNLOAD
This is a digital product, nothing physical will be shipped .

• What you will get?
When you purchase this product, you’ll get a .PDF file containing a direct link to a Google Drive folder with the complete package.

Package Includes :
Raven Screens :
4 Static & 3 Animation Version Screens :
✅ Starting Soon (animated+static)
✅ Be Right Back (animated+static)
✅ Stream Ending (animated+static)
✅ Offline Screen (static) (.PNG format)

Raven Overlays/Intermission :
✅ 2 Animated Just Chatting / Intermission Screens : 16:9 (1080x1920) (animated+static) Webm/PNG

Raven Facecam :
✅ 2 Animated Facecam Overlay (animated+static) Webm/PNG

Raven Panels :
✅ 27 Panels (.PNG format)

Raven Alerts :
✅ 6 Animated Alerts (WEBM format) (animated+static) Webm/PNG

Raven Twitch Emotes :
✅ 5 Twitch Emotes (WEBM format) (static) PNG

Raven Twitch Sub-Badges :
✅ 3 Twitch Sub-Badges (WEBM format) (static) PNG

Raven Stream Labels :
✅ 4 Animated Stream Labels (animated+static) Webm/PNG

Raven Wallpapers/Background :
✅ 2 Wallpapers (1 Animated, 1 Static) (animated+static) Webm/PNG

Raven Stinger Transition :
✅ Animated Stinger Transition (.WEBM transparent)

Raven Social Media Kit (BANNERS)
✅ Social Media Kit (Twitch, Twitter, Kick, YouTube Headers) (PNG format)

Raven Tutorial :
✅ PDF Tutorial (How to install your overlays)

Feel free to ask me to add something to this package if something is missing here for your stream.
Color and font changes are not accepted.

• Please Note: This item is licensed for personal use only. Commercial use, resale, or distribution to third parties or other platforms is strictly prohibited.

If you have any questions or encounter any issues with this product, please feel free to contact me anytime.

Raven Forest Animated twitch overlay By :
CozyJsStudio => https://cozyjsstudio.etsy.com

🖌️Tools Used: Adobe Photoshop, Adobe Firefly AI, Adobe After Effect, and Adobe Illustrator🖌️



✅If you want to bring your unique vision to life with a fully tailored stream package, please check out my custom commission listing here:

✅Custom Animated Twitch Stream Overlay Full Pack Bundle | OBS Alerts, Screens, Emotes, Badges

🔗 https://cozyjsstudio.etsy.com/listing/4500763545",30.4,USD,6,"crow_overlay,raven_overlay,bird_twitch_overlay,twitch_overlay,stream_overlay,fantasy_overlay,night_stream_pack,moon_forest_theme,cozy_stream_pack,enchanted_overlay,twitch_panels_pack,twitch_alerts_pack,cute_bird_overlay",,https://i.etsystatic.com/61635066/r/il/e77a53/7859313713/il_fullxfull.7859313713_hbxv.jpg,https://i.etsystatic.com/61635066/r/il/a56cb7/7859322837/il_fullxfull.7859322837_c0ib.jpg,https://i.etsystatic.com/61635066/r/il/6c55d9/7859251707/il_fullxfull.7859251707_dw8d.jpg,https://i.etsystatic.com/61635066/r/il/9dc15a/7811322826/il_fullxfull.7811322826_4u3k.jpg,https://i.etsystatic.com/61635066/r/il/3aaf35/7859248195/il_fullxfull.7859248195_fwj2.jpg,https://i.etsystatic.com/61635066/r/il/4ce66b/7811322762/il_fullxfull.7811322762_s5xd.jpg,https://i.etsystatic.com/61635066/r/il/adbd8b/7859259303/il_fullxfull.7859259303_asm5.jpg,https://i.etsystatic.com/61635066/r/il/2f8b18/7811369016/il_fullxfull.7811369016_p2jn.jpg,https://i.etsystatic.com/61635066/r/il/32c79f/7811320898/il_fullxfull.7811320898_o9wi.jpg,https://i.etsystatic.com/61635066/r/il/3dc5fe/7811365064/il_fullxfull.7811365064_6uhn.jpg,,,,,,,,,,
"30x Twitch Otter Panels | Panel Overlay | Japanese Cute Art | Otters Stream Graphics Bundle (Instant Download)","30x Twitch Otter Panels | Otter Aesthetic Stream Graphics | Static panels V-Tuber Assets | Instant Download Complete Collection.

INSTANT DIGITAL DOWNLOAD
This is a digital product, nothing physical will be shipped.

• What will you get?
When you purchase this product, you’ll get a .PDF file containing a direct link to a Google Drive folder with the complete package.

Package Includes:

This comprehensive set of 30 panels is the perfect all-in-one solution for organizing your Twitch profile with a sweet, cohesive, and enchanting aesthetic. The included panels are:

✅Social & External: YouTube, Wishlist, Website, Twitter, TikTok, Steam, Spotify, Designer, Contact, Commands, Discord, PC Specs, Links, Instagram, Games, facebook.

✅Monetization & Goals: Donate, Donation, Donate, Merch, commissions, Subscribe, Paypal.

✅Info & Personal: Setup, Schedule, Rules, Playlist, About Me, FAQ.

✅Bonus & Customization: 1 Blank Panel for creating your own personalized section labels while maintaining the exact same aesthetic.

✅High-quality digital download

✅Ready-made and easy to use

✅Optimized size: 1280 x 480 PX

✅Format: Static PNG files

Feel free to ask me to add something to this package if something is missing here for your stream.
Color and font changes are not accepted.

• Please Note: This item is licensed for personal use only. Commercial use, resale, or distribution to third parties or other platforms is strictly prohibited.

If you have any questions or encounter any issues with this product, please feel free to contact me anytime.

Animated twitch overlay By :
CozyJsStudio => https://cozyjsstudio.etsy.com

🖌️Tools Used: Adobe Photoshop, Adobe Firefly AI, Adobe After Effect, and Adobe Illustrator🖌️



✅If you want to bring your unique vision to life with a fully tailored stream package, please check out my custom commission listing here:

✅Custom Animated Twitch Stream Overlay Full Pack Bundle | OBS Alerts, Screens, Emotes, Badges

🔗 https://cozyjsstudio.etsy.com/listing/4500763545


Thank you for supporting my shop!",13.04,USD,3,"twitch_panels,discord_banner,banner_twitch,twitch_alerts,twitch_panel,panels_twitch,custom_twitch_panel,custom_panels,custom_panel,Otter_Panels,Otter_Panel,Otter_Custom_Panel,Twitch_Otter_Panels",,https://i.etsystatic.com/61635066/r/il/34e76b/8417168556/il_fullxfull.8417168556_3cbk.jpg,https://i.etsystatic.com/61635066/r/il/51ac6e/8417168686/il_fullxfull.8417168686_2ywz.jpg,https://i.etsystatic.com/61635066/r/il/992dcb/8417168184/il_fullxfull.8417168184_6j5e.jpg,https://i.etsystatic.com/61635066/r/il/355578/8417168748/il_fullxfull.8417168748_fp8n.jpg,https://i.etsystatic.com/61635066/r/il/790f48/8465038327/il_fullxfull.8465038327_7tx1.jpg,https://i.etsystatic.com/61635066/r/il/ea3e51/8417160836/il_fullxfull.8417160836_7chx.jpg,,,,,,,,,,,,,,
"30x Twitch Wolf Panels | Panel Overlay | Japanese Cute Art | Wolf Stream Graphics Bundle (Instant Download)","30x Twitch Wolf Panels | Wolf Aesthetic Stream Graphics | Static panels V-Tuber Assets | Instant Download Complete Collection.

INSTANT DIGITAL DOWNLOAD
This is a digital product, nothing physical will be shipped.

• What will you get?
When you purchase this product, you’ll get a .PDF file containing a direct link to a Google Drive folder with the complete package.

Package Includes:

This comprehensive set of 30 panels is the perfect all-in-one solution for organizing your Twitch profile with a sweet, cohesive, and enchanting aesthetic. The included panels are:

✅Social & External: YouTube, Wishlist, Website, Twitter, TikTok, Steam, Spotify, Designer, Contact, Commands, Discord, PC Specs, Links, Instagram, Games, facebook.

✅Monetization & Goals: Donate, Donation, Donate, Merch, commissions, Subscribe, Paypal.

✅Info & Personal: Setup, Schedule, Rules, Playlist, About Me, FAQ.

✅Bonus & Customization: 1 Blank Panel for creating your own personalized section labels while maintaining the exact same aesthetic.

✅High-quality digital download

✅Ready-made and easy to use

✅Optimized size: 1280 x 480 PX

✅Format: Static PNG files

Feel free to ask me to add something to this package if something is missing here for your stream.
Color and font changes are not accepted.

• Please Note: This item is licensed for personal use only. Commercial use, resale, or distribution to third parties or other platforms is strictly prohibited.

If you have any questions or encounter any issues with this product, please feel free to contact me anytime.

Animated twitch overlay By :
CozyJsStudio => https://cozyjsstudio.etsy.com

🖌️Tools Used: Adobe Photoshop, Adobe Firefly AI, Adobe After Effect, and Adobe Illustrator🖌️



✅If you want to bring your unique vision to life with a fully tailored stream package, please check out my custom commission listing here:

✅Custom Animated Twitch Stream Overlay Full Pack Bundle | OBS Alerts, Screens, Emotes, Badges

🔗 https://cozyjsstudio.etsy.com/listing/4500763545


Thank you for supporting my shop!",13.04,USD,3,"twitch_panels,discord_banner,banner_twitch,twitch_alerts,twitch_panel,panels_twitch,custom_twitch_panel,custom_panels,custom_panel,Wolf_Panels,twitch_Wolf_Panels,Wolf_Panel,Wolf_Custom_Panel",,https://i.etsystatic.com/61635066/r/il/c66e26/8464999031/il_fullxfull.8464999031_ho7k.jpg,https://i.etsystatic.com/61635066/r/il/27501f/8417122122/il_fullxfull.8417122122_llpa.jpg,https://i.etsystatic.com/61635066/r/il/b07851/8464998859/il_fullxfull.8464998859_qrh6.jpg,https://i.etsystatic.com/61635066/r/il/916a20/8464999713/il_fullxfull.8464999713_akrw.jpg,https://i.etsystatic.com/61635066/r/il/19f17b/8464992959/il_fullxfull.8464992959_1www.jpg,https://i.etsystatic.com/61635066/r/il/0fbb90/8464992871/il_fullxfull.8464992871_36vb.jpg,,,,,,,,,,,,,,
"30x Twitch Bunny Panels | Panel Overlay | Japanese Cute Art | Rabbit Stream Graphics Bundle (Instant Download)","30x Twitch Bunny Panels | Rabbit Aesthetic Stream Graphics | Static panels V-Tuber Assets | Instant Download Complete Collection.

INSTANT DIGITAL DOWNLOAD
This is a digital product, nothing physical will be shipped.

• What will you get?
When you purchase this product, you’ll get a .PDF file containing a direct link to a Google Drive folder with the complete package.

Package Includes:

This comprehensive set of 30 panels is the perfect all-in-one solution for organizing your Twitch profile with a sweet, cohesive, and enchanting aesthetic. The included panels are:

✅Social & External: YouTube, Wishlist, Website, Twitter, TikTok, Steam, Spotify, Designer, Contact, Commands, Discord, PC Specs, Links, Instagram, Games, facebook.

✅Monetization & Goals: Donate, Donation, Donate, Merch, commissions, Subscribe, Paypal.

✅Info & Personal: Setup, Schedule, Rules, Playlist, About Me, FAQ.

✅Bonus & Customization: 1 Blank Panel for creating your own personalized section labels while maintaining the exact same aesthetic.

✅High-quality digital download

✅Ready-made and easy to use

✅Optimized size: 1280 x 480 PX

✅Format: Static PNG files

Feel free to ask me to add something to this package if something is missing here for your stream.
Color and font changes are not accepted.

• Please Note: This item is licensed for personal use only. Commercial use, resale, or distribution to third parties or other platforms is strictly prohibited.

If you have any questions or encounter any issues with this product, please feel free to contact me anytime.

Animated twitch overlay By :
CozyJsStudio => https://cozyjsstudio.etsy.com

🖌️Tools Used: Adobe Photoshop, Adobe Firefly AI, Adobe After Effect, and Adobe Illustrator🖌️



✅If you want to bring your unique vision to life with a fully tailored stream package, please check out my custom commission listing here:

✅Custom Animated Twitch Stream Overlay Full Pack Bundle | OBS Alerts, Screens, Emotes, Badges

🔗 https://cozyjsstudio.etsy.com/listing/4500763545


Thank you for supporting my shop!",13.04,USD,3,"twitch_panels,discord_banner,banner_twitch,twitch_alerts,twitch_panel,panels_twitch,custom_twitch_panel,custom_panels,custom_panel,bunny_panels,rabbit_panels,bunny_custom_panel,twitch_bunny_panels",,https://i.etsystatic.com/61635066/r/il/5069e4/8464559671/il_fullxfull.8464559671_ebfk.jpg,https://i.etsystatic.com/61635066/r/il/c36c9c/8416682342/il_fullxfull.8416682342_mh8h.jpg,https://i.etsystatic.com/61635066/r/il/8af277/8416682172/il_fullxfull.8416682172_jaof.jpg,https://i.etsystatic.com/61635066/r/il/a687c9/8464559789/il_fullxfull.8464559789_59qo.jpg,https://i.etsystatic.com/61635066/r/il/22eeb0/8464557399/il_fullxfull.8464557399_9t5g.jpg,https://i.etsystatic.com/61635066/r/il/0c4842/8464557285/il_fullxfull.8464557285_anww.jpg,,,,,,,,,,,,,,
"Sakura Turtle Jars Twitch Badges | Kawaii Sub, Bit, Channel Icons (Digital Download)","TURTLE JARS TWITCH BADGES

Give your subscribers a magical badge progression to level up through with six adorable turtles nestled inside enchanting glass jars filled with vibrant hibiscus flowers, delicate petals, golden sparkles, sandy bottoms, and dreamy warm pastel colors.

Each badge represents a new progression level, beginning with a tiny sleeping turtle holding a flower bud and gradually transforming into a majestic celestial turtle surrounded by blooming hibiscus, ornate golden decorations, a glowing halo, and a beautiful pink gemstone lid.

Perfect for cozy, kawaii, tropical, beach, ocean, floral, fantasy, cottagecore, and lofi-style Twitch channels looking for a charming badge set their community will love.

🐢 INSTANT DIGITAL DOWNLOAD

This is a digital product. No physical item will be shipped.

After purchasing, you will receive a PDF file containing a direct link to the Google Drive folder with the complete package.

🐢 PACKAGE INCLUDES

✅ 6 turtles Jar Sub Badges
✅ Sub-badge sizes: 18×18, 36×36, and 72×72 px
✅ Emote and channel-point sizes: 28×28, 56×56, and 112×112 px
✅ Bonus 200×200 px versions
✅ High-quality PNG format
✅ Transparent backgrounds
✅ Ready to upload directly to Twitch

These icons are suitable for:

• Twitch subscriber badges
• Twitch Bit and Cheer badges
• Twitch channel-point rewards
• Kick subscriber badges
• YouTube membership badges
• Discord role icons

📌 PLEASE NOTE

This product is licensed for personal use only. Commercial use, resale, redistribution, sharing, copying, or uploading the files for sale on other platforms is strictly prohibited.

Because this is a digital download, no physical item will be delivered.

If you have any questions or experience an issue with your files, please feel free to contact me anytime. I’ll be happy to help!

Twitch Overlays and Assets by CozyJsStudio:
https://cozyjsstudio.etsy.com

🖌️ Tools Used: Adobe Photoshop and Adobe Firefly AI

✨ WANT A MATCHING CUSTOM TWITCH PACKAGE?

Complete your channel with matching Starting Soon screens, alerts, panels, emotes, overlays, and other custom stream assets:

https://cozyjsstudio.etsy.com/listing/4500763545",6.29,USD,6,"sakura_jar_badges,twitch_badges,bit_badges,channel_point_icon,discord_role_icons,cute_stream_badges,floral_twitch_badge,twitch_reward_icons,Turtle_Sub_badges,Turtle_Badges,Kawaii_Turtle,Turtle_Twitch_Badges,Turtle_Emotes",,https://i.etsystatic.com/61635066/r/il/be77a2/8443712877/il_fullxfull.8443712877_bnit.jpg,https://i.etsystatic.com/61635066/r/il/a2bcdd/8443712869/il_fullxfull.8443712869_cez0.jpg,https://i.etsystatic.com/61635066/r/il/6439a3/8395831274/il_fullxfull.8395831274_361f.jpg,https://i.etsystatic.com/61635066/r/il/b72633/8395831104/il_fullxfull.8395831104_sgjw.jpg,https://i.etsystatic.com/61635066/r/il/fd698a/8443712699/il_fullxfull.8443712699_14zy.jpg,https://i.etsystatic.com/61635066/r/il/891fa5/8395831180/il_fullxfull.8395831180_6s6m.jpg,https://i.etsystatic.com/61635066/r/il/3c295b/8395831132/il_fullxfull.8395831132_6b6o.jpg,https://i.etsystatic.com/61635066/r/il/8a927f/8395831122/il_fullxfull.8395831122_rhjy.jpg,https://i.etsystatic.com/61635066/r/il/3e65cd/8443712691/il_fullxfull.8443712691_gqeb.jpg,https://i.etsystatic.com/61635066/r/il/4c46b1/8443712507/il_fullxfull.8443712507_7fin.jpg,,,,,,,,,,
"30x Spooky Gothic Pink Twitch Panels | Halloween panels Stream Graphics (Instant Download)","30x Spooky Gothic Pink Twitch Panels | Halloween panels Stream Graphics (Instant Download) | Static panels V-Tuber Assets | Instant Download Complete Collection.

INSTANT DIGITAL DOWNLOAD
This is a digital product, nothing physical will be shipped.

• What will you get?
When you purchase this product, you’ll get a .PDF file containing a direct link to a Google Drive folder with the complete package.

Package Includes:

This comprehensive set of 30 panels is the perfect all-in-one solution for organizing your Twitch profile with a sweet, cohesive, and enchanting aesthetic. The included panels are:

✅Social & External: YouTube, Wishlist, Website, Twitter, TikTok, Steam, Spotify, Designer, Contact, Commands, Discord, PC Specs, Links, Instagram, Games, facebook.

✅Monetization & Goals: Donate, Donation, Donate, Merch, commissions, Subscribe, Paypal.

✅Info & Personal: Setup, Schedule, Rules, Playlist, About Me, FAQ.

✅Bonus & Customization: 1 Blank Panel for creating your own personalized section labels while maintaining the exact same aesthetic.

✅High-quality digital download

✅Ready-made and easy to use

✅Optimized size: 1280 x 480 PX

✅Format: Static PNG files

Feel free to ask me to add something to this package if something is missing here for your stream.
Color and font changes are not accepted.

• Please Note: This item is licensed for personal use only. Commercial use, resale, or distribution to third parties or other platforms is strictly prohibited.

If you have any questions or encounter any issues with this product, please feel free to contact me anytime.

Animated twitch overlay By :
CozyJsStudio => https://cozyjsstudio.etsy.com

🖌️Tools Used: Adobe Photoshop, Adobe Firefly AI, Adobe After Effect, and Adobe Illustrator🖌️



✅If you want to bring your unique vision to life with a fully tailored stream package, please check out my custom commission listing here:

✅Custom Animated Twitch Stream Overlay Full Pack Bundle | OBS Alerts, Screens, Emotes, Badges

🔗 https://cozyjsstudio.etsy.com/listing/4500763545


Thank you for supporting my shop!",16.04,USD,3,"twitch_panels,banner_twitch,twitch_alerts,twitch_panel,panels_twitch,custom_twitch_panel,custom_panels,custom_panel,Spooky_panels,Halloween_Panels,Bat_Panels_Gothic,Twitch_Halloween,Twitch_pink_panels",,https://i.etsystatic.com/61635066/r/il/7cdd4f/8412664066/il_fullxfull.8412664066_r73e.jpg,https://i.etsystatic.com/61635066/r/il/716a13/8412664098/il_fullxfull.8412664098_srkz.jpg,https://i.etsystatic.com/61635066/r/il/502d88/8460545519/il_fullxfull.8460545519_iml9.jpg,https://i.etsystatic.com/61635066/r/il/f295f6/8460545571/il_fullxfull.8460545571_kj9y.jpg,https://i.etsystatic.com/61635066/r/il/97f5c9/8412664290/il_fullxfull.8412664290_put9.jpg,https://i.etsystatic.com/61635066/r/il/aa11df/8460545721/il_fullxfull.8460545721_npi9.jpg,,,,,,,,,,,,,,
"30x Spooky Gothic Purple Twitch Panels | Halloween panels Stream Graphics (Instant Download)","30x Spooky Gothic Purple Twitch Panels | Halloween panels Stream Graphics (Instant Download) | Static panels V-Tuber Assets | Instant Download Complete Collection.

INSTANT DIGITAL DOWNLOAD
This is a digital product, nothing physical will be shipped.

• What will you get?
When you purchase this product, you’ll get a .PDF file containing a direct link to a Google Drive folder with the complete package.

Package Includes:

This comprehensive set of 30 panels is the perfect all-in-one solution for organizing your Twitch profile with a sweet, cohesive, and enchanting aesthetic. The included panels are:

✅Social & External: YouTube, Wishlist, Website, Twitter, TikTok, Steam, Spotify, Designer, Contact, Commands, Discord, PC Specs, Links, Instagram, Games, facebook.

✅Monetization & Goals: Donate, Donation, Donate, Merch, commissions, Subscribe, Paypal.

✅Info & Personal: Setup, Schedule, Rules, Playlist, About Me, FAQ.

✅Bonus & Customization: 1 Blank Panel for creating your own personalized section labels while maintaining the exact same aesthetic.

✅High-quality digital download

✅Ready-made and easy to use

✅Optimized size: 1280 x 480 PX

✅Format: Static PNG files

Feel free to ask me to add something to this package if something is missing here for your stream.
Color and font changes are not accepted.

• Please Note: This item is licensed for personal use only. Commercial use, resale, or distribution to third parties or other platforms is strictly prohibited.

If you have any questions or encounter any issues with this product, please feel free to contact me anytime.

Animated twitch overlay By :
CozyJsStudio => https://cozyjsstudio.etsy.com

🖌️Tools Used: Adobe Photoshop, Adobe Firefly AI, Adobe After Effect, and Adobe Illustrator🖌️



✅If you want to bring your unique vision to life with a fully tailored stream package, please check out my custom commission listing here:

✅Custom Animated Twitch Stream Overlay Full Pack Bundle | OBS Alerts, Screens, Emotes, Badges

🔗 https://cozyjsstudio.etsy.com/listing/4500763545


Thank you for supporting my shop!",10.04,USD,3,"twitch_panels,banner_twitch,twitch_alerts,twitch_panel,panels_twitch,custom_twitch_panel,custom_panels,custom_panel,Spooky_panels,Halloween_Panels,Bat_Panels_Gothic,Twitch_Halloween,twitch_purple_panel",,https://i.etsystatic.com/61635066/r/il/9032dc/8460495541/il_fullxfull.8460495541_4zyf.jpg,https://i.etsystatic.com/61635066/r/il/94e335/8412613990/il_fullxfull.8412613990_cr3w.jpg,https://i.etsystatic.com/61635066/r/il/930a8f/8460495857/il_fullxfull.8460495857_nfg6.jpg,https://i.etsystatic.com/61635066/r/il/1100b7/8460495909/il_fullxfull.8460495909_toup.jpg,https://i.etsystatic.com/61635066/r/il/69d238/8412612122/il_fullxfull.8412612122_s40q.jpg,https://i.etsystatic.com/61635066/r/il/2ed894/8460495627/il_fullxfull.8460495627_37x6.jpg,,,,,,,,,,,,,,
"30x Spooky Gothic Bleu Twitch Panels | Halloween panels Stream Graphics (Instant Download)","30x Spooky Gothic Bleu Twitch Panels | Halloween panels Stream Graphics (Instant Download) | Static panels V-Tuber Assets | Instant Download Complete Collection.

INSTANT DIGITAL DOWNLOAD
This is a digital product, nothing physical will be shipped.

• What will you get?
When you purchase this product, you’ll get a .PDF file containing a direct link to a Google Drive folder with the complete package.

Package Includes:

This comprehensive set of 30 panels is the perfect all-in-one solution for organizing your Twitch profile with a sweet, cohesive, and enchanting aesthetic. The included panels are:

✅Social & External: YouTube, Wishlist, Website, Twitter, TikTok, Steam, Spotify, Designer, Contact, Commands, Discord, PC Specs, Links, Instagram, Games, facebook.

✅Monetization & Goals: Donate, Donation, Donate, Merch, commissions, Subscribe, Paypal.

✅Info & Personal: Setup, Schedule, Rules, Playlist, About Me, FAQ.

✅Bonus & Customization: 1 Blank Panel for creating your own personalized section labels while maintaining the exact same aesthetic.

✅High-quality digital download

✅Ready-made and easy to use

✅Optimized size: 1280 x 480 PX

✅Format: Static PNG files

Feel free to ask me to add something to this package if something is missing here for your stream.
Color and font changes are not accepted.

• Please Note: This item is licensed for personal use only. Commercial use, resale, or distribution to third parties or other platforms is strictly prohibited.

If you have any questions or encounter any issues with this product, please feel free to contact me anytime.

Animated twitch overlay By :
CozyJsStudio => https://cozyjsstudio.etsy.com

🖌️Tools Used: Adobe Photoshop, Adobe Firefly AI, Adobe After Effect, and Adobe Illustrator🖌️



✅If you want to bring your unique vision to life with a fully tailored stream package, please check out my custom commission listing here:

✅Custom Animated Twitch Stream Overlay Full Pack Bundle | OBS Alerts, Screens, Emotes, Badges

🔗 https://cozyjsstudio.etsy.com/listing/4500763545


Thank you for supporting my shop!",15.04,USD,3,"twitch_panels,banner_twitch,twitch_alerts,twitch_panel,panels_twitch,custom_twitch_panel,custom_panels,custom_panel,Spooky_panels,Halloween_Panels,Bat_Panels_Gothic,Twitch_Halloween,twitch_bleu_panels",,https://i.etsystatic.com/61635066/r/il/2d4c25/8460455411/il_fullxfull.8460455411_ac7f.jpg,https://i.etsystatic.com/61635066/r/il/fe3c29/8412573250/il_fullxfull.8412573250_sxff.jpg,https://i.etsystatic.com/61635066/r/il/f61ecf/8460455857/il_fullxfull.8460455857_p28o.jpg,https://i.etsystatic.com/61635066/r/il/846516/8460455995/il_fullxfull.8460455995_tqwu.jpg,https://i.etsystatic.com/61635066/r/il/ce1752/8412572880/il_fullxfull.8412572880_qtis.jpg,https://i.etsystatic.com/61635066/r/il/24c468/8460454009/il_fullxfull.8460454009_pefr.jpg,,,,,,,,,,,,,,
"30x Spooky Gothic Red Twitch Panels | Halloween panels Stream Graphics (Instant Download)","30x Spooky Gothic Red Twitch Panels | Halloween panels Stream Graphics (Instant Download) | Static panels V-Tuber Assets | Instant Download Complete Collection.

INSTANT DIGITAL DOWNLOAD
This is a digital product, nothing physical will be shipped.

• What will you get?
When you purchase this product, you’ll get a .PDF file containing a direct link to a Google Drive folder with the complete package.

Package Includes:

This comprehensive set of 30 panels is the perfect all-in-one solution for organizing your Twitch profile with a sweet, cohesive, and enchanting aesthetic. The included panels are:

✅Social & External: YouTube, Wishlist, Website, Twitter, TikTok, Steam, Spotify, Designer, Contact, Commands, Discord, PC Specs, Links, Instagram, Games, facebook.

✅Monetization & Goals: Donate, Donation, Donate, Merch, commissions, Subscribe, Paypal.

✅Info & Personal: Setup, Schedule, Rules, Playlist, About Me, FAQ.

✅Bonus & Customization: 1 Blank Panel for creating your own personalized section labels while maintaining the exact same aesthetic.

✅High-quality digital download

✅Ready-made and easy to use

✅Optimized size: 1280 x 480 PX

✅Format: Static PNG files

Feel free to ask me to add something to this package if something is missing here for your stream.
Color and font changes are not accepted.

• Please Note: This item is licensed for personal use only. Commercial use, resale, or distribution to third parties or other platforms is strictly prohibited.

If you have any questions or encounter any issues with this product, please feel free to contact me anytime.

Animated twitch overlay By :
CozyJsStudio => https://cozyjsstudio.etsy.com

🖌️Tools Used: Adobe Photoshop, Adobe Firefly AI, Adobe After Effect, and Adobe Illustrator🖌️



✅If you want to bring your unique vision to life with a fully tailored stream package, please check out my custom commission listing here:

✅Custom Animated Twitch Stream Overlay Full Pack Bundle | OBS Alerts, Screens, Emotes, Badges

🔗 https://cozyjsstudio.etsy.com/listing/4500763545


Thank you for supporting my shop!",15.24,USD,3,"twitch_panels,banner_twitch,twitch_alerts,twitch_panel,panels_twitch,custom_twitch_panel,custom_panels,custom_panel,Spooky_panels,Halloween_Panels,Bat_Panels_Gothic,Twitch_red_Panels,Twitch_Halloween",,https://i.etsystatic.com/61635066/r/il/d4619e/8412518618/il_fullxfull.8412518618_23x6.jpg,https://i.etsystatic.com/61635066/r/il/ee0ae4/8460400809/il_fullxfull.8460400809_x3wi.jpg,https://i.etsystatic.com/61635066/r/il/f6be91/8460400779/il_fullxfull.8460400779_cn9q.jpg,https://i.etsystatic.com/61635066/r/il/51ab5c/8412518614/il_fullxfull.8412518614_9mbt.jpg,https://i.etsystatic.com/61635066/r/il/f8612c/8412518014/il_fullxfull.8412518014_nc68.jpg,https://i.etsystatic.com/61635066/r/il/fbcce4/8460400525/il_fullxfull.8460400525_4cus.jpg,,,,,,,,,,,,,,
"30x Kawaii Fox Twitch Panels | Panel Overlay | Japanese Cute Art | Orange and Cream Stream Graphics Bundle (Instant Download)","30x Kawaii Cozy Fox Twitch Panels| Fox Aesthetic Stream Graphics | Static panels V-Tuber Assets | Instant Download Complete Collection.

INSTANT DIGITAL DOWNLOAD
This is a digital product, nothing physical will be shipped.

• What will you get?
When you purchase this product, you’ll get a .PDF file containing a direct link to a Google Drive folder with the complete package.

Package Includes:

This comprehensive set of 30 panels is the perfect all-in-one solution for organizing your Twitch profile with a sweet, cohesive, and enchanting aesthetic. The included panels are:

✅Social & External: YouTube, Wishlist, Website, Twitter, TikTok, Steam, Spotify, Designer, Contact, Commands, Discord, PC Specs, Links, Instagram, Games, facebook.

✅Monetization & Goals: Donate, Donation, Donate, Merch, commissions, Subscribe, Paypal.

✅Info & Personal: Setup, Schedule, Rules, Playlist, About Me, FAQ.

✅Bonus & Customization: 1 Blank Panel for creating your own personalized section labels while maintaining the exact same aesthetic.

✅High-quality digital download

✅Ready-made and easy to use

✅Optimized size: 1280 x 480 PX

✅Format: Static PNG files

Feel free to ask me to add something to this package if something is missing here for your stream.
Color and font changes are not accepted.

• Please Note: This item is licensed for personal use only. Commercial use, resale, or distribution to third parties or other platforms is strictly prohibited.

If you have any questions or encounter any issues with this product, please feel free to contact me anytime.

Animated twitch overlay By :
CozyJsStudio => https://cozyjsstudio.etsy.com

🖌️Tools Used: Adobe Photoshop, Adobe Firefly AI, Adobe After Effect, and Adobe Illustrator🖌️



✅If you want to bring your unique vision to life with a fully tailored stream package, please check out my custom commission listing here:

✅Custom Animated Twitch Stream Overlay Full Pack Bundle | OBS Alerts, Screens, Emotes, Badges

🔗 https://cozyjsstudio.etsy.com/listing/4500763545


Thank you for supporting my shop!",16.24,USD,3,"twitch_panels,discord_banner,banner_twitch,cat_panel,cat_banner,twitch_alerts,twitch_cat_panels,twitch_panel,panels_twitch,custom_twitch_panel,custom_panels,custom_panel,Fox_panels",,https://i.etsystatic.com/61635066/r/il/d2ebcc/8460201677/il_fullxfull.8460201677_kjy2.jpg,https://i.etsystatic.com/61635066/r/il/e9b58d/8460201673/il_fullxfull.8460201673_hxks.jpg,https://i.etsystatic.com/61635066/r/il/5e5849/8460201683/il_fullxfull.8460201683_646z.jpg,https://i.etsystatic.com/61635066/r/il/091261/8460201659/il_fullxfull.8460201659_h5z5.jpg,https://i.etsystatic.com/61635066/r/il/ad0a16/8460201485/il_fullxfull.8460201485_48er.jpg,https://i.etsystatic.com/61635066/r/il/8ee018/8460201419/il_fullxfull.8460201419_p9ma.jpg,,,,,,,,,,,,,,
"Turtle Forest Magic Animated Stream Package | Twitch Overlay | YouTube | kick | Turtle overlays","Turtle  Twitch Overlay | Twitch Overlay Turtle  | Stream Overlay Turtle  | White Turtle  Overlay | Turtle  Twitch | Turtle  Overlay | Stream Overlay | Twitch Overlay | Twitch Overlays | Sakura Overlay | Turtle  Twitch Pack | White Turtle  Twitch | Turtle  Stream,

Turtle  Forest Magic Stream Overlay :
INSTANT DIGITAL DOWNLOAD
This is a digital product, nothing physical will be shipped .

• What you will get?
When you purchase this product, you’ll get a .PDF file containing a direct link to a Google Drive folder with the complete package.

Package Includes :
Turtle  Forest Magic Screens :
4 Static & 3 Animation Version Screens :
✅ Starting Soon (animated+static)
✅ Be Right Back (animated+static)
✅ Stream Ending (animated+static)
✅ Offline Screen (static) (.PNG format)

Turtle  Forest Magic Overlays/Intermission :
✅ 2 Animated Just Chatting / Intermission Screens : 16:9 (1080x1920) (animated+static) Webm/PNG

Turtle  Forest Magic Facecam :
✅ 2 Animated Facecam Overlay (animated+static) Webm/PNG

Turtle  Forest Magic Panels :
✅ 27 Panels (.PNG format)

Turtle  Forest Magic Alerts :
✅ 6 Animated Alerts (WEBM format) (animated+static) Webm/PNG

Turtle  Forest Magic Twitch Emotes :
✅ 5 Twitch Emotes (WEBM format) (static) PNG

Turtle  Forest Magic Twitch Sub Badges :
✅ 3 Twitch Sub Badges (WEBM format) (static) PNG

Turtle  Forest Magic Stream Labels :
✅ 4 Animated Stream Labels (animated+static) Webm/PNG

Turtle  Forest Magic Wallpapers/Background :
✅ 2 Wallpapers (1 Animated, 1 Static) (animated+static) Webm/PNG

Turtle  Forest Magic Stinger Transition :
✅ Animated Stinger Transition (.WEBM transparent)

Turtle  Forest Magic Social Media Kit (BANNERS)
✅ Social Media Kit (Twitch, Twitter, Kick, YouTube Headers) (PNG format)

Tutorial :
✅ PDF Tutorial (How to install your overlays)

Feel free to ask me to add something to this package if something is missing here for your stream.
Color and font changes are not accepted.

• Please Note: This item is licensed for personal use only. Commercial use, resale, or distribution to third parties or other platforms is strictly prohibited.

If you have any questions or encounter any issues with this product, please feel free to contact me anytime.

Animated twitch overlay By :
CozyJsStudio => https://cozyjsstudio.etsy.com

🖌️Tools Used: Adobe Photoshop, Adobe Firefly AI, Adobe After Effect, and Adobe Illustrator🖌️



✅If you want to bring your unique vision to life with a fully tailored stream package, please check out my custom commission listing here:

✅Custom Animated Twitch Stream Overlay Full Pack Bundle | OBS Alerts, Screens, Emotes, Badges

🔗 https://cozyjsstudio.etsy.com/listing/4500763545",28.6,USD,1,"Overlay_Turtle,Stream_Turtle,Turtle_Overlays,Turtle_Twitch,Turtle_Overlay,Stream_Overlay,Twitch_Overlay,Twitch_Overlays,Sakura_Overlay,Turtle_Package,Turtle_Stream,Turtle_overlay_pack,Turtle_twitch_pack",,https://i.etsystatic.com/61635066/r/il/14b031/7853062092/il_fullxfull.7853062092_oi2k.jpg,https://i.etsystatic.com/61635066/r/il/8b9273/7853062344/il_fullxfull.7853062344_c6oq.jpg,https://i.etsystatic.com/61635066/r/il/10adc8/7853014340/il_fullxfull.7853014340_dcvv.jpg,https://i.etsystatic.com/61635066/r/il/0e615b/7853020698/il_fullxfull.7853020698_iceb.jpg,https://i.etsystatic.com/61635066/r/il/2f8cc1/7853018404/il_fullxfull.7853018404_amon.jpg,https://i.etsystatic.com/61635066/r/il/9f6d93/7853017236/il_fullxfull.7853017236_nmk9.jpg,https://i.etsystatic.com/61635066/r/il/3c9dd8/7900980841/il_fullxfull.7900980841_epsw.jpg,https://i.etsystatic.com/61635066/r/il/ce8a74/7853057092/il_fullxfull.7853057092_khc2.jpg,https://i.etsystatic.com/61635066/r/il/ba9ede/7900980647/il_fullxfull.7900980647_5w9x.jpg,https://i.etsystatic.com/61635066/r/il/066d0c/7853043014/il_fullxfull.7853043014_7qcd.jpg,,,,,,,,,,
"Sakura Cat Animated Stream Package | Twitch Overlay | Cherry Blossom Theme | YouTube Kick","Cute cat twitch overlay | sakura cat overlay | cat stream overlay | pink twitch overlay | aesthetic stream overlay | cozy cat overlay | cherry blossom overlay | cat twitch package | animated stream overlay | twitch stream screens | twitch alerts overlay | twitch panels overlay | overlay for twitch youtube kick

Stream Overlay :
INSTANT DIGITAL DOWNLOAD
This is a digital product, nothing physical will be shipped .

• What you will get?
When you purchase this product, you’ll get a .PDF file containing a direct link to a Google Drive folder with the complete package.

Package Includes :
Sakura Cat Screens :
4 Static & 3 Animation Version Screens :
✅ Starting Soon (animated+static)
✅ Be Right Back (animated+static)
✅ Stream Ending (animated+static)
✅ Offline Screen (static) (.PNG format)

Sakura Cat Overlays/Intermission :
✅ 2 Animated Just Chatting / Intermission Screens : 16:9 (1080x1920) (animated+static) Webm/PNG

Sakura Cat Facecam :
✅ 2 Animated Facecam Overlay (animated+static) Webm/PNG

Sakura Cat Panels :
✅ 27 Panels (.PNG format)

Sakura Cat Alerts :
✅ 6 Animated Alerts (WEBM format) (animated+static) Webm/PNG

Sakura Cat Twitch Emotes :
✅ 5 Twitch Emotes (WEBM format) (static) PNG

Sakura Cat Stream Labels :
✅ 4 Animated Stream Labels (animated+static) Webm/PNG

Sakura Cat Wallpapers/Background :
✅ 2 Wallpapers (1 Animated, 1 Static) (animated+static) Webm/PNG

Sakura Cat Stinger Transition :
✅ Animated Stinger Transition (.WEBM transparent)

Sakura Cat Social Media Kit (BANNERS)
✅ Social Media Kit (Twitch, Twitter, Kick, YouTube Headers) (PNG format)

Tutorial :
✅ PDF Tutorial (How to install your overlays)

Feel free to ask me to add something to this package if something is missing here for your stream.
Color and font changes are not accepted.

• Please Note: This item is licensed for personal use only. Commercial use, resale, or distribution to third parties or other platforms is strictly prohibited.

If you have any questions or encounter any issues with this product, please feel free to contact me anytime.

Animated twitch overlay By :
CozyJsStudio => https://cozyjsstudio.etsy.com

🖌️Tools Used: Adobe Photoshop, Adobe Firefly AI, Adobe After Effect, and Adobe Illustrator🖌️



✅If you want to bring your unique vision to life with a fully tailored stream package, please check out my custom commission listing here:

✅Custom Animated Twitch Stream Overlay Full Pack Bundle | OBS Alerts, Screens, Emotes, Badges

🔗 https://cozyjsstudio.etsy.com/listing/4500763545",25.6,USD,4,"twitch_overlay,Stream_Overlay,twitch_overlays,stream_overlays,Cat_Twitch,Sakura_cat_overlay,Stream_Package,Cozy_Cat_Overlay,Aesthetic_Stream,Cat_Overlays,Sakura_Overlay,Japan_Overlay,Twitch_japanese",,https://i.etsystatic.com/61635066/r/il/4963d2/7662523487/il_fullxfull.7662523487_fu57.jpg,https://i.etsystatic.com/61635066/r/il/f88e81/7614587396/il_fullxfull.7614587396_8t03.jpg,https://i.etsystatic.com/61635066/r/il/fa058f/7662520393/il_fullxfull.7662520393_r737.jpg,https://i.etsystatic.com/61635066/r/il/098b6d/7614586108/il_fullxfull.7614586108_ghq6.jpg,https://i.etsystatic.com/61635066/r/il/868b92/7662518965/il_fullxfull.7662518965_a1g6.jpg,https://i.etsystatic.com/61635066/r/il/fdfe69/7662518365/il_fullxfull.7662518365_j7yc.jpg,https://i.etsystatic.com/61635066/r/il/3ef360/7662518601/il_fullxfull.7662518601_jjid.jpg,https://i.etsystatic.com/61635066/r/il/bdd4c6/7662522509/il_fullxfull.7662522509_5r29.jpg,https://i.etsystatic.com/61635066/r/il/e2df3e/7662519173/il_fullxfull.7662519173_pcyt.jpg,https://i.etsystatic.com/61635066/r/il/781d5c/7614584374/il_fullxfull.7614584374_ixpu.jpg,,,,,,,,,,
"Pink Cherry Blossom Black Wolf Animated Stream Overlay Pack (Twitch/YouTube/Kick) | Wolves Overlays","Pink Cherry Blossom Black Wolf Animated Stream Package
Stream Overlay, Animated Overlay, Twitch Overlay, Japanese overlays, 
---
Save 40+ hours ! Get your stream looking professional in under 30 minutes.
---
⭐️ WHY CHOOSE THIS PACKAGE? ⭐️
✅ 60+ Premium Items Included (see list below)
✅ Multiple File Formats (WEBM, PNG, MOV)
✅ Instant Download - Go Live TODAY
✅ Easy Setup Tutorial Included
✅ Works with OBS, Streamlabs, & All Major Software
---
📦 WHAT'S INCLUDED (60+ ITEMS): 📦

ANIMATED OVERLAYS:
Screens :
4 Static & 3 Animation Version Screens :
✅ Starting Soon (animated+static) 
✅ Be Right Back (animated+static) 
✅ Stream Ending (animated+static) 
✅ Offline Screen (static) (.PNG format)

ANIMATED ALERTS:
 6 Animated Alerts (WEBM format) (animated+static) Webm/PNG
✅ Follow Alert (Animated)
✅ Subscribe Alert (Animated)
✅ Donation Alert (Animated)
✅ Raid Alert (Animated)
✅ Host Alert (Animated)

STREAM ESSENTIALS:
✅ 27 Panels (.PNG format)
✅ 5 Emotes HYPE, NICE, RIP , LOL ,and GG(.PNG format)
✅ 6 Sub-Badges (.PNG format)
✅ 2 Animated Facecam Overlay (animated+static)  Webm/PNG
✅ 2 Animated Just Chatting / Intermission Screens : 16:9 (1080x1920) (animated+static) Webm/PNG
✅ 2 Wallpapers /Background (1 Animated, 1 Static) (animated+static) Webm/PNG
✅ Animated Stinger Transition (.WEBM transparent)
✅ 4 Animated Stream Labels (animated+static) Webm/PNG
✅ Social Media Kit (BANNERS for :  Twitch, Twitter, Kick, YouTube Headers) (PNG format)
---
BONUS ITEMS:
✅ OBS/Streamlabs setup tutorial (PDF)
---
⚡️ INSTANT DELIVERY: ⚡️
Files delivered immediately after purchase via Etsy download
No waiting, no emails - start streaming in 30 minutes!
---
🎯 PERFECT FOR: 
• New streamers building their brand
• Experienced streamers refreshing their look
• Multi-platform creators (Twitch, YouTube, Kick)
• Gamers, chatters, IRL streamers
---
🛠 TECHNICAL SPECS: 
• Format: WEBM (animated), PNG (static)
• Resolution: 1920x1080 (Full HD)
• Compatible: OBS, Streamlabs, all major software
---
   AFTER PURCHASE:
1. Download files instantly
2. Watch our 5-minute setup tutorial
3. Import into OBS/Streamlabs
4. Go live with professional setup!
---
⭐️ LOVED BY STREAMERS! ⭐️
---
❓ QUESTIONS? ❓
Message us anytime! We typically respond within 2 hours.

---
⚠️ IMPORTANT NOTES:
• Digital download - no physical items shipped
• Files are for personal streaming use
• Not for resale or redistribution
• Instant delivery - check your Etsy downloads
---
:) Created by Cozy Js Studio : 
https://cozyjsstudio.etsy.com

🖌️Tools Used: Adobe Photoshop, Adobe Firefly AI, Adobe After Effect, and Adobe Illustrator🖌️



✅If you want to bring your unique vision to life with a fully tailored stream package, please check out my custom commission listing here:

✅Custom Animated Twitch Stream Overlay Full Pack Bundle | OBS Alerts, Screens, Emotes, Badges

🔗 https://cozyjsstudio.etsy.com/listing/4500763545",29.6,USD,3,"twitch_overlay,twitch_overlays,anime_twitch_overlay,wolf_overlays,cute_twitch_overlay,sakura_overlay,animated_stream_pack,vtuber_stream_pack,wolf_twitch_overlay,sakura_twitch,japanese_twitch,wolf_stream_pack,Pink_Cherry_Blossom",,https://i.etsystatic.com/61635066/r/il/76d4b1/7711711408/il_fullxfull.7711711408_4l7a.jpg,https://i.etsystatic.com/61635066/r/il/203afc/7759603269/il_fullxfull.7759603269_3cx7.jpg,https://i.etsystatic.com/61635066/r/il/dc8f2b/7759600417/il_fullxfull.7759600417_18pg.jpg,https://i.etsystatic.com/61635066/r/il/0ea27b/7759601979/il_fullxfull.7759601979_814z.jpg,https://i.etsystatic.com/61635066/r/il/7ff756/7711656908/il_fullxfull.7711656908_jp5q.jpg,https://i.etsystatic.com/61635066/r/il/6845c7/7759654031/il_fullxfull.7759654031_pqes.jpg,https://i.etsystatic.com/61635066/r/il/ba6af2/7759599771/il_fullxfull.7759599771_p6bk.jpg,https://i.etsystatic.com/61635066/r/il/0bb528/7711656230/il_fullxfull.7711656230_jwmi.jpg,https://i.etsystatic.com/61635066/r/il/b570a0/7711660136/il_fullxfull.7711660136_5ezi.jpg,https://i.etsystatic.com/61635066/r/il/6cdf3c/7759600517/il_fullxfull.7759600517_l3nd.jpg,,,,,,,,,,
"Animated Halloween Twitch Stream Overlay Pack | Purple Gothic Wolf Gaming Package (Digital Download)","Animated Halloween Twitch Overlay Pack | Cute Purple Gothic Gaming Room Stream Package for OBS | YouTube | Kick | Wolf Overlays
Stream Overlay, Animated Overlay, Twitch Overlay, Halloween overlay, 

 Cat Stream Overlays:
INSTANT DIGITAL DOWNLOAD
This is a digital product, nothing physical will be shipped.

• What will you get?
When you purchase this product, you’ll get a .PDF file containing a direct link to a Google Drive folder with the complete package.

Package Includes:
Halloween Twitch Screens:
4 Static & 3 Animation Version Screens:
✅ Starting Soon (animated+static) 
✅ Be Right Back (animated+static) 
✅ Stream Ending (animated+static) 
✅ Offline Screen (static) (.PNG format)

Halloween Twitch Overlays/Intermission:
✅ 4 Animated Just Chatting / Intermission Screens: 16:9 (1080x1920) (animated+static) Webm/PNG

Halloween Twitch Facecam :
✅ 2 Animated Facecam Overlay (animated+static)  Webm/PNG

Halloween Twitch Panels :
✅ 30 Panels (.PNG format)

Halloween Twitch Emotes:
✅ 6 Emotes (.PNG format)

Halloween TwitchAlerts:
✅ 6 Animated Alerts (WEBM format) (animated+static) Webm/PNG

Halloween Twitch Stream Labels:
✅ 4 Animated Stream Labels (animated+static) Webm/PNG

Wallpapers/Background :
✅ 2 Wallpapers (1 Animated, 1 Static) (animated+static) Webm/PNG

Halloween Twitch Stinger Transition:
✅ Animated Stinger Transition (.WEBM transparent)

Halloween Twitch Social Media Kit (BANNERS)
✅ Social Media Kit (Twitch, Twitter, Kick, YouTube Headers) (PNG format)

Tutorial :
✅ PDF Tutorial (How to install your overlays)


Feel free to ask me to add something to this package if something is missing here for your stream.
I can also add a translation, if you need, write to me. (Latin characters only)
Color and font changes are not accepted.

• Please Note: This item is licensed for personal use only. Commercial use, resale, or distribution to third parties or other platforms is strictly prohibited.

If you have any questions or encounter any issues with this product, please feel free to contact me anytime.

Black Cat Animated twitch overlay By:
CozyJsStudio => https://cozyjsstudio.etsy.com

🖌️Tools Used: Adobe Photoshop, Adobe Firefly AI, Adobe After Effect, and Adobe Illustrator🖌️



✅If you want to bring your unique vision to life with a fully tailored stream package, please check out my custom commission listing here:

✅Custom Animated Twitch Stream Overlay Full Pack Bundle | OBS Alerts, Screens, Emotes, Badges

🔗 https://cozyjsstudio.etsy.com/listing/4500763545",22.6,USD,5,"Stream_Overlay_cat,Stream_Overlay,Twitch_Overlay,gothic_Overlay,Spooky_Overlay,Halloween_Twitch,spooky_stream_pack,custom_overlay,Cat_Twitch_Overlay,Gothic_Cat_Overlay,Wolf_Overlays,Twitch_overlay_pack,Gothic_twitch",,https://i.etsystatic.com/61635066/r/il/d61854/8399213987/il_fullxfull.8399213987_liaa.jpg,https://i.etsystatic.com/61635066/r/il/02130a/8399212191/il_fullxfull.8399212191_oa5v.jpg,https://i.etsystatic.com/61635066/r/il/05a2ae/8351293186/il_fullxfull.8351293186_rj0i.jpg,https://i.etsystatic.com/61635066/r/il/684c85/8399019825/il_fullxfull.8399019825_kfmt.jpg,https://i.etsystatic.com/61635066/r/il/06c6ea/8351290310/il_fullxfull.8351290310_bgem.jpg,https://i.etsystatic.com/61635066/r/il/90cad8/8399019677/il_fullxfull.8399019677_r5cw.jpg,https://i.etsystatic.com/61635066/r/il/8f0edf/8351325950/il_fullxfull.8351325950_4k4d.jpg,https://i.etsystatic.com/61635066/r/il/75ef49/8399019537/il_fullxfull.8399019537_2qxm.jpg,https://i.etsystatic.com/61635066/r/il/236c34/8351331786/il_fullxfull.8351331786_9jn9.jpg,https://i.etsystatic.com/61635066/r/il/9f1e8d/8351217968/il_fullxfull.8351217968_e913.jpg,,,,,,,,,,
"Train Sunset Fox Overlay Animated Stream Package: For Twitch, YouTube, Kick | Coffee overlays","Train Sunset Fox Overlay Animated Stream Package
Stream Overlay, Animated Overlay, Twitch Overlay, Coffee overlay, 

Fox Stream Overlays :
INSTANT DIGITAL DOWNLOAD
This is a digital product, nothing physical will be shipped .

• What you will get?
When you purchase this product, you’ll get a .PDF file containing a direct link to a Google Drive folder with the complete package.

Package Includes :
Fox Screens :
4 Static & 3 Animation Version Screens :
✅ Starting Soon (animated+static) 
✅ Be Right Back (animated+static) 
✅ Stream Ending (animated+static) 
✅ Offline Screen (static) (.PNG format)

Fox Overlays/Intermission :
✅ 4 Animated Just Chatting / Intermission Screens : 16:9 (1080x1920) (animated+static) Webm/PNG

Fox Facecam :
✅ 2 Animated Facecam Overlay (animated+static)  Webm/PNG

Fox Panels :
✅ 30 Panels (.PNG format)

Fox Twitch Emotes :
✅ 5 Twitch Emotes (.PNG format)

Fox Sub Badges :
✅ 3 Sub Badges (.PNG format)

Fox Alerts :
✅ 6 Animated Alerts (WEBM format) (animated+static) Webm/PNG

Fox Stream Labels :
✅ 4 Animated Stream Labels (animated+static) Webm/PNG

Wallpapers/Background :
✅ 2 Wallpapers (1 Animated, 1 Static) (animated+static) Webm/PNG

Fox Stinger Transition :
✅ Animated Stinger Transition (.WEBM transparent)

Fox Social Media Kit (BANNERS)
✅ Social Media Kit (Twitch, Twitter, Kick, YouTube Headers) (PNG format)

Tutorial :
✅ PDF Tutorial (How to install your overlays) 

Feel free to ask me to add something to this package if something is missing here for your stream.
I can also add a translation, if you need, write to me. (Latin characters only)
Color and font changes are not accepted.

• Please Note: This item is licensed for personal use only. Commercial use, resale, or distribution to third parties or other platforms is strictly prohibited.

If you have any questions or encounter any issues with this product, please feel free to contact me anytime.

Note: My design process combines manual digital craftsmanship with AI-enhanced tools to achieve the perfect balance of detail, color, and quality.

Fox Twitch Overlay 
By :
CozyJsStudio => https://cozyjsstudio.etsy.com

🖌️Tools Used: Adobe Photoshop, Adobe Firefly AI, Adobe After Effect, and Adobe Illustrator🖌️



✅If you want to bring your unique vision to life with a fully tailored stream package, please check out my custom commission listing here:

✅Custom Animated Twitch Stream Overlay Full Pack Bundle | OBS Alerts, Screens, Emotes, Badges

🔗 https://cozyjsstudio.etsy.com/listing/4500763545",24.6,USD,17,"Fox_Twitch_Overlay,Twitch_Overlay_Fox,Stream_Overlay_Fox,Coffee_Overlay,Coffee_Twitch,Fox_Overlay,Stream_Overlay,Twitch_Overlay,Fox_Twitch_Pack,Fox_Twitch,Sakura_Overlay,Train_Overlay,Train_Fox",,https://i.etsystatic.com/61635066/r/il/5d098b/8046741255/il_fullxfull.8046741255_c45g.jpg,https://i.etsystatic.com/61635066/r/il/b3155f/7996900996/il_fullxfull.7996900996_5t0x.jpg,https://i.etsystatic.com/61635066/r/il/eaf8eb/8038333341/il_fullxfull.8038333341_qzze.jpg,https://i.etsystatic.com/61635066/r/il/f58e2c/7990396110/il_fullxfull.7990396110_kf8o.jpg,https://i.etsystatic.com/61635066/r/il/1525bd/8038332281/il_fullxfull.8038332281_nkmv.jpg,https://i.etsystatic.com/61635066/r/il/ed31a0/7990394536/il_fullxfull.7990394536_o67q.jpg,https://i.etsystatic.com/61635066/r/il/b2c8bd/8044835841/il_fullxfull.8044835841_r1at.jpg,https://i.etsystatic.com/61635066/r/il/700157/8038333569/il_fullxfull.8038333569_9yd4.jpg,https://i.etsystatic.com/61635066/r/il/da3394/8046740813/il_fullxfull.8046740813_5aa0.jpg,https://i.etsystatic.com/61635066/r/il/08ccec/7996902858/il_fullxfull.7996902858_1uuz.jpg,,,,,,,,,,
"Lofi Sunset Otter Overlay Animated Stream Package: Cozy | Twitch, YouTube, Kick | Coffee Overlays","Otter Lofi Sunset Aesthetic Animated Stream Package | Otter Twitch Overlay Pack | YouTube | kick | Coffee Overlays

Otter Twitch Overlay | Twitch Overlay Otter | Overlay Otter | Stream Otter sunset |Otter Overlays | Otter Twitch |Otter Overlay |Stream Overlay |Twitch Overlay |Twitch Coffee Overlay

Otter Lofi Sunset Coffee Stream Overlay:
INSTANT DIGITAL DOWNLOAD
This is a digital product, nothing physical will be shipped.

• What will you get?
When you purchase this product, you’ll get a .PDF file containing a direct link to a Google Drive folder with the complete package.

Package Includes:
Otter Lofi Sunset Coffee Screens:
4 Static & 3 Animation Version Screens:
✅ Starting Soon (animated & static)
✅ Be Right Back (animated & static)
✅ Stream Ending (animated & static)
✅ Offline Screen (static) (.PNG format)

Otter Lofi Sunset Coffee Overlays/Intermission:
✅ 2 Animated Just Chatting / Intermission Screens: 16:9 (1080x1920) (animated & static) Webm/PNG

Otter Lofi Sunset Coffee Facecam :
✅ 2 Animated Facecam Overlay (animated & static) Webm/PNG

Otter Lofi Sunset Coffee Panels:
✅ 30 Panels (.PNG format)

Otter Lofi Sunset Coffee Alerts:
✅ 6 Animated Alerts (WEBM format) (animated & static) Webm/PNG

Otter Lofi Sunset Coffee Twitch Emotes:
✅ 5 Twitch Emotes (WEBM format) (static) PNG

Otter Lofi Sunset Coffee Twitch Sub Badges:
✅ 3 Twitch Sub Badges (WEBM format) (static) PNG

Otter Lofi Sunset Coffee Stream Labels:
✅ 4 Animated Stream Labels (animated & static) Webm/PNG

Otter Lofi Sunset Coffee Wallpapers/Background:
✅ 2 Wallpapers (1 Animated, 1 Static) (animated & static) Webm/PNG

Otter Lofi Sunset Coffee Stinger Transition:
✅ Animated Stinger Transition (.WEBM transparent)

Otter Lofi Sunset Coffee Social Media Kit (BANNERS)
✅ social media Kit (Twitch, Twitter, Kick, YouTube Headers) (PNG format)

Tutorial:
✅ PDF Tutorial (How to install your overlays)

Feel free to ask me to add something to this package if something is missing here for your stream.
Color and font changes are not accepted.

• Please Note: This item is licensed for personal use only. Commercial use, resale, or distribution to third parties or other platforms is strictly prohibited.

If you have any questions or encounter any issues with this product, please feel free to contact me anytime.

Otter Lofi Sunset Coffee Animated twitch overlay By:
CozyJsStudio => https://cozyjsstudio.etsy.com

🖌️Tools Used: Adobe Photoshop, Adobe Firefly AI, Adobe After Effect, and Adobe Illustrator🖌️



✅If you want to bring your unique vision to life with a fully tailored stream package, please check out my custom commission listing here:

✅Custom Animated Twitch Stream Overlay Full Pack Bundle | OBS Alerts, Screens, Emotes, Badges

🔗 https://cozyjsstudio.etsy.com/listing/4500763545",24.6,USD,17,"Overlay_Otter,Stream_Otter_sunset,Otter_Overlays,Otter_Twitch,Otter_Overlay,Stream_Overlay,Twitch_Overlay,Sakura_Overlay,Otter_Package,Otter_Stream,Otter_overlay_pack,Otter_twitch_pack,Coffee_Overlay",,https://i.etsystatic.com/61635066/r/il/fffb4f/7986145508/il_fullxfull.7986145508_mitr.jpg,https://i.etsystatic.com/61635066/r/il/0d5452/7985265468/il_fullxfull.7985265468_m2ob.jpg,https://i.etsystatic.com/61635066/r/il/aed578/8032873353/il_fullxfull.8032873353_fo6v.jpg,https://i.etsystatic.com/61635066/r/il/2eb869/8032886209/il_fullxfull.8032886209_4wm1.jpg,https://i.etsystatic.com/61635066/r/il/086cc2/7984931468/il_fullxfull.7984931468_tnd7.jpg,https://i.etsystatic.com/61635066/r/il/1456da/8033478049/il_fullxfull.8033478049_p2g9.jpg,https://i.etsystatic.com/61635066/r/il/df2da5/7984932266/il_fullxfull.7984932266_so0s.jpg,https://i.etsystatic.com/61635066/r/il/55fb6f/7986140510/il_fullxfull.7986140510_t9b1.jpg,https://i.etsystatic.com/61635066/r/il/a179fa/7984932272/il_fullxfull.7984932272_2ex0.jpg,https://i.etsystatic.com/61635066/r/il/f1ffde/7985265246/il_fullxfull.7985265246_cdj9.jpg,,,,,,,,,,
"Fox Overlay Animated Stream Package: Twitch, YouTube, Kick | Setup Room Sakura Overlays","Animated Fox & Sakura stream package preview for Twitch, YouTube, and Kick. This cherry blossom stream pack features a pastel pink Japanese gaming setup room aesthetic. Perfect for a cozy black, white, and pink Sakura Twitch aesthetic! Elevate your stream with these cute, animated overlays.

Fox Stream Overlays:
INSTANT DIGITAL DOWNLOAD
This is a digital product, nothing physical will be shipped.

• What will you get?
When you purchase this product, you’ll get a .PDF file containing a direct link to a Google Drive folder with the complete package.

Package Includes:
Fox Screens:
4 Static & 3 Animation Version Screens:
✅ Starting Soon (animated & static)
✅ Be Right Back (animated & static)
✅ Stream Ending (animated & static)
✅ Offline Screen (static) (.PNG format)

Fox Overlays/Intermission:
✅ 4 Animated Just Chatting / Intermission Screens: 16:9 (1080x1920) (animated & static) WEBm/PNG

Fox Facecams :
✅ 2 Animated Facecam Overlay (animated & static) WEBm/PNG

Fox Panels:
✅ 28 Panels (.PNG format)

Fox Twitch Emotes:
✅ 5 Twitch Emotes (.PNG format)

Fox Sub Badges:
✅ 3 Sub Badges (.PNG format)

Fox Alerts:
✅ 6 Animated Alerts (WEBM format) (animated & static) WEBm/PNG

Fox Stream Labels:
✅ 4 Animated Stream Labels (animated & static) WEBm/PNG

Wallpapers/Background:
✅ 2 Wallpapers (1 Animated, 1 Static) (animated & static) WEBm/PNG

Fox Stinger Transition:
✅ Animated Stinger Transition (. WEBM transparent)

Fox Social Media Kit (BANNERS)
✅ social media Kit (Twitch, Twitter, Kick, YouTube Headers) (PNG format)

Tutorial:
✅ PDF Tutorial (How to install your overlays)

Feel free to ask me to add something to this package if something is missing here for your stream.
I can also add a translation, if you need, write to me. (Latin characters only)
Color and font changes are not accepted.

• Please Note: This item is licensed for personal use only. Commercial use, resale, or distribution to third parties or other platforms is strictly prohibited.

If you have any questions or encounter any issues with this product, please feel free to contact me anytime.

Fox Animated twitch overlay By:
CozyJsStudio => https://cozyjsstudio.etsy.com

🖌️Tools Used: Adobe Photoshop, Adobe Firefly AI, Adobe After Effect, and Adobe Illustrator🖌️



✅If you want to bring your unique vision to life with a fully tailored stream package, please check out my custom commission listing here:

✅Custom Animated Twitch Stream Overlay Full Pack Bundle | OBS Alerts, Screens, Emotes, Badges

🔗 https://cozyjsstudio.etsy.com/listing/4500763545",24.6,USD,7,"twitch_overlay,twitch_overlays,twitch_overlay_anime,stream_overlays,stream_overlay,Sakura_overlay,Setup_Overlay,Fox_Overlay,Fox_Twitch,Fox_Overlays,Sakura_Dreams,Cherry_Blossom_Theme,Sakura_Petals_Stream",,https://i.etsystatic.com/61635066/r/il/bc40af/7939112448/il_fullxfull.7939112448_sfuc.jpg,https://i.etsystatic.com/61635066/r/il/5b7875/7939111644/il_fullxfull.7939111644_iii0.jpg,https://i.etsystatic.com/61635066/r/il/e6051c/7974127841/il_fullxfull.7974127841_ckfq.jpg,https://i.etsystatic.com/61635066/r/il/d9c59c/7974128593/il_fullxfull.7974128593_t3f6.jpg,https://i.etsystatic.com/61635066/r/il/b7f39b/7926173544/il_fullxfull.7926173544_3h5d.jpg,https://i.etsystatic.com/61635066/r/il/f457da/7926158238/il_fullxfull.7926158238_3n7c.jpg,https://i.etsystatic.com/61635066/r/il/dc6e63/7926171244/il_fullxfull.7926171244_kgje.jpg,https://i.etsystatic.com/61635066/r/il/509a20/7974107917/il_fullxfull.7974107917_ccfd.jpg,https://i.etsystatic.com/61635066/r/il/c090f3/7974128705/il_fullxfull.7974128705_e8na.jpg,https://i.etsystatic.com/61635066/r/il/94c866/7987070601/il_fullxfull.7987070601_91fw.jpg,,,,,,,,,,
"Cat Overlay Animated Stream Package: Twitch, YouTube, Kick | Setup Room Sakura Overlays","Animated Cat & Sakura stream package preview for Twitch, YouTube, and Kick. This cherry blossom stream pack features a pastel pink Japanese gaming setup room aesthetic. Perfect for a cozy black, white, and pink Sakura Twitch aesthetic! Elevate your stream with these cute, animated overlays.

Cat Stream Overlays:
INSTANT DIGITAL DOWNLOAD
This is a digital product, nothing physical will be shipped.

• What will you get?
When you purchase this product, you’ll get a .PDF file containing a direct link to a Google Drive folder with the complete package.

Package Includes:
Cat Screens:
4 Static & 3 Animation Version Screens:
✅ Starting Soon (animated & static)
✅ Be Right Back (animated & static)
✅ Stream Ending (animated & static)
✅ Offline Screen (static) (.PNG format)

Cat Overlays/Intermission:
✅ 4 Animated Just Chatting / Intermission Screens: 16:9 (1080x1920) (animated & static) WEBm/PNG

Cat Facecams :
✅ 2 Animated Facecam Overlay (animated & static) WEBm/PNG

Cat Panels:
✅ 28 Panels (.PNG format)

Cat Twitch Emotes:
✅ 5 Twitch Emotes (.PNG format)

Cat Sub Badges:
✅ 3 Sub Badges (.PNG format)

Cat Alerts:
✅ 6 Animated Alerts (WEBM format) (animated & static) WEBm/PNG

Cat Stream Labels:
✅ 4 Animated Stream Labels (animated & static) WEBm/PNG

Wallpapers/Background:
✅ 2 Wallpapers (1 Animated, 1 Static) (animated & static) WEBm/PNG

Cat Stinger Transition:
✅ Animated Stinger Transition (. WEBM transparent)

Cat Social Media Kit (BANNERS)
✅ social media Kit (Twitch, Twitter, Kick, YouTube Headers) (PNG format)

Tutorial:
✅ PDF Tutorial (How to install your overlays)

Feel free to ask me to add something to this package if something is missing here for your stream.
I can also add a translation, if you need, write to me. (Latin characters only)
Color and font changes are not accepted.

• Please Note: This item is licensed for personal use only. Commercial use, resale, or distribution to third parties or other platforms is strictly prohibited.

If you have any questions or encounter any issues with this product, please feel free to contact me anytime.

Cat Animated twitch overlay By:
CozyJsStudio => https://cozyjsstudio.etsy.com

🖌️Tools Used: Adobe Photoshop, Adobe Firefly AI, Adobe After Effect, and Adobe Illustrator🖌️



✅If you want to bring your unique vision to life with a fully tailored stream package, please check out my custom commission listing here:

✅Custom Animated Twitch Stream Overlay Full Pack Bundle | OBS Alerts, Screens, Emotes, Badges

🔗 https://cozyjsstudio.etsy.com/listing/4500763545",24.6,USD,7,"cozy_Cat_overlay,Cat_Overlay,stream_overlay,twitch_overlay,Cat_gaming_room,aesthetic_overlay,cute_Cat_overlay,gaming_room_twitch,Cat_Twitch_Overlay,Cat_Twitch,Twitch_Overlay_Cat,Stream_Overlay_Cat,Cat_Twitch_Pack",,https://i.etsystatic.com/61635066/r/il/cd7299/7973996981/il_fullxfull.7973996981_ijmf.jpg,https://i.etsystatic.com/61635066/r/il/4cd20b/7926077534/il_fullxfull.7926077534_5jgo.jpg,https://i.etsystatic.com/61635066/r/il/1a9499/7926011436/il_fullxfull.7926011436_4psy.jpg,https://i.etsystatic.com/61635066/r/il/c35042/7973984683/il_fullxfull.7973984683_a4f0.jpg,https://i.etsystatic.com/61635066/r/il/1c0e8b/7973962415/il_fullxfull.7973962415_kuds.jpg,https://i.etsystatic.com/61635066/r/il/949cda/7926013740/il_fullxfull.7926013740_7e7x.jpg,https://i.etsystatic.com/61635066/r/il/f2f802/7926037906/il_fullxfull.7926037906_61ib.jpg,https://i.etsystatic.com/61635066/r/il/7d38c9/7926031902/il_fullxfull.7926031902_7uw5.jpg,https://i.etsystatic.com/61635066/r/il/fd5bd7/7926035960/il_fullxfull.7926035960_jfzb.jpg,https://i.etsystatic.com/61635066/r/il/06317b/7974034685/il_fullxfull.7974034685_r1mv.jpg,,,,,,,,,,
"Fox Forest Magic Animated Stream Package | Lofi Twitch Overlay | YouTube | Kick | Foxes Overlays","Fox Forest Magic Animated Stream Package | Lofi Twitch Overlay | YouTube | Kick | Fox Overlays | Nature Night Theme | Fox Animated Stream Package | Lofi Twitch Overlay | Magic Forest Night Theme | Panels Alerts Screens for Twitch YouTube Kick Fox twitch overlay | cozy twitch overlay | lofi twitch overlay | animated twitch overlay | twitch panels overlay | twitch alerts overlay | cozy Fox twitch pack | animated twitch pack | magical forest overlay | fantasy glow forest

Fox Forest Magic Stream Overlay :
INSTANT DIGITAL DOWNLOAD
This is a digital product, nothing physical will be shipped .

• What you will get?
When you purchase this product, you’ll get a .PDF file containing a direct link to a Google Drive folder with the complete package.

Package Includes :
Fox Forest Magic Screens :
4 Static & 3 Animation Version Screens :
✅ Starting Soon (animated+static)
✅ Be Right Back (animated+static)
✅ Stream Ending (animated+static)
✅ Offline Screen (static) (.PNG format)

Fox Forest Magic Overlays/Intermission :
✅ 2 Animated Just Chatting / Intermission Screens : 16:9 (1080x1920) (animated+static) Webm/PNG

Fox Forest Magic Facecam :
✅ 2 Animated Facecam Overlay (animated+static) Webm/PNG

Fox Forest Magic Panels :
✅ 27 Panels (.PNG format)

Fox Forest Magic Alerts :
✅ 6 Animated Alerts (WEBM format) (animated+static) Webm/PNG

Fox Forest Magic Twitch Emotes :
✅ 5 Twitch Emotes (WEBM format) (static) PNG

Fox Forest Magic Twitch Sub Badges :
✅ 3 Twitch Sub Badges (WEBM format) (static) PNG

Fox Forest Magic Stream Labels :
✅ 4 Animated Stream Labels (animated+static) Webm/PNG

Fox Forest Magic Wallpapers/Background :
✅ 2 Wallpapers (1 Animated, 1 Static) (animated+static) Webm/PNG

Fox Forest Magic Stinger Transition :
✅ Animated Stinger Transition (.WEBM transparent)

Fox Forest Magic Social Media Kit (BANNERS)
✅ Social Media Kit (Twitch, Twitter, Kick, YouTube Headers) (PNG format)

Tutorial :
✅ PDF Tutorial (How to install your overlays)

Feel free to ask me to add something to this package if something is missing here for your stream.
Color and font changes are not accepted.

• Please Note: This item is licensed for personal use only. Commercial use, resale, or distribution to third parties or other platforms is strictly prohibited.

If you have any questions or encounter any issues with this product, please feel free to contact me anytime.

Fox twitch overlay By :
CozyJsStudio => https://cozyjsstudio.etsy.com

🖌️Tools Used: Adobe Photoshop, Adobe Firefly AI, Adobe After Effect, and Adobe Illustrator🖌️



✅If you want to bring your unique vision to life with a fully tailored stream package, please check out my custom commission listing here:

✅Custom Animated Twitch Stream Overlay Full Pack Bundle | OBS Alerts, Screens, Emotes, Badges

🔗 https://cozyjsstudio.etsy.com/listing/4500763545",30.6,USD,6,"twitch_overlay,twitch_overlays,twitch_overlay_anime,stream_overlays,stream_overlay,Magic_Forest_twitch,Sakura_overlay,Twitch_Forest,Foxes_Overlay,Fox_Overlay,fox_Twitch,Foxes_Overlays,Foxes_Twitch",,https://i.etsystatic.com/61635066/r/il/5fc1ac/7822491494/il_fullxfull.7822491494_cm0u.jpg,https://i.etsystatic.com/61635066/r/il/e9d892/7870443433/il_fullxfull.7870443433_1cyv.jpg,https://i.etsystatic.com/61635066/r/il/d85a1b/7870410165/il_fullxfull.7870410165_h1fe.jpg,https://i.etsystatic.com/61635066/r/il/5b2f78/7870416163/il_fullxfull.7870416163_q8aq.jpg,https://i.etsystatic.com/61635066/r/il/de0a42/7870427185/il_fullxfull.7870427185_lb2k.jpg,https://i.etsystatic.com/61635066/r/il/894011/7870418711/il_fullxfull.7870418711_5y1z.jpg,https://i.etsystatic.com/61635066/r/il/f4e932/7870435647/il_fullxfull.7870435647_rlix.jpg,https://i.etsystatic.com/61635066/r/il/643870/7822472812/il_fullxfull.7822472812_stqu.jpg,https://i.etsystatic.com/61635066/r/il/ee93d2/7870428799/il_fullxfull.7870428799_f363.jpg,https://i.etsystatic.com/61635066/r/il/3cf746/7822473734/il_fullxfull.7822473734_jmeu.jpg,,,,,,,,,,
"Sakura Setup Bunny Animated Stream Package | Rabbit Twitch Overlay | YouTube | kick overlays","Sakura Setup Bunny Animated Stream Package | Bunnys Twitch Overlay | YouTube | kick overlays, Bunny Overlay Animated Stream Package, Sakura Overlay Animated Stream Package, Stream Overlay, Animated Overlay, Twitch Overlay, Bunny overlay, Bunny twitch, Gaming Setup Overlays

Bunny Stream Overlays:
INSTANT DIGITAL DOWNLOAD
This is a digital product, nothing physical will be shipped.

• What will you get?
When you purchase this product, you’ll get a .PDF file containing a direct link to a Google Drive folder with the complete package.

Package Includes:
Bunny Screens:
4 Static & 3 Animation Version Screens:
✅ Starting Soon (animated & static) 
✅ Be Right Back (animated & static) 
✅ Stream Ending (animated & static) 
✅ Offline Screen (static) (.PNG format)

Bunny Overlays/Intermission:
✅ 4 Animated Just Chatting / Intermission Screens: 16:9 (1080x1920) (animated & static) WEBm/PNG

Bunny Facecams :
✅ 2 Animated Facecam Overlay (animated & static)  WEBm/PNG

Bunny Panels:
✅ 28 Panels (.PNG format)

Bunny Twitch Emotes:
✅ 5 Twitch Emotes (.PNG format)

Bunny Sub Badges:
✅ 3 Sub Badges (.PNG format)

Bunny Alerts:
✅ 6 Animated Alerts (WEBM format) (animated & static) WEBm/PNG

Bunny Stream Labels:
✅ 4 Animated Stream Labels (animated & static) WEBm/PNG

Wallpapers/Background:
✅ 2 Wallpapers (1 Animated, 1 Static) (animated & static) WEBm/PNG

Bunny Stinger Transition:
✅ Animated Stinger Transition (. WEBM transparent)

Bunny Social Media Kit (BANNERS)
✅ social media Kit (Twitch, Twitter, Kick, YouTube Headers) (PNG format)

Tutorial:
✅ PDF Tutorial (How to install your overlays) 

Feel free to ask me to add something to this package if something is missing here for your stream.
I can also add a translation, if you need, write to me. (Latin characters only)
Color and font changes are not accepted.

• Please Note: This item is licensed for personal use only. Commercial use, resale, or distribution to third parties or other platforms is strictly prohibited.

If you have any questions or encounter any issues with this product, please feel free to contact me anytime.

Bunny Animated twitch overlay By:
CozyJsStudio => https://cozyjsstudio.etsy.com

🖌️Tools Used: Adobe Photoshop, Adobe Firefly AI, Adobe After Effect, and Adobe Illustrator🖌️



✅If you want to bring your unique vision to life with a fully tailored stream package, please check out my custom commission listing here:

✅Custom Animated Twitch Stream Overlay Full Pack Bundle | OBS Alerts, Screens, Emotes, Badges

🔗 https://cozyjsstudio.etsy.com/listing/4500763545",24.6,USD,3,"Bunny_Twitch_Overlay,Twitch_Overlay_Bunny,Stream_Overlay_Bunny,Bunny_Overlay,Bunny_Twitch,Stream_Overlay,Twitch_Overlay,Magic_Overlay,Bunny_Twitch_Pack,Cute_Overlays,Cozy_Overlay,neon_overlay,Sakura_Setup_overlay",,https://i.etsystatic.com/61635066/r/il/28fd78/8009826537/il_fullxfull.8009826537_orje.jpg,https://i.etsystatic.com/61635066/r/il/38e38e/8009692311/il_fullxfull.8009692311_aq5x.jpg,https://i.etsystatic.com/61635066/r/il/01a95e/8009691899/il_fullxfull.8009691899_syer.jpg,https://i.etsystatic.com/61635066/r/il/d48826/7961727126/il_fullxfull.7961727126_873f.jpg,https://i.etsystatic.com/61635066/r/il/db404d/8009814447/il_fullxfull.8009814447_bysi.jpg,https://i.etsystatic.com/61635066/r/il/8b1f86/8009693905/il_fullxfull.8009693905_dc8y.jpg,https://i.etsystatic.com/61635066/r/il/42eb60/8009813347/il_fullxfull.8009813347_dh8v.jpg,https://i.etsystatic.com/61635066/r/il/8a5e19/8009684027/il_fullxfull.8009684027_j6r8.jpg,https://i.etsystatic.com/61635066/r/il/7dc172/7964995200/il_fullxfull.7964995200_91pz.jpg,https://i.etsystatic.com/61635066/r/il/3e3487/8009680073/il_fullxfull.8009680073_1djb.jpg,,,,,,,,,,
"Corgi Jars Twitch Badges | Kawaii Sub, Bit, Channel Icons (Digital Download)","CORGI JARS TWITCH BADGES

Give your subscribers a magical badge progression to level up through with six adorable corgis nestled inside enchanting glass jars filled with vibrant orange poppies, delicate petals, golden sparkles, and dreamy warm pastel colors.

Each badge represents a new progression level, beginning with a tiny sleeping corgi beside a single flower bud and gradually transforming into a majestic celestial corgi surrounded by blooming poppies, ornate golden decorations, a glowing halo, and a beautiful pink gemstone lid.

Perfect for cozy, kawaii, dog lover, pet, floral, fantasy, cottagecore, and lofi-style Twitch channels looking for a charming badge set their community will love.

🌸 INSTANT DIGITAL DOWNLOAD

This is a digital product. No physical item will be shipped.

After purchasing, you will receive a PDF file containing a direct link to the Google Drive folder with the complete package.

PACKAGE INCLUDES

✅ 6 Sakura CORGI Jar Sub Badges
✅ Sub-badge sizes: 18×18, 36×36, and 72×72 px
✅ Emote and channel-point sizes: 28×28, 56×56, and 112×112 px
✅ Bonus 200×200 px versions
✅ High-quality PNG format
✅ Transparent backgrounds
✅ Ready to upload directly to Twitch

These icons are suitable for:

• Twitch subscriber badges
• Twitch Bit and Cheer badges
• Twitch channel-point rewards
• Kick subscriber badges
• YouTube membership badges
• Discord role icons

📌 PLEASE NOTE

This product is licensed for personal use only. Commercial use, resale, redistribution, sharing, copying, or uploading the files for sale on other platforms is strictly prohibited.

Because this is a digital download, no physical item will be delivered.

If you have any questions or experience an issue with your files, please feel free to contact me anytime. I’ll be happy to help!

Twitch Overlays and Assets by CozyJsStudio:
https://cozyjsstudio.etsy.com

🖌️ Tools Used: Adobe Photoshop and Adobe Firefly AI

✨ WANT A MATCHING CUSTOM TWITCH PACKAGE?

Complete your channel with matching Starting Soon screens, alerts, panels, emotes, overlays, and other custom stream assets:

https://cozyjsstudio.etsy.com/listing/4500763545",6.49,USD,7,"sakura_jar_badges,twitch_badges,sub_badge_set,bit_badges,channel_point_icon,discord_role_icons,cute_stream_badges,floral_twitch_badge,twitch_reward_icons,Corgi_Twitch_Badges,Corgi_Emotes,Corgi_Sub_Badges,Kawaii_Corgi",,https://i.etsystatic.com/61635066/r/il/08e3a9/8447196073/il_fullxfull.8447196073_g58k.jpg,https://i.etsystatic.com/61635066/r/il/49926b/8399314574/il_fullxfull.8399314574_4zat.jpg,https://i.etsystatic.com/61635066/r/il/e69eca/8447196057/il_fullxfull.8447196057_5fwg.jpg,https://i.etsystatic.com/61635066/r/il/9be205/8447195847/il_fullxfull.8447195847_6vnu.jpg,https://i.etsystatic.com/61635066/r/il/95f2cc/8447196061/il_fullxfull.8447196061_8x4t.jpg,https://i.etsystatic.com/61635066/r/il/fbefe9/8399314576/il_fullxfull.8399314576_bvnw.jpg,https://i.etsystatic.com/61635066/r/il/19fce2/8447195849/il_fullxfull.8447195849_pwt1.jpg,https://i.etsystatic.com/61635066/r/il/ca385d/8399314394/il_fullxfull.8399314394_trnf.jpg,https://i.etsystatic.com/61635066/r/il/d8ea8e/8447195851/il_fullxfull.8447195851_s7a9.jpg,https://i.etsystatic.com/61635066/r/il/718d3c/8447195813/il_fullxfull.8447195813_5nfo.jpg,,,,,,,,,,
"Sakura Owl Jars Twitch Badges | Kawaii Sub, Bit, Channel Icons (Digital Download)","Give your subscribers a magical badge progression to level up through with six adorable owls nestled inside enchanting glass jars filled with delicate white and yellow blossoms, drifting petals, golden sparkles, and dreamy warm pastel colors.

Each badge represents a new progression level, beginning with a tiny sleeping owl holding a small leaf and gradually transforming into a majestic celestial owl surrounded by blooming florals, ornate golden decorations, a glowing halo, and a beautiful pink gemstone lid.

Perfect for cozy, kawaii, woodland, bird, nature, floral, fantasy, cottagecore, and lofi-style Twitch channels looking for a charming badge set their community will love.

 INSTANT DIGITAL DOWNLOAD

This is a digital product. No physical item will be shipped.

After purchasing, you will receive a PDF file containing a direct link to the Google Drive folder with the complete package.

 PACKAGE INCLUDES

✅ 6 Sakura owl Jar Sub Badges
✅ Sub-badge sizes: 18×18, 36×36, and 72×72 px
✅ Emote and channel-point sizes: 28×28, 56×56, and 112×112 px
✅ Bonus 200×200 px versions
✅ High-quality PNG format
✅ Transparent backgrounds
✅ Ready to upload directly to Twitch

These icons are suitable for:

• Twitch subscriber badges
• Twitch Bit and Cheer badges
• Twitch channel-point rewards
• Kick subscriber badges
• YouTube membership badges
• Discord role icons

📌 PLEASE NOTE

This product is licensed for personal use only. Commercial use, resale, redistribution, sharing, copying, or uploading the files for sale on other platforms is strictly prohibited.

Because this is a digital download, no physical item will be delivered.

If you have any questions or experience an issue with your files, please feel free to contact me anytime. I’ll be happy to help!

Twitch Overlays and Assets by CozyJsStudio:
https://cozyjsstudio.etsy.com

🖌️ Tools Used: Adobe Photoshop and Adobe Firefly AI

✨ WANT A MATCHING CUSTOM TWITCH PACKAGE?

Complete your channel with matching Starting Soon screens, alerts, panels, emotes, overlays, and other custom stream assets:

https://cozyjsstudio.etsy.com/listing/4500763545",6.49,USD,7,"sakura_jar_badges,twitch_badges,bit_badges,channel_point_icon,discord_role_icons,cute_stream_badges,floral_twitch_badge,twitch_reward_icons,Owl_badge_twitch,kawaii_owl,owl_emotes,owl_sub_badges,owl_twitch_badges",,https://i.etsystatic.com/61635066/r/il/0d42c2/8399288034/il_fullxfull.8399288034_kryk.jpg,https://i.etsystatic.com/61635066/r/il/f77de1/8447169427/il_fullxfull.8447169427_sn32.jpg,https://i.etsystatic.com/61635066/r/il/99ab5e/8399288006/il_fullxfull.8399288006_6fwt.jpg,https://i.etsystatic.com/61635066/r/il/64ea39/8447168853/il_fullxfull.8447168853_i5bl.jpg,https://i.etsystatic.com/61635066/r/il/8156b7/8399287896/il_fullxfull.8399287896_oq6c.jpg,https://i.etsystatic.com/61635066/r/il/ca5dbc/8447169457/il_fullxfull.8447169457_2b4x.jpg,https://i.etsystatic.com/61635066/r/il/8ba9df/8399287386/il_fullxfull.8399287386_ebab.jpg,https://i.etsystatic.com/61635066/r/il/81b570/8447168873/il_fullxfull.8447168873_93jq.jpg,https://i.etsystatic.com/61635066/r/il/23932a/8447168867/il_fullxfull.8447168867_g2zd.jpg,https://i.etsystatic.com/61635066/r/il/992e14/8447168781/il_fullxfull.8447168781_8pry.jpg,,,,,,,,,,
"Koala Jars Twitch Badges | Kawaii Sub, Bit, Channel Icons (Digital Download)","KOALA JARS TWITCH BADGES

Give your subscribers a magical badge progression to level up through with six adorable koalas nestled inside enchanting glass jars filled with delicate pink blossoms, green foliage, drifting petals, golden sparkles, and dreamy warm pastel colors.

Each badge represents a new progression level, beginning with a tiny sleeping koala beside a small flower bud and gradually transforming into a majestic celestial koala surrounded by blooming florals, ornate golden decorations, a glowing halo, and a beautiful pink gemstone lid.

Perfect for cozy, kawaii, wildlife, nature, floral, fantasy, cottagecore, and lofi-style Twitch channels looking for a charming badge set their community will love.

🌿 INSTANT DIGITAL DOWNLOAD

This is a digital product. No physical item will be shipped.

After purchasing, you will receive a PDF file containing a direct link to the Google Drive folder with the complete package.

🐨 PACKAGE INCLUDES

✅ 6 Koala Jar Sub Badges
✅ Sub-badge sizes: 18×18, 36×36, and 72×72 px
✅ Emote and channel-point sizes: 28×28, 56×56, and 112×112 px
✅ Bonus 200×200 px versions
✅ High-quality PNG format
✅ Transparent backgrounds
✅ Ready to upload directly to Twitch

These icons are suitable for:

• Twitch subscriber badges
• Twitch Bit and Cheer badges
• Twitch channel-point rewards
• Kick subscriber badges
• YouTube membership badges
• Discord role icons

📌 PLEASE NOTE

This product is licensed for personal use only. Commercial use, resale, redistribution, sharing, copying, or uploading the files for sale on other platforms is strictly prohibited.

Because this is a digital download, no physical item will be delivered.

If you have any questions or experience an issue with your files, please feel free to contact me anytime. I’ll be happy to help!

Twitch Overlays and Assets by CozyJsStudio:
https://cozyjsstudio.etsy.com

🖌️ Tools Used: Adobe Photoshop and Adobe Firefly AI

✨ WANT A MATCHING CUSTOM TWITCH PACKAGE?

Complete your channel with matching Starting Soon screens, alerts, panels, emotes, overlays, and other custom stream assets:

https://cozyjsstudio.etsy.com/listing/4500763545",6.49,USD,7,"sakura_jar_badges,twitch_badges,bit_badges,channel_point_icon,discord_role_icons,cute_stream_badges,floral_twitch_badge,twitch_reward_icons,Koala_sub_badges,Koala_twitch_Badges,Kawaii_Koala,koala_emotes,koala_badges_twitch",,https://i.etsystatic.com/61635066/r/il/fce1dd/8445359961/il_fullxfull.8445359961_7b9m.jpg,https://i.etsystatic.com/61635066/r/il/05534b/8397476560/il_fullxfull.8397476560_m2bs.jpg,https://i.etsystatic.com/61635066/r/il/e2fb64/8445359919/il_fullxfull.8445359919_t9kv.jpg,https://i.etsystatic.com/61635066/r/il/23a53a/8445359623/il_fullxfull.8445359623_gg06.jpg,https://i.etsystatic.com/61635066/r/il/79abbb/8445359723/il_fullxfull.8445359723_b3m9.jpg,https://i.etsystatic.com/61635066/r/il/10d2d9/8445359743/il_fullxfull.8445359743_btrj.jpg,https://i.etsystatic.com/61635066/r/il/972cc3/8397476210/il_fullxfull.8397476210_53q1.jpg,https://i.etsystatic.com/61635066/r/il/5ec6ee/8445359657/il_fullxfull.8445359657_qjx3.jpg,https://i.etsystatic.com/61635066/r/il/9964c2/8397476222/il_fullxfull.8397476222_r4mb.jpg,https://i.etsystatic.com/61635066/r/il/6120bf/8445359595/il_fullxfull.8445359595_495j.jpg,,,,,,,,,,
"Lavender Spring Fox Animated Stream Package | Fox Twitch Overlay | YouTube | kick overlays","Lavender Spring Fox Animated Stream Package | Foxs Twitch Overlay | YouTube | kick overlays, Fox Overlay Animated Stream Package
Stream Overlay, Animated Overlay, Twitch Overlay, Fox overlay, Fox twitch, Gaming Setup Overlays

Fox Stream Overlays:
INSTANT DIGITAL DOWNLOAD
This is a digital product, nothing physical will be shipped.

• What will you get?
When you purchase this product, you’ll get a .PDF file containing a direct link to a Google Drive folder with the complete package.

Package Includes:
Fox Screens:
4 Static & 3 Animation Version Screens:
✅ Starting Soon (animated & static)
✅ Be Right Back (animated & static)
✅ Stream Ending (animated & static)
✅ Offline Screen (static) (.PNG format)

Fox Overlays/Intermission:
✅ 4 Animated Just Chatting / Intermission Screens: 16:9 (1080x1920) (animated & static) WEBm/PNG

Fox Facecams :
✅ 2 Animated Facecam Overlay (animated & static) WEBm/PNG

Fox Panels:
✅ 28 Panels (.PNG format)

Fox Twitch Emotes:
✅ 5 Twitch Emotes (.PNG format)

Fox Sub Badges:
✅ 3 Sub Badges (.PNG format)

Fox Alerts:
✅ 6 Animated Alerts (WEBM format) (animated & static) WEBm/PNG

Fox Stream Labels:
✅ 4 Animated Stream Labels (animated & static) WEBm/PNG

Wallpapers/Background:
✅ 2 Wallpapers (1 Animated, 1 Static) (animated & static) WEBm/PNG

Fox Stinger Transition:
✅ Animated Stinger Transition (. WEBM transparent)

Fox Social Media Kit (BANNERS)
✅ social media Kit (Twitch, Twitter, Kick, YouTube Headers) (PNG format)

Tutorial:
✅ PDF Tutorial (How to install your overlays)

Feel free to ask me to add something to this package if something is missing here for your stream.
I can also add a translation, if you need, write to me. (Latin characters only)
Color and font changes are not accepted.

• Please Note: This item is licensed for personal use only. Commercial use, resale, or distribution to third parties or other platforms is strictly prohibited.

If you have any questions or encounter any issues with this product, please feel free to contact me anytime.

Fox Animated twitch overlay By:
CozyJsStudio => https://cozyjsstudio.etsy.com

🖌️Tools Used: Adobe Photoshop, Adobe Firefly AI, Adobe After Effect, and Adobe Illustrator🖌️



✅If you want to bring your unique vision to life with a fully tailored stream package, please check out my custom commission listing here:

✅Custom Animated Twitch Stream Overlay Full Pack Bundle | OBS Alerts, Screens, Emotes, Badges

🔗 https://cozyjsstudio.etsy.com/listing/4500763545",24.6,USD,6,"Fox_Twitch_Overlay,Twitch_Overlay_Fox,Stream_Overlay_Fox,Fox_Overlay,Fox_Twitch,Stream_Overlay,Twitch_Overlay,Magic_Overlay,Black_Fox_Overlay,Fox_Twitch_Pack,Cute_Overlays,Cozy_Overlay,neon_overlay",,https://i.etsystatic.com/61635066/r/il/988488/7960605351/il_fullxfull.7960605351_cqhj.jpg,https://i.etsystatic.com/61635066/r/il/726f5a/7960609875/il_fullxfull.7960609875_kz7a.jpg,https://i.etsystatic.com/61635066/r/il/d4fa3b/7912697330/il_fullxfull.7912697330_71lm.jpg,https://i.etsystatic.com/61635066/r/il/903c1f/7960655155/il_fullxfull.7960655155_no45.jpg,https://i.etsystatic.com/61635066/r/il/54e88b/7912696638/il_fullxfull.7912696638_s5nt.jpg,https://i.etsystatic.com/61635066/r/il/f93fc4/7960595411/il_fullxfull.7960595411_b6na.jpg,https://i.etsystatic.com/61635066/r/il/3d7efa/7912697548/il_fullxfull.7912697548_qt1x.jpg,https://i.etsystatic.com/61635066/r/il/75ae6b/7912647034/il_fullxfull.7912647034_9p7l.jpg,https://i.etsystatic.com/61635066/r/il/2dc84d/7960653123/il_fullxfull.7960653123_tc0a.jpg,https://i.etsystatic.com/61635066/r/il/207340/7960620437/il_fullxfull.7960620437_ef7j.jpg,,,,,,,,,,
"Cozy Frog Jars Twitch Sub Badges | Kawaii Emotes, Channel Points (Digital Download)","Cozy Frog Jars Twitch Sub Badges | Kawaii Frog Loyalty Badges | Pastel Night Sky | Instant Download
Give your subs something to fall in love with six Cozy Frog curled up inside glowing glass jars.
Perfect for cozy, kawaii, and lofi-style Twitch channels looking for a soft, magical badge set your community will actually want to level up for.

INSTANT DIGITAL DOWNLOAD
This is a digital product nothing physical will be shipped.
What will you get?
When you purchase this product, you'll get a .PDF file containing a direct link to a Google Drive folder with the complete package.

Package Includes Cozy Frog Jars Sub Badges:
✅ x6 Sub Badges Cozy Frog Jars
✅ All sizes included For Sub Badges (18x18, 36x36, 72x72 px)
✅ All sizes included For Emotes: 28x28, 56x56, 112x112 px 
✅+ Bonus 200x200 px
✅ .PNG format, transparent background
✅ Ready to upload directly to Twitch subscriber badge tiers
Compatible with: Twitch (subscriber badges), and easily adaptable for Kick, YouTube Membership badges, or Discord roles on request.


Please Note: This item is licensed for personal use only. Commercial use, resale, or distribution to third parties or other platforms is strictly prohibited.
If you have any questions or run into issues with your files, feel free to contact me anytime.

Animated Twitch Overlay & Assets By: CozyJsStudio → https://cozyjsstudio.etsy.com
🖌️ Tools Used: Adobe Photoshop, Adobe Firefly AI🖌️

✅ Want a fully matching overlay package (Starting Soon, alerts, panels, emotes) to go with these badges? Check out my custom commission listing:

🔗https://cozyjsstudio.etsy.com/listing/4500763545",6.49,USD,18,"lily_frog_jars,frog_badges,frog_twitch,twitch_badges,sub_badges,bit_badges,channel_points,discord_icons,cute_badges,stream_badges,kawaii_badges,badge_bundle,twitch_reward",,https://i.etsystatic.com/61635066/r/il/1a0e72/8443853611/il_fullxfull.8443853611_f136.jpg,https://i.etsystatic.com/61635066/r/il/ecc165/8443853583/il_fullxfull.8443853583_rd2a.jpg,https://i.etsystatic.com/61635066/r/il/b65398/8443853579/il_fullxfull.8443853579_oqax.jpg,https://i.etsystatic.com/61635066/r/il/a458fc/8395970584/il_fullxfull.8395970584_hpyd.jpg,https://i.etsystatic.com/61635066/r/il/9abae1/8443853259/il_fullxfull.8443853259_ndx8.jpg,https://i.etsystatic.com/61635066/r/il/7a5d5d/8443853509/il_fullxfull.8443853509_leoi.jpg,https://i.etsystatic.com/61635066/r/il/ca6e53/8395970630/il_fullxfull.8395970630_cpkc.jpg,https://i.etsystatic.com/61635066/r/il/8ae16c/8443853211/il_fullxfull.8443853211_gt3r.jpg,https://i.etsystatic.com/61635066/r/il/18e219/8443853197/il_fullxfull.8443853197_1jck.jpg,https://i.etsystatic.com/61635066/r/il/c1f48c/8443853051/il_fullxfull.8443853051_fnse.jpg,,,,,,,,,,
"Magic Potion Jars Twitch Badges | Kawaii Witchy Sub Bits (Digital Download)","Magic Potion Jars Twitch Badges | Cute Witchy Sub Bits & Channel Point Icons | Twitch Discord Bundle All Sizes
Give your subs something to fall in love with six Magic Potion Jars  . 
Perfect for cozy, kawaii, and lofi-style Twitch channels looking for a soft, magical badge set your community will actually want to level up for.

INSTANT DIGITAL DOWNLOAD
This is a digital product — nothing physical will be shipped.
What will you get?
When you purchase this product, you'll get a .PDF file containing a direct link to a Google Drive folder with the complete package.

Package Includes — Magic Potion Jars Sub Badges:
✅ x6 Sub Badges 
✅ All sizes included For Sub Badges (18x18, 36x36, 72x72 px)
✅ All sizes included For Emotes: 28x28, 56x56, 112x112 px 
✅+ Bonus 200x200 px
✅ .PNG format, transparent background
✅ Ready to upload directly to Twitch subscriber badge tiers
Compatible with: Twitch (subscriber badges), and easily adaptable for Kick, YouTube Membership badges, or Discord roles on request.


Please Note: This item is licensed for personal use only. Commercial use, resale, or distribution to third parties or other platforms is strictly prohibited.
If you have any questions or run into issues with your files, feel free to contact me anytime.

Animated Twitch Overlay & Assets By: CozyJsStudio → https://cozyjsstudio.etsy.com
🖌️ Tools Used: Adobe Photoshop, Adobe Firefly AI🖌️

✅ Want a fully matching overlay package (Starting Soon, alerts, panels, emotes) to go with these badges? Check out my custom commission listing:
🔗https://cozyjsstudio.etsy.com/listing/4500763545",6.49,USD,17,"magic_potion_jars,witchy_badges,witchy_twitch,twitch_badges,sub_badges,bit_badges,channel_points,discord_icons,cute_badges,stream_badges,kawaii_badges,badge_bundle,twitch_reward",,https://i.etsystatic.com/61635066/r/il/a32e2f/8261482654/il_fullxfull.8261482654_8y0k.jpg,https://i.etsystatic.com/61635066/r/il/1347d3/8309406891/il_fullxfull.8309406891_nq7c.jpg,https://i.etsystatic.com/61635066/r/il/0ebd01/8309417069/il_fullxfull.8309417069_89y9.jpg,https://i.etsystatic.com/61635066/r/il/bdc53f/8261494240/il_fullxfull.8261494240_dr6g.jpg,https://i.etsystatic.com/61635066/r/il/96bb71/8309406477/il_fullxfull.8309406477_fe46.jpg,https://i.etsystatic.com/61635066/r/il/5ee656/8261478702/il_fullxfull.8261478702_d2ez.jpg,https://i.etsystatic.com/61635066/r/il/7b9d45/8309404325/il_fullxfull.8309404325_dzz3.jpg,https://i.etsystatic.com/61635066/r/il/7935c9/8309390425/il_fullxfull.8309390425_ea7n.jpg,https://i.etsystatic.com/61635066/r/il/57436c/8309404075/il_fullxfull.8309404075_dtjy.jpg,https://i.etsystatic.com/61635066/r/il/88d0db/8309391545/il_fullxfull.8309391545_70uc.jpg,,,,,,,,,,
"Turtle Under Sea Room Animated Stream Package | Turtle Green Twitch Overlay | YouTube | kick overlays","Turtle Under Sea Room  Magic Animated Stream Package | Lofi Twitch Overlay | YouTube | Kick | Turtles Overlays | Nature Night Theme | Turtles Animated Stream Package | Lofi Twitch Overlay | Magic Under Sea Room  Night Theme | Panels Alerts Screens for Twitch YouTube Kick Turtle twitch overlay | cozy twitch overlay | lofi twitch overlay | animated twitch overlay | twitch panels overlay | twitch alerts overlay | cozy Turtle twitch pack | animated twitch pack | magical Under Sea Room  overlay | fantasy glow Under Sea Room  

Turtle Under Sea Room Magic Stream Overlay :
INSTANT DIGITAL DOWNLOAD
This is a digital product, nothing physical will be shipped .

• What you will get?
When you purchase this product, you’ll get a .PDF file containing a direct link to a Google Drive folder with the complete package.

Package Includes :
Turtle Under Sea Room  Magic Screens :
4 Static & 3 Animation Version Screens :
✅ Starting Soon (animated+static)
✅ Be Right Back (animated+static)
✅ Stream Ending (animated+static)
✅ Offline Screen (static) (.PNG format)

Turtle Under Sea Room  Magic Overlays/Intermission :
✅ 4 Animated Just Chatting / Intermission Screens : 16:9 (1080x1920) (animated+static) Webm/PNG

Turtle Under Sea Room  Magic Facecam :
✅ 2 Animated Facecam Overlay (animated+static) Webm/PNG

Turtle Under Sea Room  Magic Panels :
✅ 28 Panels (.PNG format)

Turtle Under Sea Room  Magic Alerts :
✅ 6 Animated Alerts (WEBM format) (animated+static) Webm/PNG

Turtle Under Sea Room  Magic Twitch Emotes :
✅ 5 Twitch Emotes (WEBM format) (static) PNG

Turtle Under Sea Room  Magic Twitch Sub Badges :
✅ 3 Twitch Sub Badges (WEBM format) (static) PNG

Turtle Under Sea Room  Magic Stream Labels :
✅ 4 Animated Stream Labels (animated+static) Webm/PNG

Turtle Under Sea Room  Magic Wallpapers/Background :
✅ 2 Wallpapers (1 Animated, 1 Static) (animated+static) Webm/PNG

Turtle Under Sea Room  Magic Stinger Transition :
✅ Animated Stinger Transition (.WEBM transparent)

Turtle Under Sea Room  Magic Social Media Kit (BANNERS)
✅ Social Media Kit (Twitch, Twitter, Kick, YouTube Headers) (PNG format)

Tutorial :
✅ PDF Tutorial (How to install your overlays)

Feel free to ask me to add something to this package if something is missing here for your stream.
Color and font changes are not accepted.

• Please Note: This item is licensed for personal use only. Commercial use, resale, or distribution to third parties or other platforms is strictly prohibited.

If you have any questions or encounter any issues with this product, please feel free to contact me anytime.

Animated twitch overlay By :
CozyJsStudio => https://cozyjsstudio.etsy.com

🖌️Tools Used: Adobe Photoshop, Adobe Firefly AI, Adobe After Effect, and Adobe Illustrator🖌️



✅If you want to bring your unique vision to life with a fully tailored stream package, please check out my custom commission listing here:

✅Custom Animated Twitch Stream Overlay Full Pack Bundle | OBS Alerts, Screens, Emotes, Badges

🔗 https://cozyjsstudio.etsy.com/listing/4500763545",24.6,USD,5,"twitch_overlay,twitch_overlays,twitch_overlay_anime,stream_overlays,stream_overlay,Under_Sea_twitch,Sakura_overlay,Turtles_Overlay,Turtle_Overlay,Turtle_Twitch,Turtles_Overlays,Turtles_Twitch,Twitch_Sea_Room",,https://i.etsystatic.com/61635066/r/il/7746e7/7942347621/il_fullxfull.7942347621_3bqs.jpg,https://i.etsystatic.com/61635066/r/il/21ccf6/7942325727/il_fullxfull.7942325727_t46h.jpg,https://i.etsystatic.com/61635066/r/il/0bacdf/7942350835/il_fullxfull.7942350835_8lt2.jpg,https://i.etsystatic.com/61635066/r/il/b5e11b/7894391952/il_fullxfull.7894391952_edam.jpg,https://i.etsystatic.com/61635066/r/il/6b5d7c/7942410463/il_fullxfull.7942410463_whva.jpg,https://i.etsystatic.com/61635066/r/il/934844/7894388982/il_fullxfull.7894388982_3vkb.jpg,https://i.etsystatic.com/61635066/r/il/e836a3/7894389738/il_fullxfull.7894389738_nq7b.jpg,https://i.etsystatic.com/61635066/r/il/115e7b/7942410429/il_fullxfull.7942410429_4da4.jpg,https://i.etsystatic.com/61635066/r/il/ce2b84/7942348851/il_fullxfull.7942348851_c6uc.jpg,https://i.etsystatic.com/61635066/r/il/904250/7894370354/il_fullxfull.7894370354_eagt.jpg,,,,,,,,,,
"Dragon Jars Twitch Badges | Kawaii Sub, Bit, Channel Icons (Digital Download)","Give your subscribers a magical badge progression to level up through with six adorable dragons nestled inside enchanting glass jars filled with delicate lotus flowers, drifting petals, golden sparkles, and dreamy warm pastel colors.

Each badge represents a new progression level, beginning with a tiny sleeping dragon beside a lotus bud and gradually transforming into a majestic celestial dragon surrounded by blooming lotuses, ornate golden decorations, a glowing halo, and a beautiful pink gemstone lid.

Perfect for cozy, kawaii, magical, mythical, fantasy, floral, cottagecore, and lofi-style Twitch channels looking for a charming badge set their community will love.

🌸 INSTANT DIGITAL DOWNLOAD

This is a digital product. No physical item will be shipped.

After purchasing, you will receive a PDF file containing a direct link to the Google Drive folder with the complete package.

 PACKAGE INCLUDES

✅ 6 Sakura Dragon Jar Sub Badges
✅ Sub-badge sizes: 18×18, 36×36, and 72×72 px
✅ Emote and channel-point sizes: 28×28, 56×56, and 112×112 px
✅ Bonus 200×200 px versions
✅ High-quality PNG format
✅ Transparent backgrounds
✅ Ready to upload directly to Twitch

These icons are suitable for:

• Twitch subscriber badges
• Twitch Bit and Cheer badges
• Twitch channel-point rewards
• Kick subscriber badges
• YouTube membership badges
• Discord role icons

📌 PLEASE NOTE

This product is licensed for personal use only. Commercial use, resale, redistribution, sharing, copying, or uploading the files for sale on other platforms is strictly prohibited.

Because this is a digital download, no physical item will be delivered.

If you have any questions or experience an issue with your files, please feel free to contact me anytime. I’ll be happy to help!

Twitch Overlays and Assets by CozyJsStudio:
https://cozyjsstudio.etsy.com

🖌️ Tools Used: Adobe Photoshop and Adobe Firefly AI

✨ WANT A MATCHING CUSTOM TWITCH PACKAGE?

Complete your channel with matching Starting Soon screens, alerts, panels, emotes, overlays, and other custom stream assets:

https://cozyjsstudio.etsy.com/listing/4500763545",6.49,USD,7,"sakura_jar_badges,twitch_badges,sub_badge_set,bit_badges,channel_point_icon,discord_role_icons,cute_stream_badges,floral_twitch_badge,twitch_reward_icons,Kawaii_Dragon,Dragon_Sub_Badges,Dragon_Emotes,Dragon_Twitch_Badges",,https://i.etsystatic.com/61635066/r/il/0b907c/8443774449/il_fullxfull.8443774449_6no9.jpg,https://i.etsystatic.com/61635066/r/il/95004f/8443774437/il_fullxfull.8443774437_r1bh.jpg,https://i.etsystatic.com/61635066/r/il/456aa2/8395892922/il_fullxfull.8395892922_6iby.jpg,https://i.etsystatic.com/61635066/r/il/1c7f72/8395892668/il_fullxfull.8395892668_1r58.jpg,https://i.etsystatic.com/61635066/r/il/22f92d/8443774375/il_fullxfull.8443774375_auij.jpg,https://i.etsystatic.com/61635066/r/il/caa42b/8443774409/il_fullxfull.8443774409_4vj3.jpg,https://i.etsystatic.com/61635066/r/il/097033/8443774265/il_fullxfull.8443774265_acwz.jpg,https://i.etsystatic.com/61635066/r/il/5985e1/8395892746/il_fullxfull.8395892746_etsu.jpg,https://i.etsystatic.com/61635066/r/il/eb0231/8443774279/il_fullxfull.8443774279_3r3p.jpg,https://i.etsystatic.com/61635066/r/il/2b0717/8395892618/il_fullxfull.8395892618_80tm.jpg,,,,,,,,,,
"Fox Jars Twitch Badges | Kawaii Sub, Bit, Channel Icons (Digital Download)","Fox JARS TWITCH BADGES

Give your subscribers a magical badge progression to level up through with six adorable foxes nestled inside enchanting glass jars filled with delicate peach and pink blossoms, drifting petals, golden sparkles, and dreamy warm pastel colors.

Each badge represents a new progression level, beginning with a tiny sleeping fox beside a single flower and gradually transforming into a majestic celestial fox surrounded by blooming florals, ornate golden decorations, a glowing halo, and a beautiful pink gemstone lid.

Perfect for cozy, kawaii, woodland, nature, floral, fantasy, cottagecore, and lofi-style Twitch channels looking for a charming badge set their community will love.

🍂 INSTANT DIGITAL DOWNLOAD

This is a digital product. No physical item will be shipped.

After purchasing, you will receive a PDF file containing a direct link to the Google Drive folder with the complete package.

 PACKAGE INCLUDES

✅ 6 Fox Jar Sub Badges
✅ Sub-badge sizes: 18×18, 36×36, and 72×72 px
✅ Emote and channel-point sizes: 28×28, 56×56, and 112×112 px
✅ Bonus 200×200 px versions
✅ High-quality PNG format
✅ Transparent backgrounds
✅ Ready to upload directly to Twitch

These icons are suitable for:

• Twitch subscriber badges
• Twitch Bit and Cheer badges
• Twitch channel-point rewards
• Kick subscriber badges
• YouTube membership badges
• Discord role icons

📌 PLEASE NOTE

This product is licensed for personal use only. Commercial use, resale, redistribution, sharing, copying, or uploading the files for sale on other platforms is strictly prohibited.

Because this is a digital download, no physical item will be delivered.

If you have any questions or experience an issue with your files, please feel free to contact me anytime. I’ll be happy to help!

Twitch Overlays and Assets by CozyJsStudio:
https://cozyjsstudio.etsy.com

🖌️ Tools Used: Adobe Photoshop and Adobe Firefly AI

✨ WANT A MATCHING CUSTOM TWITCH PACKAGE?

Complete your channel with matching Starting Soon screens, alerts, panels, emotes, overlays, and other custom stream assets:

https://cozyjsstudio.etsy.com/listing/4500763545",6.49,USD,7,"bear_sub_badges,sakura_jar_badges,twitch_badges,bit_badges,channel_point_icon,discord_role_icons,cute_stream_badges,floral_twitch_badge,twitch_reward_icons,Fox_Twitch_Badges,Fox_Sakura_Emotes,Fox_SUB_badges,Sakura_kawaii_fox",,https://i.etsystatic.com/61635066/r/il/c40599/8443667069/il_fullxfull.8443667069_8o15.jpg,https://i.etsystatic.com/61635066/r/il/5967c2/8395784968/il_fullxfull.8395784968_aywr.jpg,https://i.etsystatic.com/61635066/r/il/751801/8395784980/il_fullxfull.8395784980_az6a.jpg,https://i.etsystatic.com/61635066/r/il/0b42b6/8443666885/il_fullxfull.8443666885_kpwd.jpg,https://i.etsystatic.com/61635066/r/il/ac4dfe/8395784848/il_fullxfull.8395784848_h6m6.jpg,https://i.etsystatic.com/61635066/r/il/61dc28/8395784978/il_fullxfull.8395784978_47k6.jpg,https://i.etsystatic.com/61635066/r/il/b34936/8395784834/il_fullxfull.8395784834_3ybg.jpg,https://i.etsystatic.com/61635066/r/il/e94256/8395784830/il_fullxfull.8395784830_cewr.jpg,https://i.etsystatic.com/61635066/r/il/2ea705/8395784836/il_fullxfull.8395784836_lygh.jpg,https://i.etsystatic.com/61635066/r/il/f4a7de/8443666863/il_fullxfull.8443666863_haq7.jpg,,,,,,,,,,
"Otter Jars Twitch Badges | Kawaii Sub, Bit, Channel Icons (Digital Download)","Give your subscribers a magical badge progression to level up through with six adorable otters nestled inside enchanting glass jars filled with purple irises, delicate petals, golden sparkles, and dreamy pastel colors.

As showcased in the reference file twitch-sub-badges-screenSoon_2.jpg, each badge represents a new progression level, beginning with a tiny sleeping otter beside a yellow tulip and gradually transforming into a majestic celestial otter surrounded by blooming irises, ornate golden decorations, a glowing halo, and a beautiful pink gemstone lid.

Perfect for cozy, kawaii, river, nature, floral, fantasy, cottagecore, and lofi-style Twitch channels looking for a charming badge set their community will love.

🦦INSTANT DIGITAL DOWNLOAD
This is a digital product nothing physical will be shipped.
What will you get?
When you purchase this product, you'll get a .PDF file containing a direct link to a Google Drive folder with the complete package.

Package Includes Cute Otter Sub Badges:
✅ x6 Sub Badges Cute Otter
✅ All sizes included For Sub Badges (18x18, 36x36, 72x72 px)
✅ All sizes included For Emotes: 28x28, 56x56, 112x112 px 
✅+ Bonus 200x200 px
✅ .PNG format, transparent background
✅ Ready to upload directly to Twitch subscriber badge tiers
Compatible with: Twitch (subscriber badges), and easily adaptable for Kick, YouTube Membership badges, or Discord roles on request.


Please Note: This item is licensed for personal use only. Commercial use, resale, or distribution to third parties or other platforms is strictly prohibited.
If you have any questions or run into issues with your files, feel free to contact me anytime.

Animated Twitch Overlay & Assets By: CozyJsStudio → https://cozyjsstudio.etsy.com
🖌️ Tools Used: Adobe Photoshop, Adobe Firefly AI🖌️

✅ Want a fully matching overlay package (Starting Soon, alerts, panels, emotes) to go with these badges? Check out my custom commission listing:
🔗https://cozyjsstudio.etsy.com/listing/4500763545",6.49,USD,16,"river_shell_jars,otter_badges,otter_twitch,twitch_badges,sub_badges,bit_badges,channel_points,discord_icons,cute_badges,stream_badges,kawaii_badges,badge_bundle,twitch_reward",,https://i.etsystatic.com/61635066/r/il/2beb57/8395745904/il_fullxfull.8395745904_iaaw.jpg,https://i.etsystatic.com/61635066/r/il/639100/8443628469/il_fullxfull.8443628469_tog9.jpg,https://i.etsystatic.com/61635066/r/il/291586/8443628457/il_fullxfull.8443628457_hojt.jpg,https://i.etsystatic.com/61635066/r/il/a75b25/8443628253/il_fullxfull.8443628253_23yb.jpg,https://i.etsystatic.com/61635066/r/il/a0ef7d/8395745864/il_fullxfull.8395745864_865h.jpg,https://i.etsystatic.com/61635066/r/il/bfc6ef/8395745908/il_fullxfull.8395745908_kkkt.jpg,https://i.etsystatic.com/61635066/r/il/9c5ab7/8443628273/il_fullxfull.8443628273_gwyc.jpg,https://i.etsystatic.com/61635066/r/il/364b9e/8443628289/il_fullxfull.8443628289_4igf.jpg,https://i.etsystatic.com/61635066/r/il/2d5516/8395745724/il_fullxfull.8395745724_amdf.jpg,https://i.etsystatic.com/61635066/r/il/d0c156/8443628207/il_fullxfull.8443628207_k353.jpg,,,,,,,,,,
"Red Panda Jars Twitch Badges | Kawaii Sub, Bit, Channel Icons (Digital Download)","RED PANDA JARS TWITCH BADGES

Give your subscribers a magical badge progression to level up through with six adorable red pandas nestled inside enchanting glass jars filled with autumn leaves, sakura blossoms, delicate petals, golden sparkles, and dreamy warm colors.

Each badge represents a new progression level, beginning with a tiny sleeping red panda and gradually transforming into a majestic celestial red panda surrounded by blooming flowers, ornate golden decorations, a glowing halo, and a beautiful pink gemstone.

Perfect for cozy, kawaii, autumn, nature, floral, fantasy, cottagecore, and lofi-style Twitch channels looking for a charming badge set their community will love.

🍁 INSTANT DIGITAL DOWNLOAD

This is a digital product. No physical item will be shipped.

After purchasing, you will receive a PDF file containing a direct link to the Google Drive folder with the complete package.

 PACKAGE INCLUDES

✅ 6 Red Panda Jar Sub Badges
✅ Sub-badge sizes: 18×18, 36×36, and 72×72 px
✅ Emote and channel-point sizes: 28×28, 56×56, and 112×112 px
✅ Bonus 200×200 px versions
✅ High-quality PNG format
✅ Transparent backgrounds
✅ Ready to upload directly to Twitch

These icons are suitable for:

• Twitch subscriber badges
• Twitch Bit and Cheer badges
• Twitch channel-point rewards
• Kick subscriber badges
• YouTube membership badges
• Discord role icons

📌 PLEASE NOTE

This product is licensed for personal use only. Commercial use, resale, redistribution, sharing, copying, or uploading the files for sale on other platforms is strictly prohibited.

Because this is a digital download, no physical item will be delivered.

If you have any questions or experience an issue with your files, please feel free to contact me anytime. I’ll be happy to help!

Twitch Overlays and Assets by CozyJsStudio:
https://cozyjsstudio.etsy.com

🖌️ Tools Used: Adobe Photoshop and Adobe Firefly AI

✨ WANT A MATCHING CUSTOM TWITCH PACKAGE?

Complete your channel with matching Starting Soon screens, alerts, panels, emotes, overlays, and other custom stream assets:

https://cozyjsstudio.etsy.com/listing/4500763545",6.49,USD,7,"bear_twitch_badge,bear_sub_badges,sakura_jar_badges,twitch_badges,bit_badges,channel_point_icon,discord_role_icons,cute_stream_badges,floral_twitch_badge,twitch_reward_icons,Red_Panda_Badges,Kawaii_Red_Panda,Red_panda_Emotes",,https://i.etsystatic.com/61635066/r/il/18b8e1/8443587159/il_fullxfull.8443587159_l84l.jpg,https://i.etsystatic.com/61635066/r/il/eb7a88/8443587149/il_fullxfull.8443587149_dvbo.jpg,https://i.etsystatic.com/61635066/r/il/5c3bbe/8443587109/il_fullxfull.8443587109_dht4.jpg,https://i.etsystatic.com/61635066/r/il/1b6202/8395704474/il_fullxfull.8395704474_b0jv.jpg,https://i.etsystatic.com/61635066/r/il/7bfb4d/8395704480/il_fullxfull.8395704480_a27a.jpg,https://i.etsystatic.com/61635066/r/il/ff6114/8395704488/il_fullxfull.8395704488_icf6.jpg,https://i.etsystatic.com/61635066/r/il/67d678/8443586935/il_fullxfull.8443586935_kb0n.jpg,https://i.etsystatic.com/61635066/r/il/df4ba5/8443591381/il_fullxfull.8443591381_6a8g.jpg,https://i.etsystatic.com/61635066/r/il/37e5e9/8395708722/il_fullxfull.8395708722_89z6.jpg,https://i.etsystatic.com/61635066/r/il/9158c7/8395704446/il_fullxfull.8395704446_h6mt.jpg,,,,,,,,,,
"Animated Cats Forest Stream Package | Cats Twitch Overlay | YouTube & Kick Overlays | Cozy Strawberry House | Kawaii Kitty Stream Overlay","Cats Forest Magic Animated Stream Package | Lofi Twitch Overlay | YouTube | Kick | Cats Overlays | Nature Night Theme | Cats Animated Stream Package | Lofi Twitch Overlay | Magic Forest Night Theme | Panels Alerts Screens for Twitch YouTube Kick cat twitch overlay | cozy twitch overlay | lofi twitch overlay | animated twitch overlay | twitch panels overlay | twitch alerts overlay | cozy cat twitch pack | animated twitch pack | magical forest overlay | fantasy glow forest 

Cats Forest Magic Stream Overlay:
INSTANT DIGITAL DOWNLOAD
This is a digital product, nothing physical will be shipped.

• What will you get?
When you purchase this product, you’ll get a .PDF file containing a direct link to a Google Drive folder with the complete package.

Package Includes:
Cats Forest Magic Screens:
4 Static & 3 Animation Version Screens:
✅ Starting Soon (animated+static)
✅ Be Right Back (animated+static)
✅ Stream Ending (animated+static)
✅ Offline Screen (static) (.PNG format)

Cats Forest Magic Overlays/Intermission:
✅ 4 Animated Just Chatting / Intermission Screens: 16:9 (1080x1920) (animated+static) Webm/PNG

Cats Forest Magic Facecam :
✅ 2 Animated Facecam Overlay (animated+static) Webm/PNG

Cats Forest Magic Panels:
✅ 27 Panels (.PNG format)

Cats Forest Magic Alerts:
✅ 6 Animated Alerts (WEBM format) (animated+static) Webm/PNG

Cat Forest Magic Twitch Emotes:
✅ 7 Twitch Emotes (WEBM format) (static) PNG

Cat Forest Magic Twitch Sub Badges:
✅ 6 Twitch Sub Badges (WEBM format) (static) PNG

Cats Forest Magic Stream Labels:
✅ 4 Animated Stream Labels (animated+static) Webm/PNG

Cats Forest Magic Wallpapers/Background:
✅ 2 Wallpapers (1 Animated, 1 Static) (animated+static) Webm/PNG

Cats Forest Magic Stinger Transition:
✅ Animated Stinger Transition (. WEBM transparent)

Cats Forest Magic Social Media Kit (BANNERS)
✅ Social Media Kit (Twitch, Twitter, Kick, YouTube Headers) (PNG format)

Tutorial:
✅ PDF Tutorial (How to install your overlays)

Feel free to ask me to add something to this package if something is missing here for your stream.
Color and font changes are not accepted.

• Please Note: This item is licensed for personal use only. Commercial use, resale, or distribution to third parties or other platforms is strictly prohibited.

If you have any questions or encounter any issues with this product, please feel free to contact me anytime.

Animated twitch overlay By :
CozyJsStudio => https://cozyjsstudio.etsy.com

🖌️Tools Used: Adobe Photoshop, Adobe Firefly AI, Adobe After Effect, and Adobe Illustrator🖌️



✅If you want to bring your unique vision to life with a fully tailored stream package, please check out my custom commission listing here:

✅Custom Animated Twitch Stream Overlay Full Pack Bundle | OBS Alerts, Screens, Emotes, Badges

🔗 https://cozyjsstudio.etsy.com/listing/4500763545",22.6,USD,18,"twitch_overlay,twitch_overlays,twitch_overlay_anime,stream_overlays,stream_overlay,Magic_Forest_twitch,Sakura_overlay,Twitch_Forest,Cats_Overlay,Cat_Overlay,Cat_Twitch,Cats_Overlays,Cats_Twitch",,https://i.etsystatic.com/61635066/r/il/7bd66a/8443282279/il_fullxfull.8443282279_6mkn.jpg,https://i.etsystatic.com/61635066/r/il/4ae574/8395367954/il_fullxfull.8395367954_phud.jpg,https://i.etsystatic.com/61635066/r/il/9e1499/8443282549/il_fullxfull.8443282549_rgz6.jpg,https://i.etsystatic.com/61635066/r/il/2b8af6/8443228471/il_fullxfull.8443228471_ipgn.jpg,https://i.etsystatic.com/61635066/r/il/eb5117/8395346662/il_fullxfull.8395346662_s13c.jpg,https://i.etsystatic.com/61635066/r/il/284795/8395363534/il_fullxfull.8395363534_qqvv.jpg,https://i.etsystatic.com/61635066/r/il/104fd6/8395347312/il_fullxfull.8395347312_arwt.jpg,https://i.etsystatic.com/61635066/r/il/c73912/8443403029/il_fullxfull.8443403029_7en0.jpg,https://i.etsystatic.com/61635066/r/il/c4abb9/8395363386/il_fullxfull.8395363386_jclw.jpg,https://i.etsystatic.com/61635066/r/il/fa23f1/8443280379/il_fullxfull.8443280379_bfnu.jpg,,,,,,,,,,
"Cozy Cats Jars Twitch Sub Badges | Kawaii Cat Loyalty Badges (Digital Download)","Cozy Cats Jars Twitch Sub Badges | Kawaii Cat Loyalty Badges | Pastel Night Sky | Instant Download
Give your subs something to fall in love with six sleepy cats curled up inside glowing glass jars, each one cradling a crescent moon or star and drifting on a little cloud under a dreamy purple night sky. 
Perfect for cozy, kawaii, and lofi-style Twitch channels looking for a soft, magical badge set your community will actually want to level up for.

INSTANT DIGITAL DOWNLOAD
This is a digital product — nothing physical will be shipped.
What will you get?
When you purchase this product, you'll get a .PDF file containing a direct link to a Google Drive folder with the complete package.

Package Includes — Cozy Cats Jars Sub Badges:
✅ x6 Sub Badges (black cat, white tabby, grey cat, orange tabby, black & white cat, calico cat)
✅ All sizes included For Sub Badges (18x18, 36x36, 72x72 px)
✅ All sizes included For Emotes: 28x28, 56x56, 112x112 px 
✅+ Bonus 200x200 px
✅ .PNG format, transparent background
✅ Ready to upload directly to Twitch subscriber badge tiers
Compatible with: Twitch (subscriber badges), and easily adaptable for Kick, YouTube Membership badges, or Discord roles on request.


Please Note: This item is licensed for personal use only. Commercial use, resale, or distribution to third parties or other platforms is strictly prohibited.
If you have any questions or run into issues with your files, feel free to contact me anytime.

Animated Twitch Overlay & Assets By: CozyJsStudio → https://cozyjsstudio.etsy.com
🖌️ Tools Used: Adobe Photoshop, Adobe Firefly AI🖌️

✅ Want a fully matching overlay package (Starting Soon, alerts, panels, emotes) to go with these badges? Check out my custom commission listing:
🔗https://cozyjsstudio.etsy.com/listing/4500763545",6.49,USD,15,"twitch_badge,moon_badge,sub_reward,sub_point,twitch_rewards,moon_icon,twitch_reward,discord_sticker,star_badge,Jar_badges,cat_Badge,cat_Jar,cat",,https://i.etsystatic.com/61635066/r/il/0e9933/8215805950/il_fullxfull.8215805950_109n.jpg,https://i.etsystatic.com/61635066/r/il/907570/8215815214/il_fullxfull.8215815214_r6fe.jpg,https://i.etsystatic.com/61635066/r/il/2d15ea/8215794138/il_fullxfull.8215794138_mkj9.jpg,https://i.etsystatic.com/61635066/r/il/0ffc54/8215814992/il_fullxfull.8215814992_spbm.jpg,https://i.etsystatic.com/61635066/r/il/18184d/8263724793/il_fullxfull.8263724793_2hh2.jpg,https://i.etsystatic.com/61635066/r/il/a4547c/8263739953/il_fullxfull.8263739953_jep4.jpg,https://i.etsystatic.com/61635066/r/il/1e971a/8263725025/il_fullxfull.8263725025_nsd6.jpg,https://i.etsystatic.com/61635066/r/il/fc023e/8215868814/il_fullxfull.8215868814_1tkg.jpg,https://i.etsystatic.com/61635066/r/il/548ac8/8215799348/il_fullxfull.8215799348_bfsh.jpg,https://i.etsystatic.com/61635066/r/il/cfb1b9/8215861734/il_fullxfull.8215861734_73d4.jpg,,,,,,,,,,
"Animated Panda Sakura Stream Overlay Package | Cozy Neon Magic VTuber Graphics | Twitch, YouTube, Kick","Panda Magic Sakura Animated Stream Overlay | Cozy Panda Neon Twitch Overlay | YouTube | Kick | Pandas Overlays| Sakura Panda Animated Stream Package | Stream Overlay | Animated Overlay | Twitch Overlay | Panda overlays

Stream Overlay :
INSTANT DIGITAL DOWNLOAD
This is a digital product, nothing physical will be shipped .

• What you will get?
When you purchase this product, you’ll get a .PDF file containing a direct link to a Google Drive folder with the complete package.

Package Includes :
Screens :
4 Static & 3 Animation Version Screens :
✅ Starting Soon (animated+static) 
✅ Be Right Back (animated+static) 
✅ Stream Ending (animated+static) 
✅ Offline Screen (static) (.PNG format)

Overlays/Intermission :
✅ 2 Animated Just Chatting / Intermission Screens : 16:9 (1080x1920) (animated+static) Webm/PNG

Facecam :
✅ 2 Animated Facecam Overlay (animated+static)  Webm/PNG

Panels :
✅ 27 Panels (.PNG format)

Alerts :
✅ 6 Animated Alerts (WEBM format) (animated+static) Webm/PNG

Twitch Emotes :
✅ 5 Twitch Emotes (WEBM format) (static) PNG

Twitch Sub Badges :
✅ 3 Twitch Sub Badges (WEBM format) (static) PNG

Stream Labels :
✅ 4 Animated Stream Labels (animated+static) Webm/PNG

Wallpapers/Background :
✅ 2 Wallpapers (1 Animated, 1 Static) (animated+static) Webm/PNG

Stinger Transition :
✅ Animated Stinger Transition (.WEBM transparent)

Social Media Kit (BANNERS)
✅ Social Media Kit (Twitch, Twitter, Kick, YouTube Headers) (PNG format)

Tutorial :
✅ PDF Tutorial (How to install your overlays) 

Feel free to ask me to add something to this package if something is missing here for your stream.
Color and font changes are not accepted.

• Please Note: This item is licensed for personal use only. Commercial use, resale, or distribution to third parties or other platforms is strictly prohibited.

If you have any questions or encounter any issues with this product, please feel free to contact me anytime.

Animated twitch overlay By :
CozyJsStudio => https://cozyjsstudio.etsy.com

🖌️Tools Used: Adobe Photoshop, Adobe Firefly AI, Adobe After Effect, and Adobe Illustrator🖌️



✅If you want to bring your unique vision to life with a fully tailored stream package, please check out my custom commission listing here:

✅Custom Animated Twitch Stream Overlay Full Pack Bundle | OBS Alerts, Screens, Emotes, Badges

🔗 https://cozyjsstudio.etsy.com/listing/4500763545",28.6,USD,5,"twitch_overlay,twitch_overlays,twitch_overlay_anime,stream_overlays,stream_overlay,samurai_twitch,japanese_overlay,Sakura_overlay,Japan_Overlay,Panda_Overlay,Panda_Twitch,Panda_Overlays,Twitch_Neon_Overlay",,https://i.etsystatic.com/61635066/r/il/a96351/7807247199/il_fullxfull.7807247199_2ave.jpg,https://i.etsystatic.com/61635066/r/il/e99fc4/7807257189/il_fullxfull.7807257189_k059.jpg,https://i.etsystatic.com/61635066/r/il/16bdc5/7759304934/il_fullxfull.7759304934_ax58.jpg,https://i.etsystatic.com/61635066/r/il/5ed83b/7807253447/il_fullxfull.7807253447_422v.jpg,https://i.etsystatic.com/61635066/r/il/c02ad5/7759300088/il_fullxfull.7759300088_mthx.jpg,https://i.etsystatic.com/61635066/r/il/d908d2/7807244959/il_fullxfull.7807244959_dvna.jpg,https://i.etsystatic.com/61635066/r/il/21384b/7807252937/il_fullxfull.7807252937_8bfp.jpg,https://i.etsystatic.com/61635066/r/il/b78d24/7807252263/il_fullxfull.7807252263_jsir.jpg,https://i.etsystatic.com/61635066/r/il/fa1f14/7759309492/il_fullxfull.7759309492_pheu.jpg,https://i.etsystatic.com/61635066/r/il/069976/7807248107/il_fullxfull.7807248107_mrh7.jpg,,,,,,,,,,
"Blossom Panda Animated Stream Package: For Twitch Overlay, YouTube, Kick | Panda Overlays","Blossom Panda Animated Stream Package
Stream Overlay, Animated Overlay, Twitch Overlay, Panda overlays, 

Stream Overlay :
INSTANT DIGITAL DOWNLOAD
This is a digital product, nothing physical will be shipped .

• What you will get?
When you purchase this product, you’ll get a .PDF file containing a direct link to a Google Drive folder with the complete package.

Package Includes :
Screens :
4 Static & 3 Animation Version Screens :
✅ Starting Soon (animated+static) 
✅ Be Right Back (animated+static) 
✅ Stream Ending (animated+static) 
✅ Offline Screen (static) (.PNG format)

Overlays/Intermission :
✅ 2 Animated Just Chatting / Intermission Screens : 16:9 (1080x1920) (animated+static) Webm/PNG

Facecam :
✅ 2 Animated Facecam Overlay (animated+static)  Webm/PNG

Panels :
✅ 27 Panels (.PNG format)

Alerts :
✅ 6 Animated Alerts (WEBM format) (animated+static) Webm/PNG

Twitch Emotes :
✅ 9 Twitch Emotes (WEBM format) (static) PNG

Stream Labels :
✅ 4 Animated Stream Labels (animated+static) Webm/PNG

Wallpapers/Background :
✅ 2 Wallpapers (1 Animated, 1 Static) (animated+static) Webm/PNG

Stinger Transition :
✅ Animated Stinger Transition (.WEBM transparent)

Social Media Kit (BANNERS)
✅ Social Media Kit (Twitch, Twitter, Kick, YouTube Headers) (PNG format)

Tutorial :
✅ PDF Tutorial (How to install your overlays) 

Feel free to ask me to add something to this package if something is missing here for your stream.
Color and font changes are not accepted.

• Please Note: This item is licensed for personal use only. Commercial use, resale, or distribution to third parties or other platforms is strictly prohibited.

If you have any questions or encounter any issues with this product, please feel free to contact me anytime.

Animated twitch overlay By :
CozyJsStudio => https://cozyjsstudio.etsy.com

🖌️Tools Used: Adobe Photoshop, Adobe Firefly AI, Adobe After Effect, and Adobe Illustrator🖌️



✅If you want to bring your unique vision to life with a fully tailored stream package, please check out my custom commission listing here:

✅Custom Animated Twitch Stream Overlay Full Pack Bundle | OBS Alerts, Screens, Emotes, Badges

🔗 https://cozyjsstudio.etsy.com/listing/4500763545",29.6,USD,4,"twitch_overlay,twitch_overlays,twitch_overlay_anime,stream_overlays,stream_overlay,samurai_twitch,japanese_overlay,Sakura_overlay,Twitch_japanese,Japan_Overlay,Panda_Overlay,Panda_Twitch,Panda_Overlays",,https://i.etsystatic.com/61635066/r/il/8dc885/7638251243/il_fullxfull.7638251243_cwu1.jpg,https://i.etsystatic.com/61635066/r/il/df17c3/7590295852/il_fullxfull.7590295852_7ri6.jpg,https://i.etsystatic.com/61635066/r/il/1888ef/7638247395/il_fullxfull.7638247395_6k3r.jpg,https://i.etsystatic.com/61635066/r/il/a6aab4/7590294306/il_fullxfull.7590294306_9wcu.jpg,https://i.etsystatic.com/61635066/r/il/731e8c/7590292624/il_fullxfull.7590292624_h7zr.jpg,https://i.etsystatic.com/61635066/r/il/0518c0/7638249793/il_fullxfull.7638249793_37qi.jpg,https://i.etsystatic.com/61635066/r/il/05830b/7638251287/il_fullxfull.7638251287_ogzp.jpg,https://i.etsystatic.com/61635066/r/il/dbb4a6/7638250707/il_fullxfull.7638250707_dqtw.jpg,https://i.etsystatic.com/61635066/r/il/cbb993/7590297154/il_fullxfull.7590297154_qug3.jpg,https://i.etsystatic.com/61635066/r/il/6e49c7/7590292644/il_fullxfull.7590292644_ngzu.jpg,,,,,,,,,,
"Custom order for Pethros Dragoa","Custom order phase one",200,USD,1,,,https://i.etsystatic.com/61635066/r/il/dfb3ea/8390407046/il_fullxfull.8390407046_lh3q.jpg,,,,,,,,,,,,,,,,,,,
"Lofi Sunset Dog Shiba Overlay Animated Stream Package: Cozy | Twitch, YouTube, Kick | Coffee Overlays","Dog Shiba Lofi Sunset Aesthetic Animated Stream Package | Dog Shiba Twitch Overlay Pack | YouTube | kick | Coffee Overlays

Dog Shiba Twitch Overlay | Twitch Overlay Dog Shiba | Overlay Dog Shiba | Stream Dog Shiba sunset |Dog Shiba Overlays |Dog Shiba Twitch |Dog Shiba Overlay |Stream Overlay |Twitch Overlay |Twitch Coffee Overlay | Sakura Overlay| Dog Shiba Package |Dog Shiba Stream | Dog Shiba overlay pack |Dog Shiba twitch pack |Stream Overlay Dog Shiba | White Dog Shiba Overlay | Dog Shiba Twitch | Dog Shiba Overlay | Stream Overlay | Twitch Overlay

Dog Shiba Lofi Sunset Coffee Stream Overlay:
INSTANT DIGITAL DOWNLOAD
This is a digital product, nothing physical will be shipped.

• What will you get?
When you purchase this product, you’ll get a .PDF file containing a direct link to a Google Drive folder with the complete package.

Package Includes:
Dog Shiba Lofi Sunset Coffee Screens:
4 Static & 3 Animation Version Screens:
✅ Starting Soon (animated & static)
✅ Be Right Back (animated & static)
✅ Stream Ending (animated & static)
✅ Offline Screen (static) (.PNG format)

Dog Shiba Lofi Sunset Coffee Overlays/Intermission:
✅ 2 Animated Just Chatting / Intermission Screens: 16:9 (1080x1920) (animated & static) Webm/PNG

Dog Shiba Lofi Sunset Coffee Facecam :
✅ 2 Animated Facecam Overlay (animated & static) Webm/PNG

Dog Shiba Lofi Sunset Coffee Panels :
✅ 30 Panels (.PNG format)

Dog Shiba Lofi Sunset Coffee Alerts :
✅ 6 Animated Alerts (WEBM format) (animated & static) Webm/PNG

Dog Shiba Lofi Sunset Coffee Twitch Emotes:
✅ 5 Twitch Emotes (WEBM format) (static) PNG

Dog Shiba Lofi Sunset Coffee Twitch Sub Badges:
✅ 3 Twitch Sub Badges (WEBM format) (static) PNG

Dog Shiba Lofi Sunset Coffee Stream Labels:
✅ 4 Animated Stream Labels (animated & static) Webm/PNG

Dog Shiba Lofi Sunset Coffee Wallpapers/Background:
✅ 2 Wallpapers (1 Animated, 1 Static) (animated & static) Webm/PNG

Dog Shiba Lofi Sunset Coffee Stinger Transition:
✅ Animated Stinger Transition (.WEBM transparent)

Dog Shiba Lofi Sunset Coffee Social Media Kit (BANNERS)
✅ social media Kit (Twitch, Twitter, Kick, YouTube Headers) (PNG format)

Tutorial:
✅ PDF Tutorial (How to install your overlays)

Feel free to ask me to add something to this package if something is missing here for your stream.
Color and font changes are not accepted.

• Please Note: This item is licensed for personal use only. Commercial use, resale, or distribution to third parties or other platforms is strictly prohibited.

If you have any questions or encounter any issues with this product, please feel free to contact me anytime.

Dog Shiba Lofi Sunset Coffee Animated twitch overlay By:
CozyJsStudio => https://cozyjsstudio.etsy.com

🖌️Tools Used: Adobe Photoshop, Adobe Firefly AI, Adobe After Effect, and Adobe Illustrator🖌️



✅If you want to bring your unique vision to life with a fully tailored stream package, please check out my custom commission listing here:

✅Custom Animated Twitch Stream Overlay Full Pack Bundle | OBS Alerts, Screens, Emotes, Badges

🔗 https://cozyjsstudio.etsy.com/listing/4500763545",24.6,USD,15,"Overlay_Dog_Shiba,Stream_Dog_sunset,Dog_Shiba_Overlays,Dog_Shiba_Twitch,Dog_Shiba_Overlay,Stream_Overlay,Twitch_Overlay,Coffee_Overlay,Sakura_Overlay,Dog_Shiba_Package,Dog_Shiba_Stream,Dog_overlay_pack,Dog_twitch_pack",,https://i.etsystatic.com/61635066/r/il/de77b4/8034402643/il_fullxfull.8034402643_r6q4.jpg,https://i.etsystatic.com/61635066/r/il/ad2234/8033168125/il_fullxfull.8033168125_f44u.jpg,https://i.etsystatic.com/61635066/r/il/aed578/8032873353/il_fullxfull.8032873353_fo6v.jpg,https://i.etsystatic.com/61635066/r/il/2eb869/8032886209/il_fullxfull.8032886209_4wm1.jpg,https://i.etsystatic.com/61635066/r/il/086cc2/7984931468/il_fullxfull.7984931468_tnd7.jpg,https://i.etsystatic.com/61635066/r/il/bcc64f/7985450990/il_fullxfull.7985450990_tmeb.jpg,https://i.etsystatic.com/61635066/r/il/df2da5/7984932266/il_fullxfull.7984932266_so0s.jpg,https://i.etsystatic.com/61635066/r/il/a179fa/7984932272/il_fullxfull.7984932272_2ex0.jpg,https://i.etsystatic.com/61635066/r/il/df2476/7986459808/il_fullxfull.7986459808_tovb.jpg,https://i.etsystatic.com/61635066/r/il/24e6fd/8033167079/il_fullxfull.8033167079_q70b.jpg,,,,,,,,,,
"Lofi Sunset Raccoon Overlay Animated Stream Package: Cozy | Twitch, YouTube, Kick | Coffee Overlays","Raccoon Lofi Sunset Aesthetic Animated Stream Package | Raccoon Twitch Overlay Pack | YouTube | kick | Coffee Overlays

Raccoon Lofi Sunset Coffee Stream Overlay:
INSTANT DIGITAL DOWNLOAD
This is a digital product, nothing physical will be shipped.

• What will you get?
When you purchase this product, you’ll get a .PDF file containing a direct link to a Google Drive folder with the complete package.

Package Includes:
Raccoon Lofi Sunset Coffee Screens:
4 Static & 3 Animation Version Screens:
✅ Starting Soon (animated & static)
✅ Be Right Back (animated & static)
✅ Stream Ending (animated & static)
✅ Offline Screen (static) (.PNG format)

Raccoon Lofi Sunset Coffee Overlays/Intermission:
✅ 2 Animated Just Chatting / Intermission Screens: 16:9 (1080x1920) (animated & static) Webm/PNG

Raccoon Lofi Sunset Coffee Facecam :
✅ 2 Animated Facecam Overlay (animated & static) Webm/PNG

Raccoon Lofi Sunset Coffee Panels :
✅ 30 Panels (.PNG format)

Raccoon Lofi Sunset Coffee Alerts :
✅ 6 Animated Alerts (WEBM format) (animated & static) Webm/PNG

Raccoon Lofi Sunset Coffee Twitch Emotes:
✅ 5 Twitch Emotes (WEBM format) (static) PNG

Raccoon Lofi Sunset Coffee Twitch Sub Badges:
✅ 3 Twitch Sub Badges (WEBM format) (static) PNG

Raccoon Lofi Sunset Coffee Stream Labels:
✅ 4 Animated Stream Labels (animated & static) Webm/PNG

Raccoon Lofi Sunset Coffee Wallpapers/Background:
✅ 2 Wallpapers (1 Animated, 1 Static) (animated & static) Webm/PNG

Raccoon Lofi Sunset Coffee Stinger Transition:
✅ Animated Stinger Transition (.WEBM transparent)

Raccoon Lofi Sunset Coffee Social Media Kit (BANNERS)
✅ social media Kit (Twitch, Twitter, Kick, YouTube Headers) (PNG format)

Tutorial:
✅ PDF Tutorial (How to install your overlays)

Feel free to ask me to add something to this package if something is missing here for your stream.
Color and font changes are not accepted.

• Please Note: This item is licensed for personal use only. Commercial use, resale, or distribution to third parties or other platforms is strictly prohibited.

If you have any questions or encounter any issues with this product, please feel free to contact me anytime.

Raccoon Lofi Sunset Coffee Animated twitch overlay By:
CozyJsStudio => https://cozyjsstudio.etsy.com

🖌️Tools Used: Adobe Photoshop, Adobe Firefly AI, Adobe After Effect, and Adobe Illustrator🖌️



✅If you want to bring your unique vision to life with a fully tailored stream package, please check out my custom commission listing here:

✅Custom Animated Twitch Stream Overlay Full Pack Bundle | OBS Alerts, Screens, Emotes, Badges

🔗 https://cozyjsstudio.etsy.com/listing/4500763545",24.6,USD,15,"Overlay_Raccoon,Raccoon_Overlays,Raccoon_Twitch,Raccoon_Overlay,Stream_Overlay,Twitch_Overlay,Coffee_Overlay,Sakura_Overlay,Raccoon_Package,Raccoon_Stream,Raccoon_overlay_pack,Raccoon_twitch_pack,Stream_Raccoon",,https://i.etsystatic.com/61635066/r/il/0873d2/8033742237/il_fullxfull.8033742237_mbkp.jpg,https://i.etsystatic.com/61635066/r/il/064ae5/7985385162/il_fullxfull.7985385162_psxe.jpg,https://i.etsystatic.com/61635066/r/il/aed578/8032873353/il_fullxfull.8032873353_fo6v.jpg,https://i.etsystatic.com/61635066/r/il/2eb869/8032886209/il_fullxfull.8032886209_4wm1.jpg,https://i.etsystatic.com/61635066/r/il/086cc2/7984931468/il_fullxfull.7984931468_tnd7.jpg,https://i.etsystatic.com/61635066/r/il/b0178e/8033329315/il_fullxfull.8033329315_a50d.jpg,https://i.etsystatic.com/61635066/r/il/df2da5/7984932266/il_fullxfull.7984932266_so0s.jpg,https://i.etsystatic.com/61635066/r/il/0e48f4/8033742147/il_fullxfull.8033742147_7gfr.jpg,https://i.etsystatic.com/61635066/r/il/a179fa/7984932272/il_fullxfull.7984932272_2ex0.jpg,https://i.etsystatic.com/61635066/r/il/5fa096/7985385342/il_fullxfull.7985385342_67td.jpg,,,,,,,,,,
"Raccoon Forest Magic Animated Stream Package | Twitch Overlay | YouTube | kick | raccoon overlays","Raccoon Twitch Overlay | Twitch Overlay Raccoon | Stream Overlay Raccoon | White Raccoon Overlay | Raccoon Twitch | Raccoon Overlay | Stream Overlay | Twitch Overlay | Twitch Overlays | Sakura Overlay | Raccoon Twitch Pack | White Raccoon Twitch | Raccoon Stream,

Raccoon Forest Magic Stream Overlay :
INSTANT DIGITAL DOWNLOAD
This is a digital product, nothing physical will be shipped .

• What you will get?
When you purchase this product, you’ll get a .PDF file containing a direct link to a Google Drive folder with the complete package.

Package Includes :
Raccoon Forest Magic Screens :
4 Static & 3 Animation Version Screens :
✅ Starting Soon (animated+static)
✅ Be Right Back (animated+static)
✅ Stream Ending (animated+static)
✅ Offline Screen (static) (.PNG format)

Raccoon Forest Magic Overlays/Intermission :
✅ 2 Animated Just Chatting / Intermission Screens : 16:9 (1080x1920) (animated+static) Webm/PNG

Raccoon Forest Magic Facecam :
✅ 2 Animated Facecam Overlay (animated+static) Webm/PNG

Raccoon Forest Magic Panels :
✅ 27 Panels (.PNG format)

Raccoon Forest Magic Alerts :
✅ 6 Animated Alerts (WEBM format) (animated+static) Webm/PNG

Raccoon Forest Magic Twitch Emotes :
✅ 5 Twitch Emotes (WEBM format) (static) PNG

Raccoon Forest Magic Twitch Sub Badges :
✅ 3 Twitch Sub Badges (WEBM format) (static) PNG

Raccoon Forest Magic Stream Labels :
✅ 4 Animated Stream Labels (animated+static) Webm/PNG

Raccoon Forest Magic Wallpapers/Background :
✅ 2 Wallpapers (1 Animated, 1 Static) (animated+static) Webm/PNG

Raccoon Forest Magic Stinger Transition :
✅ Animated Stinger Transition (.WEBM transparent)

Raccoon Forest Magic Social Media Kit (BANNERS)
✅ Social Media Kit (Twitch, Twitter, Kick, YouTube Headers) (PNG format)

Tutorial :
✅ PDF Tutorial (How to install your overlays)

Feel free to ask me to add something to this package if something is missing here for your stream.
Color and font changes are not accepted.

• Please Note: This item is licensed for personal use only. Commercial use, resale, or distribution to third parties or other platforms is strictly prohibited.

If you have any questions or encounter any issues with this product, please feel free to contact me anytime.

Animated twitch overlay By :
CozyJsStudio => https://cozyjsstudio.etsy.com

🖌️Tools Used: Adobe Photoshop, Adobe Firefly AI, Adobe After Effect, and Adobe Illustrator🖌️



✅If you want to bring your unique vision to life with a fully tailored stream package, please check out my custom commission listing here:

✅Custom Animated Twitch Stream Overlay Full Pack Bundle | OBS Alerts, Screens, Emotes, Badges

🔗 https://cozyjsstudio.etsy.com/listing/4500763545",24.6,USD,6,"Overlay_Raccoon,Stream_Raccoon,Raccoon_Overlays,Raccoon_Twitch,Raccoon_Overlay,Stream_Overlay,Twitch_Overlay,Twitch_Overlays,Sakura_Overlay,Raccoon_Package,Raccoon_Stream,raccoon_overlay_pack,raccoon_twitch_pack",,https://i.etsystatic.com/61635066/r/il/0a7560/7890249571/il_fullxfull.7890249571_niuh.jpg,https://i.etsystatic.com/61635066/r/il/03effb/7842299328/il_fullxfull.7842299328_l7pw.jpg,https://i.etsystatic.com/61635066/r/il/3e9629/7890167849/il_fullxfull.7890167849_ejxb.jpg,https://i.etsystatic.com/61635066/r/il/9e3b51/7842227746/il_fullxfull.7842227746_sydw.jpg,https://i.etsystatic.com/61635066/r/il/c3ab90/7890175355/il_fullxfull.7890175355_dp5v.jpg,https://i.etsystatic.com/61635066/r/il/ded64a/7890177483/il_fullxfull.7890177483_ja2x.jpg,https://i.etsystatic.com/61635066/r/il/76dc87/7890174983/il_fullxfull.7890174983_k5x1.jpg,https://i.etsystatic.com/61635066/r/il/084ebf/7842257608/il_fullxfull.7842257608_r699.jpg,https://i.etsystatic.com/61635066/r/il/886fae/7842228670/il_fullxfull.7842228670_8lro.jpg,https://i.etsystatic.com/61635066/r/il/60abef/7842245964/il_fullxfull.7842245964_n5l9.jpg,,,,,,,,,,
"Starry Forest Reaper Overlay Animated Stream Package: Twitch Overlay, YouTube, Kick | Moonlit Overlays","Reaper twitch overlay | twitch overlays | stream overlay | stream overlays | Reaper overlay | Reaper overlays |  Reaper twitch | stream Reaper| moonlit Reaper overlay | night Reaper stream | Reaper twitch pack | twitch panels overlay | twitch alerts overlay

🖌️Tools Used: Adobe Photoshop, Adobe Firefly AI, Adobe After Effect, and Adobe Illustrator🖌️



✅If you want to bring your unique vision to life with a fully tailored stream package, please check out my custom commission listing here:

✅Custom Animated Twitch Stream Overlay Full Pack Bundle | OBS Alerts, Screens, Emotes, Badges

🔗 https://cozyjsstudio.etsy.com/listing/4500763545",30.6,USD,4,"reaper_overlay,reaper_twitch,reaper_stream_pack,twitch_overlay,stream_overlay,dark_twitch_overlay,grim_reaper_overlay,fantasy_stream_pack,gothic_twitch_pack,night_stream_overlay,twitch_panels_pack,twitch_alerts_pack,twitch_overlays",,https://i.etsystatic.com/61635066/r/il/0281bc/7811259654/il_fullxfull.7811259654_7k7r.jpg,https://i.etsystatic.com/61635066/r/il/fccd13/7859208951/il_fullxfull.7859208951_6xhs.jpg,https://i.etsystatic.com/61635066/r/il/4ab3c3/7859175797/il_fullxfull.7859175797_914o.jpg,https://i.etsystatic.com/61635066/r/il/ff5cab/7811251932/il_fullxfull.7811251932_f1ov.jpg,https://i.etsystatic.com/61635066/r/il/9d3acc/7859172493/il_fullxfull.7859172493_hi51.jpg,https://i.etsystatic.com/61635066/r/il/37fcc7/7811245528/il_fullxfull.7811245528_h9ja.jpg,https://i.etsystatic.com/61635066/r/il/14e364/7859182025/il_fullxfull.7859182025_3ywk.jpg,https://i.etsystatic.com/61635066/r/il/927549/7811269532/il_fullxfull.7811269532_efpt.jpg,https://i.etsystatic.com/61635066/r/il/f7b30f/7859192665/il_fullxfull.7859192665_56eh.jpg,https://i.etsystatic.com/61635066/r/il/abcd24/7811252756/il_fullxfull.7811252756_dtlk.jpg,,,,,,,,,,
"Matcha Cat Animated Stream Package: For Twitch Overlay, YouTube, Kick | Cat Overlays","Matcha Cat Animated Stream Package | Matcha Cats Twitch Overlay | YouTube | kick overlays, Matcha Cat Overlay Animated Stream Package
Stream Overlay, Animated Overlay, Twitch Overlay, Matcha Cat overlay, Matcha Cat twitch, Gaming Setup Overlays

Matcha Cat Stream Overlays:
INSTANT DIGITAL DOWNLOAD
This is a digital product, nothing physical will be shipped.

• What will you get?
When you purchase this product, you’ll get a .PDF file containing a direct link to a Google Drive folder with the complete package.

Package Includes:
Matcha Cat Screens:
4 Static & 3 Animation Version Screens:
✅ Starting Soon (animated & static)
✅ Be Right Back (animated & static)
✅ Stream Ending (animated & static)
✅ Offline Screen (static) (.PNG format)

Matcha Cat Overlays/Intermission:
✅ 4 Animated Just Chatting / Intermission Screens: 16:9 (1080x1920) (animated & static) WEBm/PNG

Matcha Cat Facecams :
✅ 2 Animated Facecam Overlay (animated & static) WEBm/PNG

Matcha Cat Panels:
✅ 28 Panels (.PNG format)

Matcha Cat Twitch Emotes:
✅ 5 Twitch Emotes (.PNG format)

Matcha Cat Sub Badges:
✅ 3 Sub Badges (.PNG format)

Matcha Cat Alerts:
✅ 6 Animated Alerts (WEBM format) (animated & static) WEBm/PNG

Matcha Cat Stream Labels:
✅ 4 Animated Stream Labels (animated & static) WEBm/PNG

Wallpapers/Background:
✅ 2 Wallpapers (1 Animated, 1 Static) (animated & static) WEBm/PNG

Matcha Cat Stinger Transition:
✅ Animated Stinger Transition (. WEBM transparent)

Matcha Cat Social Media Kit (BANNERS)
✅ social media Kit (Twitch, Twitter, Kick, YouTube Headers) (PNG format)

Tutorial:
✅ PDF Tutorial (How to install your overlays)

Feel free to ask me to add something to this package if something is missing here for your stream.
I can also add a translation, if you need, write to me. (Latin characters only)
Color and font changes are not accepted.

• Please Note: This item is licensed for personal use only. Commercial use, resale, or distribution to third parties or other platforms is strictly prohibited.

If you have any questions or encounter any issues with this product, please feel free to contact me anytime.

Matcha Cat Animated twitch overlay By:
CozyJsStudio => https://cozyjsstudio.etsy.com

🖌️Tools Used: Adobe Photoshop, Adobe Firefly AI, Adobe After Effect, and Adobe Illustrator🖌️



✅If you want to bring your unique vision to life with a fully tailored stream package, please check out my custom commission listing here:

✅Custom Animated Twitch Stream Overlay Full Pack Bundle | OBS Alerts, Screens, Emotes, Badges

🔗 https://cozyjsstudio.etsy.com/listing/4500763545",24.6,USD,7,"twitch_overlay,twitch_overlays,twitch_overlay_Cat,stream_overlays,stream_overlay,Matcha_Twitch,Cats_overlay,Sakura_overlay,Twitch_Matcha,Setup_Overlay,Cat_Overlay,Cat_Twitch,Cat_Overlays",,https://i.etsystatic.com/61635066/r/il/68af0b/7963517195/il_fullxfull.7963517195_49ec.jpg,https://i.etsystatic.com/61635066/r/il/d41995/7963514017/il_fullxfull.7963514017_5p5k.jpg,https://i.etsystatic.com/61635066/r/il/8c9e9f/7963437971/il_fullxfull.7963437971_56fd.jpg,https://i.etsystatic.com/61635066/r/il/4684a8/7963434861/il_fullxfull.7963434861_rzym.jpg,https://i.etsystatic.com/61635066/r/il/d58d5f/7963446937/il_fullxfull.7963446937_7s2h.jpg,https://i.etsystatic.com/61635066/r/il/89a6a0/7915486768/il_fullxfull.7915486768_4q9z.jpg,https://i.etsystatic.com/61635066/r/il/e2a445/7963502727/il_fullxfull.7963502727_tt85.jpg,https://i.etsystatic.com/61635066/r/il/28cdbe/7963439551/il_fullxfull.7963439551_mx2v.jpg,https://i.etsystatic.com/61635066/r/il/8e6cc8/7915550028/il_fullxfull.7915550028_llgi.jpg,https://i.etsystatic.com/61635066/r/il/9d2f0d/7963525519/il_fullxfull.7963525519_4n7o.jpg,,,,,,,,,,
"Christmas Animated TikTok Stream Overlay Package (Digital Download)","Christmas Animated TikTok Stream Overlay Package TIKTOK Streaming Overlay Package | Tiktok Live Animated Overlays | TikTok Stream Overlay | Webcam Overlays | Alerts | Tiktok Live Streaming | Christmas Tiktok Overlay

INSTANT DIGITAL DOWNLOAD
This is a digital product, nothing physical will be shipped.

What you will get?
When you purchase this product, you’ll get a PDF file containing a direct link to a Google Drive folder with the complete package.

Package Includes :

X10 ANIMATED STREAM OVERLAYS :
STREAM OVERLAYS (animated) 9:16, 1080x1920: Webm/PNG

X3 ANIMATED SCREENS + STATIC OFFLINE :
STARTING (animated + static) 
PAUSE (animated + static) 
ENDING (animated + static) 
OFFLINE ( static) 

X4 ANIMATED AND STATIC ALERTS :
New subscriber (animated + static) Webm/Png
New follower (animated + static) Webm/Png
New gift  (animated + static) Webm/Png
New Donation (animated + static) Webm/Png

X4 ANIMATED AND STATIC FACECAM :
FACECAM (animated + static) Webm/Png

1x Stinger Transition ANIMATED (Webm)

𝐃𝐞𝐭𝐚𝐢𝐥 𝐅𝐢𝐧𝐚𝐥 𝐏𝐫𝐨𝐝𝐮𝐜𝐭
Video Resolution: 1080x1920
Frame Rate: 60fps
Format: Webm + PNG + MP4
Language : English ONLY English ( If you need Different Language, please contact me )
Audio/Music/Sound : Not Included
Animated Looping : Included
File Type : Instant digital download


• Please Note: This item is licensed for personal use only. Commercial use, resale, or distribution to third parties or other platforms is strictly prohibited.

If you have any questions or encounter any issues with this product, please feel free to contact me anytime.



CozyJsStudio

🖌️Tools Used: Adobe Photoshop, Adobe Firefly AI, Adobe After Effect, and Adobe Illustrator🖌️



✅If you want to bring your unique vision to life with a fully tailored stream package, please check out my custom commission listing here:

✅Custom Animated Twitch Stream Overlay Full Pack Bundle | OBS Alerts, Screens, Emotes, Badges

🔗 https://cozyjsstudio.etsy.com/listing/4500763545",18.6,USD,7,"Christmas_Overlay,New_Year_overlay,tiktok_Stream_Pack,Snow_overlay,Christmas_tiktok,Vertical_Overlay,tiktok_overlay,Tiktok_Stream,Tiktok_Stream_Black,Tiktok_Stream_Kit,Vertical_Overlays,Tiktok_Streaming,Stream_Overlay",,https://i.etsystatic.com/61635066/r/il/2e71b0/7379465446/il_fullxfull.7379465446_q7wn.jpg,https://i.etsystatic.com/61635066/r/il/9f7334/7358116830/il_fullxfull.7358116830_mho6.jpg,https://i.etsystatic.com/61635066/r/il/bcd129/7358104974/il_fullxfull.7358104974_3cm2.jpg,https://i.etsystatic.com/61635066/r/il/2bb5c8/7406023941/il_fullxfull.7406023941_7a2d.jpg,https://i.etsystatic.com/61635066/r/il/a52cfc/7358104302/il_fullxfull.7358104302_ncio.jpg,https://i.etsystatic.com/61635066/r/il/a21ff2/7358104142/il_fullxfull.7358104142_s958.jpg,https://i.etsystatic.com/61635066/r/il/dfbc4a/7358103436/il_fullxfull.7358103436_ekgf.jpg,https://i.etsystatic.com/61635066/r/il/6a3bec/7406021703/il_fullxfull.7406021703_k653.jpg,https://i.etsystatic.com/61635066/r/il/578664/7358104958/il_fullxfull.7358104958_9wsx.jpg,https://i.etsystatic.com/61635066/r/il/2e47ab/7406023945/il_fullxfull.7406023945_nqap.jpg,,,,,,,,,,
"Christmas Animated Stream Package: For Twitch Overlay, YouTube, Kick, Facecam, Alerts, Christmas Overlays","Christmas Animated Stream Package
Stream Overlay, Animated Overlay, Twitch Overlay, Christmas overlays


INSTANT DIGITAL DOWNLOAD
This is a digital product, nothing physical will be shipped .

• What you will get?
When you purchase this product, you’ll get a .PDF file containing a direct link to a Google Drive folder with the complete package.

Package Includes :
• 3 Animated Screens (1920x1080)
• 1 Static Offline Screen (1920x1080, .jpg)
• 4 Animated Just Chatting / Intermission Screens (1920x1080, WEBM transparent)
• 2 Animated Facecam Overlays (WEBM transparent)
• 27 Panels (PNG format)
• 6 Animated Alerts (.WEBM format)
• 6 Animated Stream Labels (.WEBM format)
• 2 Wallpapers (1 Animated, 1 Static)
• Animated Stinger Transition (.WEBM transparent)
• Social Media Kit (Twitch, Twitter, Kick, YouTube Headers)
• PDF Tutorial (How to install your overlays)

• Please Note: This item is licensed for personal use only. Commercial use, resale, or distribution to third parties or other platforms is strictly prohibited.

If you have any questions or encounter any issues with this product, please feel free to contact me anytime.

🖌️Tools Used: Adobe Photoshop, Adobe Firefly AI, Adobe After Effect, and Adobe Illustrator🖌️



✅If you want to bring your unique vision to life with a fully tailored stream package, please check out my custom commission listing here:

✅Custom Animated Twitch Stream Overlay Full Pack Bundle | OBS Alerts, Screens, Emotes, Badges

🔗 https://cozyjsstudio.etsy.com/listing/4500763545",25.6,USD,3,"twitch_overlay,stream_overlay,stream_twitch,twitch_panels,animated_overlay,Snow_Theme,Personalized_Gift,Streaming_Assets,Stream_Decoration,Christmas_Theme,Stream_Alerts,twitch_streams,scenes_overlays",,https://i.etsystatic.com/61635066/r/il/d73af3/7555303959/il_fullxfull.7555303959_9zjy.jpg,https://i.etsystatic.com/61635066/r/il/c94c18/7507361944/il_fullxfull.7507361944_71bw.jpg,https://i.etsystatic.com/61635066/r/il/061b0a/7555304111/il_fullxfull.7555304111_bjfa.jpg,https://i.etsystatic.com/61635066/r/il/e4d9ea/7555302747/il_fullxfull.7555302747_ewgx.jpg,https://i.etsystatic.com/61635066/r/il/f37862/7555302197/il_fullxfull.7555302197_8udu.jpg,https://i.etsystatic.com/61635066/r/il/863af6/7555303251/il_fullxfull.7555303251_jad8.jpg,https://i.etsystatic.com/61635066/r/il/225876/7555304071/il_fullxfull.7555304071_mpnb.jpg,https://i.etsystatic.com/61635066/r/il/67c0f7/7555303397/il_fullxfull.7555303397_e1np.jpg,https://i.etsystatic.com/61635066/r/il/cfcd89/7507365496/il_fullxfull.7507365496_la69.jpg,https://i.etsystatic.com/61635066/r/il/cc4d24/7507361178/il_fullxfull.7507361178_jjoh.jpg,,,,,,,,,,
"Star Bloom Twitch Screens | Kick Screens Stream | YouTube Live | Sakura Overlays","Star Bloom Animated Screens: For Twitch Overlay, YouTube, Kick | Star Bloom Animated Stream Screens
Stream Overlay, Animated Overlay, Twitch Overlay, Star Bloom screens , Starting Soon, Be Right Back, Stream Ending, Stream Offline, Stream Overlay twitch
------------------------------------
Stream Screen, Star Bloom Overlays :
INSTANT DIGITAL DOWNLOAD
This is a digital product, nothing physical will be shipped .

• What you will get?
When you purchase this product, you’ll get a .PDF file containing a direct link to a Google Drive folder with the complete package.

=>What You’ll Receive:
Package Includes :
Screens :
3 Animation Version Screens & 4 Static :
✅ Starting Soon (animated+static)
✅ Be Right Back (animated+static)
✅ Stream Ending (animated+static)
✅ Stream Offline (static) (.PNG format) X2


Feel free to ask me to add something to this package if something is missing here for your stream.
Color and font changes are not accepted.

• Please Note: This item is licensed for personal use only. Commercial use, resale, or distribution to third parties or other platforms is strictly prohibited.

If you have any questions or encounter any issues with this product, please feel free to contact me anytime.

Twitch Screens By :
COZYJSSTUDIO => https://cozyjsstudio.etsy.com

Less

🖌️Tools Used: Adobe Photoshop, Adobe Firefly AI, Adobe After Effect, and Adobe Illustrator🖌️



✅If you want to bring your unique vision to life with a fully tailored stream package, please check out my custom commission listing here:

✅Custom Animated Twitch Stream Overlay Full Pack Bundle | OBS Alerts, Screens, Emotes, Badges

🔗 https://cozyjsstudio.etsy.com/listing/4500763545",13.6,USD,7,"Stream_Overlay,Gift_for_Her,Personalized_Gifts,Twitch_Overlay,Streaming_Assets,Dark_Theme,vtuber_assets,Gift_for_Him,Stream_Alerts,Cute_Overlay,Stream_Package,Cozy_Overlay,overlay",,https://i.etsystatic.com/61635066/r/il/93e83e/7587974197/il_fullxfull.7587974197_sp2o.jpg,https://i.etsystatic.com/61635066/r/il/e1e6f5/7587974703/il_fullxfull.7587974703_o6se.jpg,https://i.etsystatic.com/61635066/r/il/452506/7587974685/il_fullxfull.7587974685_andr.jpg,https://i.etsystatic.com/61635066/r/il/e3a639/7587974723/il_fullxfull.7587974723_g64l.jpg,https://i.etsystatic.com/61635066/r/il/69523e/7587974117/il_fullxfull.7587974117_9h0b.jpg,https://i.etsystatic.com/61635066/r/il/e28241/7540036974/il_fullxfull.7540036974_n3os.jpg,https://i.etsystatic.com/61635066/r/il/f98b76/7587974511/il_fullxfull.7587974511_hznc.jpg,,,,,,,,,,,,,
"Cat Cozy Room Twitch Screens | Kick Screens Stream | YouTube Live Screen | Cats Overlays","Sleep Cat Cozy Room Twitch Overlay 
Stream Overlay, Animated Overlay, wolf screens , Starting Soon, Be Right Back, Stream Ending, Stream Offline, Stream Overlay Cat Cozy Room Twitch
------------------------------------

For Full Premium Pack =>Sleep Cat Cozy Room Twitch Overlay | Twitch Overlay | Animated Overlay Cat | Stream Overlay Cat Cozy Room Twitch : https://cozyjsstudio.etsy.com/listing/4427230139
------------------------------------
Stream Screen, Cat Cozy Room Overlays :
INSTANT DIGITAL DOWNLOAD
This is a digital product, nothing physical will be shipped .

• What you will get?
When you purchase this product, you’ll get a .PDF file containing a direct link to a Google Drive folder with the complete package.

=>What You’ll Receive:
Package Includes :
Screens :
3 Animation Version Screens & 4 Static :
✅ Starting Soon (animated+static)
✅ Be Right Back (animated+static)
✅ Stream Ending (animated+static)
✅ Stream Offline (static) (.PNG format) X2


Feel free to ask me to add something to this package if something is missing here for your stream.
Color and font changes are not accepted.

• Please Note: This item is licensed for personal use only. Commercial use, resale, or distribution to third parties or other platforms is strictly prohibited.

If you have any questions or encounter any issues with this product, please feel free to contact me anytime.

Twitch Screens By :
COZYJSSTUDIO => https://cozyjsstudio.etsy.com

🖌️Tools Used: Adobe Photoshop, Adobe Firefly AI, Adobe After Effect, and Adobe Illustrator🖌️



✅If you want to bring your unique vision to life with a fully tailored stream package, please check out my custom commission listing here:

✅Custom Animated Twitch Stream Overlay Full Pack Bundle | OBS Alerts, Screens, Emotes, Badges

🔗 https://cozyjsstudio.etsy.com/listing/4500763545",13.6,USD,10,"screen_starting_soon,Cat_twitch_overlay,Twitch_overlay_cozy,Labubu_overlay,Stream_screens,Animated_overlay,Twitch_overlay,Stream_overlays,Cat_overlay,Cat_twitch_pack,Cats,Cat_screens,Cat_animated",,https://i.etsystatic.com/61635066/r/il/b8b2c7/7539898266/il_fullxfull.7539898266_8nz2.jpg,https://i.etsystatic.com/61635066/r/il/88a47b/7539897996/il_fullxfull.7539897996_d783.jpg,https://i.etsystatic.com/61635066/r/il/f6fc2b/7539897966/il_fullxfull.7539897966_1re7.jpg,https://i.etsystatic.com/61635066/r/il/11c3ff/7539897940/il_fullxfull.7539897940_aozs.jpg,https://i.etsystatic.com/61635066/r/il/210327/7587837165/il_fullxfull.7587837165_ea4i.jpg,https://i.etsystatic.com/61635066/r/il/febd56/7539895756/il_fullxfull.7539895756_kxat.jpg,https://i.etsystatic.com/61635066/r/il/fb82f4/7587834313/il_fullxfull.7587834313_r86l.jpg,,,,,,,,,,,,,
"New Year Animated Stream Twitch Screens | Overlay Pack | Festival Overlays","New Year Animated Stream Package
Stream Overlay, Animated Overlay,  New Year screens , Starting Soon, Be Right Back, Stream Ending, Stream Offline
------------------------------------
Stream Screen, New Year Overlays :
INSTANT DIGITAL DOWNLOAD
This is a digital product, nothing physical will be shipped .

• What you will get?
When you purchase this product, you’ll get a .PDF file containing a direct link to a Google Drive folder with the complete package.

=>What You’ll Receive:
Package Includes :
Screens :
3 Animation Version Screens & 4 Static :
✅ Starting Soon (animated+static)
✅ Be Right Back (animated+static)
✅ Stream Ending (animated+static)
✅ Stream Offline (static) (.PNG format) X2


Feel free to ask me to add something to this package if something is missing here for your stream.
Color and font changes are not accepted.

• Please Note: This item is licensed for personal use only. Commercial use, resale, or distribution to third parties or other platforms is strictly prohibited.

If you have any questions or encounter any issues with this product, please feel free to contact me anytime.

Twitch Screens By :
COZYJSSTUDIO => https://cozyjsstudio.etsy.com

🖌️Tools Used: Adobe Photoshop, Adobe Firefly AI, Adobe After Effect, and Adobe Illustrator🖌️



✅If you want to bring your unique vision to life with a fully tailored stream package, please check out my custom commission listing here:

✅Custom Animated Twitch Stream Overlay Full Pack Bundle | OBS Alerts, Screens, Emotes, Badges

🔗 https://cozyjsstudio.etsy.com/listing/4500763545",13.6,USD,4,"New_Year_overlay,Overlay_Christmas,Christmas_Overlay,Snow_overlay,Newyear_Overlay,Christmas_Theme,holiday_overlay,christmas_stream,Christmas_Overlays,twitch_overlay,stream_overlay,Christmas_twitch,Christmas_streaming",,https://i.etsystatic.com/61635066/r/il/75979e/7560727548/il_fullxfull.7560727548_kfu2.jpg,https://i.etsystatic.com/61635066/r/il/058e12/7608668103/il_fullxfull.7608668103_dzd0.jpg,https://i.etsystatic.com/61635066/r/il/932a78/7608668343/il_fullxfull.7608668343_9ee3.jpg,https://i.etsystatic.com/61635066/r/il/a6975f/7560726692/il_fullxfull.7560726692_9xyx.jpg,https://i.etsystatic.com/61635066/r/il/513572/7608668143/il_fullxfull.7608668143_gr39.jpg,https://i.etsystatic.com/61635066/r/il/6d7a70/7608666641/il_fullxfull.7608666641_lp7f.jpg,https://i.etsystatic.com/61635066/r/il/d8cdf4/7608665775/il_fullxfull.7608665775_tlcs.jpg,,,,,,,,,,,,,
"Purple Moon Sakura Twitch Screens | Overlay Pack | Japanese Overlays","Purple Moon Sakura Twitch Overlay
Stream Overlay, Animated Overlay, Purple Clouds screens , Starting Soon, Be Right Back, Stream Ending, Stream Offline, Stream  Japanese Overlays  Twitch
------------------------------------

For Full Premium Pack => Purple Moon Sakura Animated Stream Package: For Twitch Overlay, YouTube, Kick | Japanese Overlays I Twitch Overlay | Twitch Overlay | Animated Overlay | Stream Overlay Purple Twitch : https://cozyjsstudio.etsy.com/listing/4424215981
------------------------------------
Stream Screen, Twitch Overlays :
INSTANT DIGITAL DOWNLOAD
This is a digital product, nothing physical will be shipped .

• What you will get?
When you purchase this product, you’ll get a .PDF file containing a direct link to a Google Drive folder with the complete package.

=>What You’ll Receive:
Package Includes :
Screens :
3 Animation Version Screens & 4 Static :
✅ Starting Soon (animated+static)
✅ Be Right Back (animated+static)
✅ Stream Ending (animated+static)
✅ Stream Offline (static) (.PNG format) X2


Feel free to ask me to add something to this package if something is missing here for your stream.
Color and font changes are not accepted.

• Please Note: This item is licensed for personal use only. Commercial use, resale, or distribution to third parties or other platforms is strictly prohibited.

If you have any questions or encounter any issues with this product, please feel free to contact me anytime.

Twitch Screens By :
COZYJSSTUDIO => https://cozyjsstudio.etsy.com

🖌️Tools Used: Adobe Photoshop, Adobe Firefly AI, Adobe After Effect, and Adobe Illustrator🖌️



✅If you want to bring your unique vision to life with a fully tailored stream package, please check out my custom commission listing here:

✅Custom Animated Twitch Stream Overlay Full Pack Bundle | OBS Alerts, Screens, Emotes, Badges

🔗 https://cozyjsstudio.etsy.com/listing/4500763545",13.6,USD,4,"japanese_overlay,japanese_overlays,Twitch_japanese,Japan_Overlay,Japan_Overlays,Samurai_overlay,Samurai_Overlays,Alerts_Japan,stream_overlay,stream_overlays,Twitch_Overlay,Twitch_Overlays,Japan_Emotes",,https://i.etsystatic.com/61635066/r/il/1e4347/7560769882/il_fullxfull.7560769882_m1wb.jpg,https://i.etsystatic.com/61635066/r/il/efadcb/7560769462/il_fullxfull.7560769462_226s.jpg,https://i.etsystatic.com/61635066/r/il/129b24/7608710637/il_fullxfull.7608710637_i7eh.jpg,https://i.etsystatic.com/61635066/r/il/d93582/7608710905/il_fullxfull.7608710905_ncuv.jpg,https://i.etsystatic.com/61635066/r/il/6eb125/7560769424/il_fullxfull.7560769424_8ctu.jpg,https://i.etsystatic.com/61635066/r/il/f1ccef/7560766754/il_fullxfull.7560766754_rcf4.jpg,https://i.etsystatic.com/61635066/r/il/23b05d/7608707747/il_fullxfull.7608707747_246p.jpg,,,,,,,,,,,,,
"Red Gold Twitch Screens | Overlay Pack | Stream Overlays Screens","Red Gold Twitch Overlay
Stream Overlay, Animated Overlay, Purple Clouds screens , Starting Soon, Be Right Back, Stream Ending, Stream Offline, Stream Red Gold Overlays Twitch
------------------------------------

For Full Premium Pack => Red Gold Christmas Animated Stream Package: For Twitch Overlay, YouTube, Kick, Facecam, Christmas Overlays I Twitch Overlay | Twitch Overlay | Animated Overlay | Stream Overlay Twitch : https://cozyjsstudio.etsy.com/listing/4424160986
------------------------------------
Stream Screen, Twitch Overlays :
INSTANT DIGITAL DOWNLOAD
This is a digital product, nothing physical will be shipped .

• What you will get?
When you purchase this product, you’ll get a .PDF file containing a direct link to a Google Drive folder with the complete package.

=>What You’ll Receive:
Package Includes :
Screens :
3 Animation Version Screens & 4 Static :
✅ Starting Soon (animated+static)
✅ Be Right Back (animated+static)
✅ Stream Ending (animated+static)
✅ Stream Offline (static) (.PNG format) X2


Feel free to ask me to add something to this package if something is missing here for your stream.
Color and font changes are not accepted.

• Please Note: This item is licensed for personal use only. Commercial use, resale, or distribution to third parties or other platforms is strictly prohibited.

If you have any questions or encounter any issues with this product, please feel free to contact me anytime.

Twitch Screens By :
COZYJSSTUDIO => https://cozyjsstudio.etsy.com

🖌️Tools Used: Adobe Photoshop, Adobe Firefly AI, Adobe After Effect, and Adobe Illustrator🖌️



✅If you want to bring your unique vision to life with a fully tailored stream package, please check out my custom commission listing here:

✅Custom Animated Twitch Stream Overlay Full Pack Bundle | OBS Alerts, Screens, Emotes, Badges

🔗 https://cozyjsstudio.etsy.com/listing/4500763545",13.6,USD,7,"Christmas_stream,christmas_overlay,christmas_overlays,christmas_twitch,stream_overlay,stream_overlays,twitch_overlay,twitch_overlays,stream_package,christmas_twitch_Red,red_christmas_twitch,overlay_christmas,twitch_christmas",,https://i.etsystatic.com/61635066/r/il/775904/7560805166/il_fullxfull.7560805166_im54.jpg,https://i.etsystatic.com/61635066/r/il/4c4a9f/7560804848/il_fullxfull.7560804848_b5hj.jpg,https://i.etsystatic.com/61635066/r/il/9c87fa/7608747041/il_fullxfull.7608747041_qwa9.jpg,https://i.etsystatic.com/61635066/r/il/5ab099/7560804710/il_fullxfull.7560804710_jmkw.jpg,https://i.etsystatic.com/61635066/r/il/21996d/7608746871/il_fullxfull.7608746871_egiy.jpg,https://i.etsystatic.com/61635066/r/il/a35276/7608745367/il_fullxfull.7608745367_5rmr.jpg,https://i.etsystatic.com/61635066/r/il/8d6f28/7560803380/il_fullxfull.7560803380_25dm.jpg,,,,,,,,,,,,,
"Purple Cozy Cat Twitch Screens | Overlay Pack | Snow Overlays","Purple Cozy Cat Christmas Twitch Overlay
Stream Overlay, Animated Overlay, Purple  screens , Starting Soon, Be Right Back, Stream Ending, Stream Offline, Stream Cozy Cat Christmas Overlays Twitch
------------------------------------

For Full Premium Pack => Cozy Cat Christmas Animated Stream Package: For Twitch Overlay, YouTube, Kick, Facecam, Christmas  Overlays I Twitch Overlay | Twitch Overlay | Animated Overlay | Stream Overlay Purple Twitch : https://cozyjsstudio.etsy.com/listing/4419022947
------------------------------------
Stream Screen, Twitch Overlays :
INSTANT DIGITAL DOWNLOAD
This is a digital product, nothing physical will be shipped .

• What you will get?
When you purchase this product, you’ll get a .PDF file containing a direct link to a Google Drive folder with the complete package.

=>What You’ll Receive:
Package Includes :
Screens :
3 Animation Version Screens & 4 Static :
✅ Starting Soon (animated+static)
✅ Be Right Back (animated+static)
✅ Stream Ending (animated+static)
✅ Stream Offline (static) (.PNG format) X2


Feel free to ask me to add something to this package if something is missing here for your stream.
Color and font changes are not accepted.

• Please Note: This item is licensed for personal use only. Commercial use, resale, or distribution to third parties or other platforms is strictly prohibited.

If you have any questions or encounter any issues with this product, please feel free to contact me anytime.

Twitch Screens By :
COZYJSSTUDIO => https://cozyjsstudio.etsy.com

🖌️Tools Used: Adobe Photoshop, Adobe Firefly AI, Adobe After Effect, and Adobe Illustrator🖌️



✅If you want to bring your unique vision to life with a fully tailored stream package, please check out my custom commission listing here:

✅Custom Animated Twitch Stream Overlay Full Pack Bundle | OBS Alerts, Screens, Emotes, Badges

🔗 https://cozyjsstudio.etsy.com/listing/4500763545",13.6,USD,5,"christmas_overlay,Christmas_stream,cat_christmas_twitch,christmas_overlays,christmas_twitch,overlay_christmas,twitch_christmas,stream_overlay,stream_overlays,twitch_overlay,twitch_overlays,stream_package,cat_overlay",,https://i.etsystatic.com/61635066/r/il/511019/7608785113/il_fullxfull.7608785113_g02a.jpg,https://i.etsystatic.com/61635066/r/il/720ffd/7560841504/il_fullxfull.7560841504_pp19.jpg,https://i.etsystatic.com/61635066/r/il/7b8da5/7560841246/il_fullxfull.7560841246_qg3o.jpg,https://i.etsystatic.com/61635066/r/il/56da60/7608784589/il_fullxfull.7608784589_p5fa.jpg,https://i.etsystatic.com/61635066/r/il/b6c920/7560841236/il_fullxfull.7560841236_7o6f.jpg,https://i.etsystatic.com/61635066/r/il/d90f41/7608778223/il_fullxfull.7608778223_3eh0.jpg,https://i.etsystatic.com/61635066/r/il/51de5e/7608777467/il_fullxfull.7608777467_pfn5.jpg,,,,,,,,,,,,,
"Animated Chibi Cat Emote | Kawaii Table Slam Twitch, Discord (Instant Download)","Express your peak gaming frustration or utter disbelief with this dramatic animated table slam emote! Featuring the same adorable white cat wearing a cozy pastel pink scarf playfully slamming its paws down in a burst of high-energy chaos, this charming animation brings instant laughs and relatable reactions to your community.

Perfect for cozy, kawaii, lofi, and gaming streaming channels looking for a fun reaction emote their chat will spam during epic fails or intense moments!

✅ Instant Digital Download
This is a digital product. No physical item will be shipped.

After purchasing, you will receive a ZIP file containing the complete package.

📦 Package Includes
✅Smoothly animated GIF format at 112×112, 56×56, and 28×28 px (the exact three sizes Twitch requires)

✅High-quality PNG format

✅Transparent backgrounds

Ready to upload directly to Twitch, Discord, Kick, and YouTube

🌟 Suitable For:

✅Twitch subscriber emotes

✅Twitch channel-point rewards

✅Discord server emotes

✅Kick chat emotes

✅YouTube memberships custom emojis

📌 Please Note
This product is licensed for personal use only. Commercial use, resale, redistribution, sharing, copying, or uploading the files for sale on other platforms is strictly prohibited.

Because this is a digital download, no physical item will be delivered.

If you have any questions or experience an issue with your files, please feel free to contact me anytime. I’ll be happy to help!

Twitch Overlays and Assets by CozyJsStudio: https://cozyjsstudio.etsy.com

🖌️ Tools Used: Adobe Photoshop and Adobe Firefly AI

✨ Want a Matching Custom Twitch Package?
Complete your channel with matching Starting Soon screens, alerts, panels, emotes, overlays, and other custom stream assets:

https://cozyjsstudio.etsy.com/listing/4500763545",5.99,USD,7,"animated_emote,twitch_emote,chibi_emote,Cat_emote,kawaii_emote,cute_twitch,streamer_assets,discord_emote,emote_pack,animated_twitch,cozy_emotes,gif_emote,twitch_assets",,https://i.etsystatic.com/61635066/r/il/abe99a/8382662748/il_fullxfull.8382662748_7xr8.jpg,https://i.etsystatic.com/61635066/r/il/722ab2/8382670770/il_fullxfull.8382670770_4vfy.jpg,https://i.etsystatic.com/61635066/r/il/9bfe95/8382670226/il_fullxfull.8382670226_5cvn.jpg,,,,,,,,,,,,,,,,,
"Animated Chibi Cat Emote | Kawaii Waving Twitch, Discord (Instant Download)","Say Hi to your chat with this adorable, animated waving emote! Featuring a cute white cat wearing a cozy pastel pink scarf, rosy cheeks, and a friendly wave, this charming animation brings instant warmth and cheer to your community.

❄️ Instant Digital Download
This is a digital product. No physical item will be shipped.

After purchasing, you will receive a ZIP file containing the complete package.

📦 Package Includes
✅Smoothly animated GIF format at 112×112, 56×56, and 28×28 px (the exact three sizes Twitch requires)

✅High-quality PNG format

✅Transparent backgrounds

Ready to upload directly to Twitch, Discord, Kick, and YouTube

🌟 Suitable For:

✅Twitch subscriber emotes

✅Twitch channel-point rewards

✅Discord server emotes

✅Kick chat emotes

✅YouTube memberships custom emojis

📌 Please Note
This product is licensed for personal use only. Commercial use, resale, redistribution, sharing, copying, or uploading the files for sale on other platforms is strictly prohibited.

Because this is a digital download, no physical item will be delivered.

If you have any questions or experience an issue with your files, please feel free to contact me anytime. I’ll be happy to help!

Twitch Overlays and Assets by CozyJsStudio: https://cozyjsstudio.etsy.com

🖌️ Tools Used: Adobe Photoshop and Adobe Firefly AI

✨ Want a Matching Custom Twitch Package?
Complete your channel with matching Starting Soon screens, alerts, panels, emotes, overlays, and other custom stream assets:

https://cozyjsstudio.etsy.com/listing/4500763545",5.49,USD,7,"animated_emote,twitch_emote,chibi_emote,Cat_emote,kawaii_emote,cute_twitch,streamer_assets,discord_emote,emote_pack,animated_twitch,cozy_emotes,gif_emote,twitch_assets",,https://i.etsystatic.com/61635066/r/il/f94ca6/8430159453/il_fullxfull.8430159453_7o64.jpg,https://i.etsystatic.com/61635066/r/il/f88a27/8382287794/il_fullxfull.8382287794_nt0m.jpg,https://i.etsystatic.com/61635066/r/il/bfa3b5/8382286106/il_fullxfull.8382286106_grkj.jpg,,,,,,,,,,,,,,,,,
"Sakura Panda Animated Stream Package: Twitch Overlay, YouTube, Kick | Panda Overlays","Sakura Panda Animated Stream Package
Stream Overlay, Animated Overlay, Twitch Overlay, Panda overlays, Sakura Panda Night Animated Stream Package | Twitch Overlay | YouTube | Kick | Panda Overlays

Panda Stream Overlay :
INSTANT DIGITAL DOWNLOAD
This is a digital product, nothing physical will be shipped .

• What you will get?
When you purchase this product, you’ll get a .PDF file containing a direct link to a Google Drive folder with the complete package.

Package Includes :
Panda Screens :
4 Static & 3 Animation Version Screens :
✅ Starting Soon (animated+static) 
✅ Be Right Back (animated+static) 
✅ Stream Ending (animated+static) 
✅ Offline Screen (static) (.PNG format)

Panda Overlays/Intermission :
✅ 2 Animated Just Chatting / Intermission Screens : 16:9 (1080x1920) (animated+static) Webm/PNG

Panda Facecam :
✅ 2 Animated Facecam Overlay (animated+static)  Webm/PNG

Panda Panels :
✅ 27 Panels (.PNG format)

Panda Alerts :
✅ 6 Animated Alerts (WEBM format) (animated+static) Webm/PNG

Panda Twitch Emotes :
✅ 5 Twitch Emotes (WEBM format) (static) PNG

Panda Twitch Sub Badges :
✅ 3 Twitch Sub Badges (WEBM format) (static) PNG

Panda Stream Labels :
✅ 4 Animated Stream Labels (animated+static) Webm/PNG

Panda Wallpapers/Background :
✅ 2 Wallpapers (1 Animated, 1 Static) (animated+static) Webm/PNG

Panda Stinger Transition :
✅ Animated Stinger Transition (.WEBM transparent)

Panda Social Media Kit (BANNERS)
✅ Social Media Kit (Twitch, Twitter, Kick, YouTube Headers) (PNG format)

Tutorial :
✅ PDF Tutorial (How to install your overlays) 

Feel free to ask me to add something to this package if something is missing here for your stream.
Color and font changes are not accepted.

• Please Note: This item is licensed for personal use only. Commercial use, resale, or distribution to third parties or other platforms is strictly prohibited.

If you have any questions or encounter any issues with this product, please feel free to contact me anytime.

Panda twitch overlay By :
CozyJsStudio => https://cozyjsstudio.etsy.com

🖌️Tools Used: Adobe Photoshop, Adobe Firefly AI, Adobe After Effect, and Adobe Illustrator🖌️



✅If you want to bring your unique vision to life with a fully tailored stream package, please check out my custom commission listing here:

✅Custom Animated Twitch Stream Overlay Full Pack Bundle | OBS Alerts, Screens, Emotes, Badges

🔗 https://cozyjsstudio.etsy.com/listing/4500763545",22.6,USD,2,,,https://i.etsystatic.com/61635066/r/il/52ef5f/7803817421/il_fullxfull.7803817421_5b3q.jpg,https://i.etsystatic.com/61635066/r/il/c47eec/7803815203/il_fullxfull.7803815203_ckx6.jpg,https://i.etsystatic.com/61635066/r/il/410860/7803808995/il_fullxfull.7803808995_ejov.jpg,https://i.etsystatic.com/61635066/r/il/a70435/7755863166/il_fullxfull.7755863166_dn0q.jpg,https://i.etsystatic.com/61635066/r/il/983d8b/7803810679/il_fullxfull.7803810679_ov9b.jpg,https://i.etsystatic.com/61635066/r/il/c402b4/7803824727/il_fullxfull.7803824727_s79y.jpg,https://i.etsystatic.com/61635066/r/il/c59bd0/7803818795/il_fullxfull.7803818795_rz6q.jpg,https://i.etsystatic.com/61635066/r/il/2a56cb/7755871732/il_fullxfull.7755871732_l6rh.jpg,https://i.etsystatic.com/61635066/r/il/4b43f7/7803825219/il_fullxfull.7803825219_n68x.jpg,https://i.etsystatic.com/61635066/r/il/458365/7755870916/il_fullxfull.7755870916_s9rq.jpg,,,,,,,,,,
"Lofi Sunset Panda Overlay Animated Stream Package: Cozy | Twitch, YouTube, Kick | Coffee Overlays","Panda Lofi Sunset Aesthetic Animated Stream Package | Panda Twitch Overlay Pack | YouTube | kick | Coffee Overlays

Panda Twitch Overlay | Twitch Overlay Panda | Overlay Panda | Stream Panda sunset |Panda Overlays |Panda Twitch |Panda Overlay |Stream Overlay |Twitch Overlay |Twitch Coffee Overlay | Sakura Overlay| Panda Package |Panda Stream | Panda overlay pack |Panda twitch pack |Stream Overlay Panda | White Panda Overlay | Panda Twitch | Panda Overlay | Stream Overlay | Twitch Overlay

Panda Lofi Sunset Coffee Stream Overlay:
INSTANT DIGITAL DOWNLOAD
This is a digital product, nothing physical will be shipped.

• What will you get?
When you purchase this product, you’ll get a .PDF file containing a direct link to a Google Drive folder with the complete package.

Package Includes:
Panda Lofi Sunset Coffee Screens:
4 Static & 3 Animation Version Screens:
✅ Starting Soon (animated & static)
✅ Be Right Back (animated & static)
✅ Stream Ending (animated & static)
✅ Offline Screen (static) (.PNG format)

Panda Lofi Sunset Coffee Overlays/Intermission:
✅ 2 Animated Just Chatting / Intermission Screens: 16:9 (1080x1920) (animated & static) Webm/PNG

Panda Lofi Sunset Coffee Facecam :
✅ 2 Animated Facecam Overlay (animated & static) Webm/PNG

Panda Lofi Sunset Coffee Panels :
✅ 30 Panels (.PNG format)

Panda Lofi Sunset Coffee Alerts :
✅ 6 Animated Alerts (WEBM format) (animated & static) Webm/PNG

Panda Lofi Sunset Coffee Twitch Emotes:
✅ 5 Twitch Emotes (WEBM format) (static) PNG

Panda Lofi Sunset Coffee Twitch Sub Badges:
✅ 3 Twitch Sub Badges (WEBM format) (static) PNG

Panda Lofi Sunset Coffee Stream Labels:
✅ 4 Animated Stream Labels (animated & static) Webm/PNG

Panda Lofi Sunset Coffee Wallpapers/Background:
✅ 2 Wallpapers (1 Animated, 1 Static) (animated & static) Webm/PNG

Panda Lofi Sunset Coffee Stinger Transition:
✅ Animated Stinger Transition (.WEBM transparent)

Panda Lofi Sunset Coffee Social Media Kit (BANNERS)
✅ social media Kit (Twitch, Twitter, Kick, YouTube Headers) (PNG format)

Tutorial:
✅ PDF Tutorial (How to install your overlays)

Feel free to ask me to add something to this package if something is missing here for your stream.
Color and font changes are not accepted.

• Please Note: This item is licensed for personal use only. Commercial use, resale, or distribution to third parties or other platforms is strictly prohibited.

If you have any questions or encounter any issues with this product, please feel free to contact me anytime.

Panda Lofi Sunset Coffee Animated twitch overlay By:
CozyJsStudio => https://cozyjsstudio.etsy.com

🖌️Tools Used: Adobe Photoshop, Adobe Firefly AI, Adobe After Effect, and Adobe Illustrator🖌️



✅If you want to bring your unique vision to life with a fully tailored stream package, please check out my custom commission listing here:

✅Custom Animated Twitch Stream Overlay Full Pack Bundle | OBS Alerts, Screens, Emotes, Badges

🔗 https://cozyjsstudio.etsy.com/listing/4500763545",28.6,USD,11,"Overlay_Panda,Stream_Panda_sunset,Panda_Overlays,Panda_Twitch,Panda_Overlay,Stream_Overlay,Twitch_Overlay,Coffee_Overlay,Sakura_Overlay,Panda_Package,Panda_Stream,Panda_overlay_pack,Panda_twitch_pack",,https://i.etsystatic.com/61635066/r/il/83b48a/8034034919/il_fullxfull.8034034919_cea7.jpg,https://i.etsystatic.com/61635066/r/il/30d0c7/8033296289/il_fullxfull.8033296289_25fj.jpg,https://i.etsystatic.com/61635066/r/il/aed578/8032873353/il_fullxfull.8032873353_fo6v.jpg,https://i.etsystatic.com/61635066/r/il/2eb869/8032886209/il_fullxfull.8032886209_4wm1.jpg,https://i.etsystatic.com/61635066/r/il/086cc2/7984931468/il_fullxfull.7984931468_tnd7.jpg,https://i.etsystatic.com/61635066/r/il/df2da5/7984932266/il_fullxfull.7984932266_so0s.jpg,https://i.etsystatic.com/61635066/r/il/0dca56/7986092566/il_fullxfull.7986092566_sq8j.jpg,https://i.etsystatic.com/61635066/r/il/a179fa/7984932272/il_fullxfull.7984932272_2ex0.jpg,https://i.etsystatic.com/61635066/r/il/98ed2d/8034033941/il_fullxfull.8034033941_e569.jpg,https://i.etsystatic.com/61635066/r/il/113ab7/8033296397/il_fullxfull.8033296397_s2eh.jpg,,,,,,,,,,
"Purple Clouds Animated TikTok Stream Overlay Package : TikTok Overlays (Digital Download)","Purple Clouds Animated Stream Package TIKTOK Streaming Overlay Package | Tiktok Live Animated Overlays | TikTok Stream Overlay | Webcam Overlays | Alerts | Tiktok Live Streaming


INSTANT DIGITAL DOWNLOAD
This is a digital product, nothing physical will be shipped.


What you will get?
When you purchase this product, you’ll get a PDF file containing a direct link to a Google Drive folder with the complete package.


Package Includes :

X10 ANIMATED STREAM OVERLAYS :
Stream Overlays (animated) 9:16, 1080x1920: Webm/PNG


X3 ANIMATED SCREENS + STATIC OFFLINE :
STARTING (animated) 
PAUSE (animated) 
ENDING (animated) 
OFFLINE (animated) 



X4 ANIMATED AND STATIC ALERTS :
New subscriber (animated) Webm
New follower (animated) Webm
New gift  (animated) Webm
New Donation animated) Webm


X3 ANIMATED AND STATIC FACECAM :
FACECAM (animated) Webm


1x Stinger Transition ANIMATED (Webm)



𝐃𝐞𝐭𝐚𝐢𝐥 𝐅𝐢𝐧𝐚𝐥 𝐏𝐫𝐨𝐝𝐮𝐜𝐭
Video Resolution: 1080x1920
Frame Rate: 60fps
Format: Webm + PNG + MP4
Language : English ONLY English ( If you need Different Language, please contact me )
Audio/Music/Sound : Not Included
Animated Looping : Included
File Type : Instant digital download



• Please Note: This item is licensed for personal use only. Commercial use, resale, or distribution to third parties or other platforms is strictly prohibited.

If you have any questions or encounter any issues with this product, please feel free to contact me anytime.



CozyJsStudio

🖌️Tools Used: Adobe Photoshop, Adobe Firefly AI, Adobe After Effect, and Adobe Illustrator🖌️



✅If you want to bring your unique vision to life with a fully tailored stream package, please check out my custom commission listing here:

✅Custom Animated Twitch Stream Overlay Full Pack Bundle | OBS Alerts, Screens, Emotes, Badges

🔗 https://cozyjsstudio.etsy.com/listing/4500763545",18.6,USD,4,"Vertical_Overlay,tiktok_overlay,Tiktok_Stream,Tiktok_Stream_Kit,Vertical_Overlays,Tiktok_Stream_Black,Tiktok_Streaming,Stream_Overlay,Stream_Package,Tiktok_Stream_Purple,Tiktok_Studio,tiktok_Stream_Pack,Facecam_tiktok",,https://i.etsystatic.com/61635066/r/il/10e0f1/7427401403/il_fullxfull.7427401403_i1d3.jpg,https://i.etsystatic.com/61635066/r/il/9ff37d/7343706638/il_fullxfull.7343706638_ln1y.jpg,https://i.etsystatic.com/61635066/r/il/11d850/7391640749/il_fullxfull.7391640749_icvs.jpg,https://i.etsystatic.com/61635066/r/il/fe1538/7343705744/il_fullxfull.7343705744_92h5.jpg,https://i.etsystatic.com/61635066/r/il/bf07dd/7391639981/il_fullxfull.7391639981_7nn1.jpg,https://i.etsystatic.com/61635066/r/il/e9b191/7343705662/il_fullxfull.7343705662_meie.jpg,https://i.etsystatic.com/61635066/r/il/a1cd9f/7391639279/il_fullxfull.7391639279_grih.jpg,https://i.etsystatic.com/61635066/r/il/bba9ed/7343706140/il_fullxfull.7343706140_jv45.jpg,https://i.etsystatic.com/61635066/r/il/34ccd2/7343704744/il_fullxfull.7343704744_dcea.jpg,https://i.etsystatic.com/61635066/r/il/9661eb/7343705668/il_fullxfull.7343705668_jrxq.jpg,,,,,,,,,,
"Black Cat Jars Twitch Badges | Kawaii Moon Cat Emotes (Digital Download)","Black Cat Jars Twitch Badges | Cute Cat Sub Bits & Channel Point Icons | Twitch Discord Bundle All Sizes

Give your subs something to fall in love with six Tier cat inside glowing glass jars, each one cradling a crescent moon on a little cloud a dreamy purple night sky. 

Perfect for cozy, kawaii, and lofi-style Twitch channels looking for a soft, magical badge set your community will actually want to level up for.

INSTANT DIGITAL DOWNLOAD
This is a digital product nothing physical will be shipped.
What will you get?
When you purchase this product, you'll get a .PDF file containing a direct link to a Google Drive folder with the complete package.

Package Includes: Black Cat Jars Sub Badges:
✅ x6 Sub Badges 
✅ All sizes included For Sub Badges (18x18, 36x36, 72x72 px)
✅ All sizes included For Emotes: 28x28, 56x56, 112x112 px 
✅+ Bonus 200x200 px
✅ .PNG format, transparent background
✅ Ready to upload directly to Twitch subscriber badge tiers
Compatible with: Twitch (subscriber badges), and easily adaptable for Kick, YouTube Membership badges, or Discord roles on request.


Please Note: This item is licensed for personal use only. Commercial use, resale, or distribution to third parties or other platforms is strictly prohibited.
If you have any questions or run into issues with your files, feel free to contact me anytime.

Animated Twitch Overlay & Assets By: CozyJsStudio → https://cozyjsstudio.etsy.com
🖌️ Tools Used: Adobe Photoshop, Adobe Firefly AI🖌️

✅ Want a fully matching overlay package (Starting Soon, alerts, panels, emotes) to go with these badges? Check out my custom commission listing:
🔗https://cozyjsstudio.etsy.com/listing/4500763545",6.49,USD,18,"twitch_badge,moon_badge,sub_reward,sub_point,twitch_rewards,moon_icon,twitch_reward,discord_sticker,star_badge,Jar_badges,cat_Badge,cat_Jar,cat",,https://i.etsystatic.com/61635066/r/il/a3f6f1/8270061219/il_fullxfull.8270061219_pqys.jpg,https://i.etsystatic.com/61635066/r/il/b7398c/8270037057/il_fullxfull.8270037057_815y.jpg,https://i.etsystatic.com/61635066/r/il/53130f/8222126028/il_fullxfull.8222126028_26s8.jpg,https://i.etsystatic.com/61635066/r/il/ad0ce1/8270049335/il_fullxfull.8270049335_m2zy.jpg,https://i.etsystatic.com/61635066/r/il/6384b1/8270034321/il_fullxfull.8270034321_knmg.jpg,https://i.etsystatic.com/61635066/r/il/bb8418/8270066781/il_fullxfull.8270066781_3lt0.jpg,https://i.etsystatic.com/61635066/r/il/849d6c/8222125086/il_fullxfull.8222125086_8q6d.jpg,https://i.etsystatic.com/61635066/r/il/fdb456/8270034917/il_fullxfull.8270034917_sj17.jpg,https://i.etsystatic.com/61635066/r/il/fd01b4/8270034997/il_fullxfull.8270034997_tk9t.jpg,https://i.etsystatic.com/61635066/r/il/e953ea/8270049659/il_fullxfull.8270049659_6nyj.jpg,,,,,,,,,,
"Ghost Forest Magic Animated Stream Package | Twitch Overlay | YouTube | kick | Ghost overlays","Ghost  Twitch Overlay | Twitch Overlay Ghost  | Stream Overlay Ghost  | White Ghost  Overlay | Ghost  Twitch | Ghost  Overlay | Stream Overlay | Twitch Overlay | Twitch Overlays | Sakura Overlay | Ghost  Twitch Pack | White Ghost  Twitch | Ghost  Stream,

Ghost  Forest Magic Stream Overlay :
INSTANT DIGITAL DOWNLOAD
This is a digital product, nothing physical will be shipped .

• What you will get?
When you purchase this product, you’ll get a .PDF file containing a direct link to a Google Drive folder with the complete package.

Package Includes :
Ghost  Forest Magic Screens :
4 Static & 3 Animation Version Screens :
✅ Starting Soon (animated+static)
✅ Be Right Back (animated+static)
✅ Stream Ending (animated+static)
✅ Offline Screen (static) (.PNG format)

Ghost  Forest Magic Overlays/Intermission :
✅ 2 Animated Just Chatting / Intermission Screens : 16:9 (1080x1920) (animated+static) Webm/PNG

Ghost  Forest Magic Facecam :
✅ 2 Animated Facecam Overlay (animated+static) Webm/PNG

Ghost  Forest Magic Panels :
✅ 27 Panels (.PNG format)

Ghost  Forest Magic Alerts :
✅ 6 Animated Alerts (WEBM format) (animated+static) Webm/PNG

Ghost  Forest Magic Twitch Emotes :
✅ 5 Twitch Emotes (WEBM format) (static) PNG

Ghost  Forest Magic Twitch Sub Badges :
✅ 3 Twitch Sub Badges (WEBM format) (static) PNG

Ghost  Forest Magic Stream Labels :
✅ 4 Animated Stream Labels (animated+static) Webm/PNG

Ghost  Forest Magic Wallpapers/Background :
✅ 2 Wallpapers (1 Animated, 1 Static) (animated+static) Webm/PNG

Ghost  Forest Magic Stinger Transition :
✅ Animated Stinger Transition (.WEBM transparent)

Ghost  Forest Magic Social Media Kit (BANNERS)
✅ Social Media Kit (Twitch, Twitter, Kick, YouTube Headers) (PNG format)

Tutorial :
✅ PDF Tutorial (How to install your overlays)

Feel free to ask me to add something to this package if something is missing here for your stream.
Color and font changes are not accepted.

• Please Note: This item is licensed for personal use only. Commercial use, resale, or distribution to third parties or other platforms is strictly prohibited.

If you have any questions or encounter any issues with this product, please feel free to contact me anytime.

Animated twitch overlay By :
CozyJsStudio => https://cozyjsstudio.etsy.com

🖌️Tools Used: Adobe Photoshop, Adobe Firefly AI, Adobe After Effect, and Adobe Illustrator🖌️



✅If you want to bring your unique vision to life with a fully tailored stream package, please check out my custom commission listing here:

✅Custom Animated Twitch Stream Overlay Full Pack Bundle | OBS Alerts, Screens, Emotes, Badges

🔗 https://cozyjsstudio.etsy.com/listing/4500763545",25.6,USD,4,"Overlay_Ghost,Stream_Ghost,Ghost__Overlays,Ghost__Twitch,Ghost__Overlay,Stream_Overlay,Twitch_Overlay,Twitch_Overlays,Sakura_Overlay,Ghost__Package,Ghost__Stream,Ghost__overlay_pack,Ghost__twitch_pack",,https://i.etsystatic.com/61635066/r/il/e0de0e/7923972759/il_fullxfull.7923972759_iuac.jpg,https://i.etsystatic.com/61635066/r/il/4ee5d0/7875998786/il_fullxfull.7875998786_qm2e.jpg,https://i.etsystatic.com/61635066/r/il/76eb6d/7875984368/il_fullxfull.7875984368_rywr.jpg,https://i.etsystatic.com/61635066/r/il/76e260/7923950227/il_fullxfull.7923950227_b3u8.jpg,https://i.etsystatic.com/61635066/r/il/7a6f6a/7875989366/il_fullxfull.7875989366_rrhj.jpg,https://i.etsystatic.com/61635066/r/il/55ccc3/7923945801/il_fullxfull.7923945801_e62i.jpg,https://i.etsystatic.com/61635066/r/il/a70e3f/7923947037/il_fullxfull.7923947037_8rjl.jpg,https://i.etsystatic.com/61635066/r/il/193188/7923972129/il_fullxfull.7923972129_fb2k.jpg,https://i.etsystatic.com/61635066/r/il/19fe99/7875986650/il_fullxfull.7875986650_r786.jpg,https://i.etsystatic.com/61635066/r/il/3f5c19/7876013604/il_fullxfull.7876013604_j6b3.jpg,,,,,,,,,,
"Sakura Polar Bear Jars Twitch Badges | Kawaii Sub, Bit, Channel Icons (Digital Download)","SAKURA POLAR BEAR JARS TWITCH BADGES

Give your subscribers a magical badge progression to level up through with six adorable polar bear cubs nestled inside enchanting glass jars filled with white flowers, icy-blue blossoms, delicate petals, golden sparkles, and dreamy pastel colors.

Each badge represents a new progression level, beginning with a tiny sleeping polar bear and gradually transforming into a majestic celestial bear surrounded by blooming flowers, ornate golden decorations, a glowing halo, and a beautiful pink gemstone.

Perfect for cozy, kawaii, winter, Arctic, floral, fantasy, cottagecore, and lofi-style Twitch channels looking for a charming badge set their community will love.

❄️ INSTANT DIGITAL DOWNLOAD

This is a digital product. No physical item will be shipped.

After purchasing, you will receive a PDF file containing a direct link to the Google Drive folder with the complete package.

🐻‍❄️ PACKAGE INCLUDES

✅ 6 Sakura Polar Bear Jar Sub Badges
✅ Sub-badge sizes: 18×18, 36×36, and 72×72 px
✅ Emote and channel-point sizes: 28×28, 56×56, and 112×112 px
✅ Bonus 200×200 px versions
✅ High-quality PNG format
✅ Transparent backgrounds
✅ Ready to upload directly to Twitch

These icons are suitable for:

• Twitch subscriber badges
• Twitch Bit and Cheer badges
• Twitch channel-point rewards
• Kick subscriber badges
• YouTube membership badges
• Discord role icons

📌 PLEASE NOTE

This product is licensed for personal use only. Commercial use, resale, redistribution, sharing, copying, or uploading the files for sale on other platforms is strictly prohibited.

Because this is a digital download, no physical item will be delivered.

If you have any questions or experience an issue with your files, please feel free to contact me anytime. I’ll be happy to help!

Twitch Overlays and Assets by CozyJsStudio:
https://cozyjsstudio.etsy.com

🖌️ Tools Used: Adobe Photoshop and Adobe Firefly AI

✨ WANT A MATCHING CUSTOM TWITCH PACKAGE?

Complete your channel with matching Starting Soon screens, alerts, panels, emotes, overlays, and other custom stream assets:

https://cozyjsstudio.etsy.com/listing/4500763545",6.49,USD,7,"polar_bear_badge,bear_twitch_badge,bear_sub_badges,sakura_jar_badges,twitch_badges,bit_badges,channel_point_icon,discord_role_icons,cute_stream_badges,kawaii_polar_bear,floral_twitch_badge,polar_bear_emotes,twitch_reward_icons",,https://i.etsystatic.com/61635066/r/il/af5429/8413406593/il_fullxfull.8413406593_7fev.jpg,https://i.etsystatic.com/61635066/r/il/5a5f7a/8413416473/il_fullxfull.8413416473_79l2.jpg,https://i.etsystatic.com/61635066/r/il/423402/8413416497/il_fullxfull.8413416497_iefq.jpg,https://i.etsystatic.com/61635066/r/il/410b8d/8413415943/il_fullxfull.8413415943_hh1b.jpg,https://i.etsystatic.com/61635066/r/il/5d8a0d/8413416017/il_fullxfull.8413416017_qfob.jpg,https://i.etsystatic.com/61635066/r/il/a5de19/8365537180/il_fullxfull.8365537180_ezrr.jpg,https://i.etsystatic.com/61635066/r/il/ca70f5/8365536716/il_fullxfull.8365536716_9vop.jpg,https://i.etsystatic.com/61635066/r/il/2f46b5/8365536714/il_fullxfull.8365536714_kwav.jpg,https://i.etsystatic.com/61635066/r/il/919af2/8365536720/il_fullxfull.8365536720_4mhs.jpg,https://i.etsystatic.com/61635066/r/il/9ec924/8365535998/il_fullxfull.8365535998_3wmg.jpg,,,,,,,,,,
"Sakura Raccoon Jars Twitch Badges | Kawaii Sub, Bit, Channel Icons (Digital Download)","SAKURA RACCOON JARS TWITCH BADGES

Give your subscribers an adorable badge progression to level up through with six cute raccoons nestled inside magical glass jars filled with purple flowers, delicate petals, golden sparkles, and dreamy pastel colors.

The progression begins with a tiny sleeping raccoon and gradually transforms into a majestic celestial raccoon surrounded by blooming flowers, golden decorations, a glowing halo, and a beautiful pink gemstone.

Perfect for cozy, kawaii, floral, cottagecore, fantasy, woodland, and lofi-style Twitch channels looking for a charming badge set their community will love.

🌸 INSTANT DIGITAL DOWNLOAD

This is a digital product. No physical item will be shipped.

After purchasing, you will receive a PDF file containing a direct link to the Google Drive folder with the complete package.

🦝 PACKAGE INCLUDES

✅ 6 Sakura Raccoon Jar Sub Badges
✅ Sub-badge sizes: 18×18, 36×36, and 72×72 px
✅ Emote and channel-point sizes: 28×28, 56×56, and 112×112 px
✅ Bonus 200×200 px versions
✅ High-quality PNG format
✅ Transparent backgrounds
✅ Ready to upload directly to Twitch

These icons are suitable for:

• Twitch subscriber badges
• Twitch Bit and Cheer badges
• Twitch channel-point rewards
• Kick subscriber badges
• YouTube membership badges
• Discord role icons

📌 PLEASE NOTE

This product is licensed for personal use only. Commercial use, resale, redistribution, sharing, copying, or uploading the files for sale on other platforms is strictly prohibited.

Because this is a digital download, no physical item will be delivered.

If you have any questions or experience an issue with your files, please feel free to contact me anytime. I’ll be happy to help!

Twitch Overlays and Assets by CozyJsStudio:
https://cozyjsstudio.etsy.com

🖌️ Tools Used: Adobe Photoshop and Adobe Firefly AI

✨ WANT A MATCHING CUSTOM TWITCH PACKAGE?

Complete your channel with matching Starting Soon screens, alerts, panels, emotes, overlays, and other custom stream assets:

https://cozyjsstudio.etsy.com/listing/4500763545",6.49,USD,7,"raccoon_twitch_badge,raccoon_sub_badges,sakura_jar_badges,twitch_badges,sub_badge_set,bit_badges,channel_point_icon,discord_role_icons,cute_stream_badges,kawaii_raccoon,floral_twitch_badge,raccoon_emotes,twitch_reward_icons",,https://i.etsystatic.com/61635066/r/il/2fdd00/8413221883/il_fullxfull.8413221883_qc2m.jpg,https://i.etsystatic.com/61635066/r/il/462ad1/8365341530/il_fullxfull.8365341530_2pdb.jpg,https://i.etsystatic.com/61635066/r/il/1b1145/8413221833/il_fullxfull.8413221833_6yh1.jpg,https://i.etsystatic.com/61635066/r/il/4bfcc6/8365341024/il_fullxfull.8365341024_23li.jpg,https://i.etsystatic.com/61635066/r/il/1c9ed7/8365341124/il_fullxfull.8365341124_lj09.jpg,https://i.etsystatic.com/61635066/r/il/b4578e/8365345784/il_fullxfull.8365345784_btkg.jpg,https://i.etsystatic.com/61635066/r/il/d8ae4a/8413221451/il_fullxfull.8413221451_by1j.jpg,https://i.etsystatic.com/61635066/r/il/c8db93/8365341078/il_fullxfull.8365341078_qs8s.jpg,https://i.etsystatic.com/61635066/r/il/58f49e/8365341102/il_fullxfull.8365341102_o5ii.jpg,https://i.etsystatic.com/61635066/r/il/8f9efb/8413221369/il_fullxfull.8413221369_e6ze.jpg,,,,,,,,,,
"Sakura Cat Jars Twitch Badges | Kawaii Black Cat Icons (Digital Download)","Sakura CAT JARS TWITCH BADGES

Sakura Cat Jars Twitch Badges | Cute black Cat Sub, Bit & Channel Point Icons | Twitch Discord Bundle All Sizes

Give your subscribers something adorable to level up for with six cute orange tabby cats nestled inside magical glass jars filled with cheerful black , soft sparkles, and warm pastel colors.

Each badge represents a new progression level from a tiny sleeping kitten with a single flower to a majestic adult cat surrounded by blooming daisies, golden decorations, and a glowing pink gemstone.

Perfect for cozy, kawaii, floral, cottagecore, fantasy, and lofi-style Twitch channels looking for a sweet badge progression their community will love.

🌼 INSTANT DIGITAL DOWNLOAD

This is a digital product. No physical item will be shipped.

After purchasing, you will receive a PDF file containing a direct link to the Google Drive folder with the complete package.

🐱 PACKAGE INCLUDES

✅ 6 black Cat Jar Sub Badges
✅ Sub-badge sizes: 18×18, 36×36, and 72×72 px
✅ Emote and channel-point sizes: 28×28, 56×56, and 112×112 px
✅ Bonus 200×200 px versions
✅ High-quality PNG format
✅ Transparent backgrounds
✅ Ready to upload directly to Twitch

These icons can be used for:

• Twitch subscriber badges
• Twitch Bit badges
• Twitch channel-point rewards
• Kick subscriber badges
• YouTube membership badges
• Discord role icons

📌 PLEASE NOTE

This product is licensed for personal use only. Commercial use, resale, redistribution, sharing, or uploading the files for sale on other platforms is strictly prohibited.

Because this is a digital download, no physical product will be delivered.

If you have any questions or experience an issue with your files, please feel free to contact me anytime. I’ll be happy to help!

Twitch Overlays and Assets by CozyJsStudio:
https://cozyjsstudio.etsy.com

🖌️ Tools Used: Adobe Photoshop and Adobe Firefly AI

✨ WANT A MATCHING CUSTOM TWITCH PACKAGE?

Complete your channel with matching Starting Soon screens, alerts, panels, emotes, overlays, and other custom stream assets:

https://cozyjsstudio.etsy.com/listing/4500763545",6.49,USD,7,"twitch_badges,cat_twitch_badge,twitch_sub_badge,cat_sub_badges,cat_jar_badge,Sakura_cat_badge,cute_twitch_badge,twitch_bit_badge,channel_point_icon,discord_role_icon,youtube_member_badge,kick_sub_badge,black_cat_badges",,https://i.etsystatic.com/61635066/r/il/c79386/8413167917/il_fullxfull.8413167917_5f10.jpg,https://i.etsystatic.com/61635066/r/il/35e028/8365287192/il_fullxfull.8365287192_ccj8.jpg,https://i.etsystatic.com/61635066/r/il/efcbed/8365287170/il_fullxfull.8365287170_npyo.jpg,https://i.etsystatic.com/61635066/r/il/0d9d12/8413167375/il_fullxfull.8413167375_bjmj.jpg,https://i.etsystatic.com/61635066/r/il/d70836/8413167749/il_fullxfull.8413167749_to1y.jpg,https://i.etsystatic.com/61635066/r/il/4a1b0b/8365287222/il_fullxfull.8365287222_rzrw.jpg,https://i.etsystatic.com/61635066/r/il/a9f394/8413167397/il_fullxfull.8413167397_gtji.jpg,https://i.etsystatic.com/61635066/r/il/f25bd6/8365286630/il_fullxfull.8365286630_qo8e.jpg,https://i.etsystatic.com/61635066/r/il/771e63/8365286626/il_fullxfull.8365286626_o3i9.jpg,https://i.etsystatic.com/61635066/r/il/0b3ad7/8365286574/il_fullxfull.8365286574_lvbp.jpg,,,,,,,,,,
"Cozy Christmas Cat Animated TikTok Stream Overlay Package (Digital Download)","Christmas Animated TikTok Stream Overlay Package TIKTOK Streaming Overlay Package | Tiktok Live Animated Overlays | TikTok Stream Overlay | Webcam Overlays | Alerts | Tiktok Live Streaming | Christmas Tiktok Overlay

INSTANT DIGITAL DOWNLOAD
This is a digital product, nothing physical will be shipped.

What you will get?
When you purchase this product, you’ll get a PDF file containing a direct link to a Google Drive folder with the complete package.

Package Includes :

X10 ANIMATED STREAM OVERLAYS :
STREAM OVERLAYS (animated) 9:16, 1080x1920: Webm/PNG

X3 ANIMATED SCREENS + STATIC OFFLINE :
STARTING (animated + static)
PAUSE (animated + static)
ENDING (animated + static)
OFFLINE ( static)

X4 ANIMATED AND STATIC ALERTS :
New subscriber (animated + static) Webm/Png
New follower (animated + static) Webm/Png
New gift (animated + static) Webm/Png
New Donation (animated + static) Webm/Png

X2 ANIMATED AND STATIC FACECAM :
FACECAM (animated + static) Webm/Png

1x Stinger Transition ANIMATED (Webm)

𝐃𝐞𝐭𝐚𝐢𝐥 𝐅𝐢𝐧𝐚𝐥 𝐏𝐫𝐨𝐝𝐮𝐜𝐭
Video Resolution: 1080x1920
Frame Rate: 60fps
Format: Webm + PNG + MP4
Language : English ONLY English ( If you need Different Language, please contact me )
Audio/Music/Sound : Not Included
Animated Looping : Included
File Type : Instant digital download


• Please Note: This item is licensed for personal use only. Commercial use, resale, or distribution to third parties or other platforms is strictly prohibited.

If you have any questions or encounter any issues with this product, please feel free to contact me anytime.



CozyJsStudio

🖌️Tools Used: Adobe Photoshop, Adobe Firefly AI, Adobe After Effect, and Adobe Illustrator🖌️



✅If you want to bring your unique vision to life with a fully tailored stream package, please check out my custom commission listing here:

✅Custom Animated Twitch Stream Overlay Full Pack Bundle | OBS Alerts, Screens, Emotes, Badges

🔗 https://cozyjsstudio.etsy.com/listing/4500763545",18.6,USD,7,"Christmas_Overlay,New_Year_overlay,tiktok_Stream_Pack,Snow_overlay,Christmas_tiktok,Vertical_Overlay,tiktok_overlay,Tiktok_Stream,Tiktok_Stream_Black,Tiktok_Stream_Kit,Vertical_Overlays,Tiktok_Streaming,Stream_Overlay",,https://i.etsystatic.com/61635066/r/il/ef5cf8/7524383409/il_fullxfull.7524383409_7jgv.jpg,https://i.etsystatic.com/61635066/r/il/2cd8b5/7476447866/il_fullxfull.7476447866_e5hc.jpg,https://i.etsystatic.com/61635066/r/il/27cd8d/7524380963/il_fullxfull.7524380963_px9l.jpg,https://i.etsystatic.com/61635066/r/il/04ad39/7476450030/il_fullxfull.7476450030_qg8t.jpg,https://i.etsystatic.com/61635066/r/il/79d5ba/7524382069/il_fullxfull.7524382069_i7z0.jpg,https://i.etsystatic.com/61635066/r/il/4aab84/7524382673/il_fullxfull.7524382673_107s.jpg,https://i.etsystatic.com/61635066/r/il/42cf12/7476450618/il_fullxfull.7476450618_7wpx.jpg,https://i.etsystatic.com/61635066/r/il/925ba0/7524382339/il_fullxfull.7524382339_738i.jpg,,,,,,,,,,,,
"Wolf Under Sea Room Animated Stream Package | Wolf Twitch Overlay | YouTube | kick overlays","Wolf Under Sea Room Magic Animated Stream Package | Lofi Twitch Overlay | YouTube | Kick | Wolfs Overlays | Nature Night Theme | Wolfs Animated Stream Package | Lofi Twitch Overlay | Magic Under Sea Room  Night Theme | Panels Alerts Screens for Twitch YouTube Kick Wolf twitch overlay | cozy twitch overlay | lofi twitch overlay | animated twitch overlay | twitch panels overlay | twitch alerts overlay | cozy Wolf twitch pack | animated twitch pack 

Wolf Under Sea Room Magic Stream Overlay :
INSTANT DIGITAL DOWNLOAD
This is a digital product, nothing physical will be shipped .

• What you will get?
When you purchase this product, you’ll get a .PDF file containing a direct link to a Google Drive folder with the complete package.

Package Includes :
Wolf Under Sea Room  Magic Screens :
4 Static & 3 Animation Version Screens :
✅ Starting Soon (animated+static)
✅ Be Right Back (animated+static)
✅ Stream Ending (animated+static)
✅ Offline Screen (static) (.PNG format)

Wolf Under Sea Room  Magic Overlays/Intermission :
✅ 4 Animated Just Chatting / Intermission Screens : 16:9 (1080x1920) (animated+static) Webm/PNG

Wolf Under Sea Room  Magic Facecam :
✅ 2 Animated Facecam Overlay (animated+static) Webm/PNG

Wolf Under Sea Room  Magic Panels :
✅ 28 Panels (.PNG format)

Wolf Under Sea Room  Magic Alerts :
✅ 6 Animated Alerts (WEBM format) (animated+static) Webm/PNG

Wolf Under Sea Room  Magic Twitch Emotes :
✅ 5 Twitch Emotes (WEBM format) (static) PNG

Wolf Under Sea Room  Magic Twitch Sub Badges :
✅ 3 Twitch Sub Badges (WEBM format) (static) PNG

Wolf Under Sea Room  Magic Stream Labels :
✅ 4 Animated Stream Labels (animated+static) Webm/PNG

Wolf Under Sea Room  Magic Wallpapers/Background :
✅ 2 Wallpapers (1 Animated, 1 Static) (animated+static) Webm/PNG

Wolf Under Sea Room  Magic Stinger Transition :
✅ Animated Stinger Transition (.WEBM transparent)

Wolf Under Sea Room  Magic Social Media Kit (BANNERS)
✅ Social Media Kit (Twitch, Twitter, Kick, YouTube Headers) (PNG format)

Tutorial :
✅ PDF Tutorial (How to install your overlays)

Feel free to ask me to add something to this package if something is missing here for your stream.
Color and font changes are not accepted.

• Please Note: This item is licensed for personal use only. Commercial use, resale, or distribution to third parties or other platforms is strictly prohibited.

If you have any questions or encounter any issues with this product, please feel free to contact me anytime.

Animated twitch overlay By :
CozyJsStudio => https://cozyjsstudio.etsy.com

🖌️Tools Used: Adobe Photoshop, Adobe Firefly AI, Adobe After Effect, and Adobe Illustrator🖌️



✅If you want to bring your unique vision to life with a fully tailored stream package, please check out my custom commission listing here:

✅Custom Animated Twitch Stream Overlay Full Pack Bundle | OBS Alerts, Screens, Emotes, Badges

🔗 https://cozyjsstudio.etsy.com/listing/4500763545",22.6,USD,7,"twitch_overlay,twitch_overlays,twitch_overlay_anime,stream_overlays,stream_overlay,Under_Sea_twitch,Sakura_overlay,Wolfs_Overlay,Wolf_Overlay,Wolf_Twitch,Wolfs_Overlays,Wolfs_Twitch,Twitch_Sea_Room",,https://i.etsystatic.com/61635066/r/il/31aede/7942855439/il_fullxfull.7942855439_66hf.jpg,https://i.etsystatic.com/61635066/r/il/d00014/7894823106/il_fullxfull.7894823106_jtre.jpg,https://i.etsystatic.com/61635066/r/il/484ffb/7942801605/il_fullxfull.7942801605_tn2d.jpg,https://i.etsystatic.com/61635066/r/il/9bd116/7942800077/il_fullxfull.7942800077_l7qm.jpg,https://i.etsystatic.com/61635066/r/il/53945a/7942805223/il_fullxfull.7942805223_sabr.jpg,https://i.etsystatic.com/61635066/r/il/104cf4/7894847324/il_fullxfull.7894847324_6pjs.jpg,https://i.etsystatic.com/61635066/r/il/787537/7894843948/il_fullxfull.7894843948_t051.jpg,https://i.etsystatic.com/61635066/r/il/18db27/7942945127/il_fullxfull.7942945127_tirn.jpg,https://i.etsystatic.com/61635066/r/il/8d703c/7942802171/il_fullxfull.7942802171_mhpi.jpg,https://i.etsystatic.com/61635066/r/il/373ec9/7942857399/il_fullxfull.7942857399_6erd.jpg,,,,,,,,,,
"Train Sunset Dog Overlay Animated Stream Package: For Twitch, YouTube, Kick | Coffee overlays","Train Sunset Dog Overlay Animated Stream Package
Stream Overlay, Animated Overlay, Twitch Overlay, Coffee overlay, 

Dog Stream Overlays:
INSTANT DIGITAL DOWNLOAD
This is a digital product, nothing physical will be shipped.

• What will you get?
When you purchase this product, you’ll get a .PDF file containing a direct link to a Google Drive folder with the complete package.

Package Includes:
Dog Screens:
4 Static & 3 Animation Version Screens:
✅ Starting Soon (animated+static) 
✅ Be Right Back (animated+static) 
✅ Stream Ending (animated+static) 
✅ Offline Screen (static) (.PNG format)

Dog Overlays/Intermission:
✅ 4 Animated Just Chatting / Intermission Screens: 16:9 (1080x1920) (animated+static) Webm/PNG

Dog Facecam :
✅ 2 Animated Facecam Overlay (animated+static)  Webm/PNG

Dog Panels:
✅ 30 Panels (.PNG format)

Dog Twitch Emotes:
✅ 5 Twitch Emotes (.PNG format)

Dog Sub Badges:
✅ 3 Sub Badges (.PNG format)

Dog Alerts:
✅ 6 Animated Alerts (WEBM format) (animated+static) Webm/PNG

Dog Stream Labels:
✅ 4 Animated Stream Labels (animated+static) Webm/PNG

Wallpapers/Background:
✅ 2 Wallpapers (1 Animated, 1 Static) (animated+static) Webm/PNG

Dog Stinger Transition:
✅ Animated Stinger Transition (.WEBM transparent)

Dog Social Media Kit (BANNERS)
✅ social media Kit (Twitch, Twitter, Kick, YouTube Headers) (PNG format)

Tutorial:
✅ PDF Tutorial (How to install your overlays) 

Feel free to ask me to add something to this package if something is missing here for your stream.
I can also add a translation, if you need, write to me. (Latin characters only)
Color and font changes are not accepted.

• Please Note: This item is licensed for personal use only. Commercial use, resale, or distribution to third parties or other platforms is strictly prohibited.

If you have any questions or encounter any issues with this product, please feel free to contact me anytime.

Note: My design process combines manual digital craftsmanship with AI-enhanced tools to achieve the perfect balance of detail, color, and quality.

Dog Twitch Overlay 
By:
CozyJsStudio => https://cozyjsstudio.etsy.com

🖌️Tools Used: Adobe Photoshop, Adobe Firefly AI, Adobe After Effect, and Adobe Illustrator🖌️



✅If you want to bring your unique vision to life with a fully tailored stream package, please check out my custom commission listing here:

✅Custom Animated Twitch Stream Overlay Full Pack Bundle | OBS Alerts, Screens, Emotes, Badges

🔗 https://cozyjsstudio.etsy.com/listing/4500763545",24.6,USD,3,"Dog_Twitch_Overlay,Twitch_Overlay_Dog,Stream_Overlay_Dog,Coffee_Overlay,Coffee_Twitch,Dog_Overlay,Stream_Overlay,Twitch_Overlay,Dog_Twitch_Pack,Dog_Twitch,Sakura_Overlay,Train_Overlay,Train_Dog",,https://i.etsystatic.com/61635066/r/il/5f774d/8046819159/il_fullxfull.8046819159_lan2.jpg,https://i.etsystatic.com/61635066/r/il/4c93c9/8044809431/il_fullxfull.8044809431_3n40.jpg,https://i.etsystatic.com/61635066/r/il/eaf8eb/8038333341/il_fullxfull.8038333341_qzze.jpg,https://i.etsystatic.com/61635066/r/il/f58e2c/7990396110/il_fullxfull.7990396110_kf8o.jpg,https://i.etsystatic.com/61635066/r/il/1525bd/8038332281/il_fullxfull.8038332281_nkmv.jpg,https://i.etsystatic.com/61635066/r/il/20ebb8/8044810325/il_fullxfull.8044810325_t05k.jpg,https://i.etsystatic.com/61635066/r/il/ed31a0/7990394536/il_fullxfull.7990394536_o67q.jpg,https://i.etsystatic.com/61635066/r/il/353b00/7998883102/il_fullxfull.7998883102_qi6u.jpg,https://i.etsystatic.com/61635066/r/il/700157/8038333569/il_fullxfull.8038333569_9yd4.jpg,https://i.etsystatic.com/61635066/r/il/60373e/7996877740/il_fullxfull.7996877740_rwdp.jpg,,,,,,,,,,
"Red Panda Overlay Animated Stream Package: Twitch, YouTube, Kick | Setup Room Sakura Overlays","Animated Red Panda & Sakura stream package preview for Twitch, YouTube, and Kick. This cherry blossom stream pack features a pastel pink Japanese gaming setup room aesthetic. Includes animated stream overlays, starting soon, be right back screens, twitch alerts, and panels. Perfect for a cozy black, white, and pink Sakura Twitch aesthetic! Elevate your stream with these cute, animated overlays.

Red Panda Stream Overlays:
INSTANT DIGITAL DOWNLOAD
This is a digital product, nothing physical will be shipped.

• What will you get?
When you purchase this product, you’ll get a .PDF file containing a direct link to a Google Drive folder with the complete package.

Package Includes:
Red Panda  Screens:
4 Static & 3 Animation Version Screens:
✅ Starting Soon (animated & static)
✅ Be Right Back (animated & static)
✅ Stream Ending (animated & static)
✅ Offline Screen (static) (.PNG format)

Red Panda  Overlays/Intermission:
✅ 4 Animated Just Chatting / Intermission Screens: 16:9 (1080x1920) (animated & static) WEBm/PNG

Red Panda  Facecams :
✅ 2 Animated Facecam Overlay (animated & static) WEBm/PNG

Red Panda  Panels:
✅ 28 Panels (.PNG format)

Red Panda  Twitch Emotes:
✅ 5 Twitch Emotes (.PNG format)

Red Panda  Sub Badges:
✅ 3 Sub Badges (.PNG format)

Red Panda  Alerts:
✅ 6 Animated Alerts (WEBM format) (animated & static) WEBm/PNG

Red Panda  Stream Labels:
✅ 4 Animated Stream Labels (animated & static) WEBm/PNG

Wallpapers/Background:
✅ 2 Wallpapers (1 Animated, 1 Static) (animated & static) WEBm/PNG

Red Panda  Stinger Transition:
✅ Animated Stinger Transition (. WEBM transparent)

Red Panda  Social Media Kit (BANNERS)
✅ social media Kit (Twitch, Twitter, Kick, YouTube Headers) (PNG format)

Tutorial:
✅ PDF Tutorial (How to install your overlays)

Feel free to ask me to add something to this package if something is missing here for your stream.
I can also add a translation, if you need, write to me. (Latin characters only)
Color and font changes are not accepted.

• Please Note: This item is licensed for personal use only. Commercial use, resale, or distribution to third parties or other platforms is strictly prohibited.

If you have any questions or encounter any issues with this product, please feel free to contact me anytime.

Red Panda  Animated twitch overlay By:
CozyJsStudio => https://cozyjsstudio.etsy.com

🖌️Tools Used: Adobe Photoshop, Adobe Firefly AI, Adobe After Effect, and Adobe Illustrator🖌️



✅If you want to bring your unique vision to life with a fully tailored stream package, please check out my custom commission listing here:

✅Custom Animated Twitch Stream Overlay Full Pack Bundle | OBS Alerts, Screens, Emotes, Badges

🔗 https://cozyjsstudio.etsy.com/listing/4500763545",22.6,USD,4,"twitch_overlay,twitch_overlays,twitch_overlay_anime,stream_overlays,stream_overlay,Sakura_overlay,Setup_Overlay,Red_Panda_Overlay,Red_Panda_Twitch,Red_Panda_Overlays,Sakura_Dreams,Cherry_Blossom_Theme,Sakura_Petals_Stream",,https://i.etsystatic.com/61635066/r/il/038c73/7925951724/il_fullxfull.7925951724_femu.jpg,https://i.etsystatic.com/61635066/r/il/908fd2/7925958266/il_fullxfull.7925958266_mt5c.jpg,https://i.etsystatic.com/61635066/r/il/5cbba9/7973925245/il_fullxfull.7973925245_4z4h.jpg,https://i.etsystatic.com/61635066/r/il/17a92e/7973924109/il_fullxfull.7973924109_1uoo.jpg,https://i.etsystatic.com/61635066/r/il/e55568/7925973440/il_fullxfull.7925973440_q63y.jpg,https://i.etsystatic.com/61635066/r/il/45cbef/7973896763/il_fullxfull.7973896763_9ve1.jpg,https://i.etsystatic.com/61635066/r/il/cbd86b/7973925733/il_fullxfull.7973925733_pv00.jpg,https://i.etsystatic.com/61635066/r/il/52d4de/7925947946/il_fullxfull.7925947946_g39f.jpg,https://i.etsystatic.com/61635066/r/il/5dbd23/7925974480/il_fullxfull.7925974480_93rb.jpg,https://i.etsystatic.com/61635066/r/il/655b34/7925958398/il_fullxfull.7925958398_s9kr.jpg,,,,,,,,,,
"Frog Forest Magic Animated Stream Package | Twitch Overlay | YouTube | kick | Frog overlays","Frog Twitch Overlay | Twitch Overlay Frog | Stream Overlay Frog | White Frog Overlay | Frog Twitch | Frog Overlay | Stream Overlay | Twitch Overlay | Twitch Overlays | Sakura Overlay | Frog Twitch Pack | White Frog Twitch | Frog Stream,

Frog Forest Magic Stream Overlay :
INSTANT DIGITAL DOWNLOAD
This is a digital product, nothing physical will be shipped .

• What you will get?
When you purchase this product, you’ll get a .PDF file containing a direct link to a Google Drive folder with the complete package.

Package Includes :
Frog Forest Magic Screens :
4 Static & 3 Animation Version Screens :
✅ Starting Soon (animated+static)
✅ Be Right Back (animated+static)
✅ Stream Ending (animated+static)
✅ Offline Screen (static) (.PNG format)

Frog Forest Magic Overlays/Intermission :
✅ 2 Animated Just Chatting / Intermission Screens : 16:9 (1080x1920) (animated+static) Webm/PNG

Frog Forest Magic Facecam :
✅ 2 Animated Facecam Overlay (animated+static) Webm/PNG

Frog Forest Magic Panels :
✅ 27 Panels (.PNG format)

Frog Forest Magic Alerts :
✅ 6 Animated Alerts (WEBM format) (animated+static) Webm/PNG

Frog Forest Magic Twitch Emotes :
✅ 5 Twitch Emotes (WEBM format) (static) PNG

Frog Forest Magic Twitch Sub Badges :
✅ 3 Twitch Sub Badges (WEBM format) (static) PNG

Frog Forest Magic Stream Labels :
✅ 4 Animated Stream Labels (animated+static) Webm/PNG

Frog Forest Magic Wallpapers/Background :
✅ 2 Wallpapers (1 Animated, 1 Static) (animated+static) Webm/PNG

Frog Forest Magic Stinger Transition :
✅ Animated Stinger Transition (.WEBM transparent)

Frog Forest Magic Social Media Kit (BANNERS)
✅ Social Media Kit (Twitch, Twitter, Kick, YouTube Headers) (PNG format)

Tutorial :
✅ PDF Tutorial (How to install your overlays)

Feel free to ask me to add something to this package if something is missing here for your stream.
Color and font changes are not accepted.

• Please Note: This item is licensed for personal use only. Commercial use, resale, or distribution to third parties or other platforms is strictly prohibited.

If you have any questions or encounter any issues with this product, please feel free to contact me anytime.

Animated twitch overlay By :
CozyJsStudio => https://cozyjsstudio.etsy.com

🖌️Tools Used: Adobe Photoshop, Adobe Firefly AI, Adobe After Effect, and Adobe Illustrator🖌️



✅If you want to bring your unique vision to life with a fully tailored stream package, please check out my custom commission listing here:

✅Custom Animated Twitch Stream Overlay Full Pack Bundle | OBS Alerts, Screens, Emotes, Badges

🔗 https://cozyjsstudio.etsy.com/listing/4500763545",28.6,USD,3,"Overlay_Frog,Stream_Frog,Frog_Overlays,Frog_Twitch,Frog_Overlay,Stream_Overlay,Twitch_Overlay,Twitch_Overlays,Sakura_Overlay,Frog_Package,Frog_Stream,Frog_overlay_pack,Frog_twitch_pack",,https://i.etsystatic.com/61635066/r/il/f1e940/7907499425/il_fullxfull.7907499425_l3np.jpg,https://i.etsystatic.com/61635066/r/il/4d6b5a/7907498039/il_fullxfull.7907498039_ob0h.jpg,https://i.etsystatic.com/61635066/r/il/7d7f1c/7907342023/il_fullxfull.7907342023_p22p.jpg,https://i.etsystatic.com/61635066/r/il/cae872/7907356177/il_fullxfull.7907356177_it1j.jpg,https://i.etsystatic.com/61635066/r/il/a51685/7859396554/il_fullxfull.7859396554_3c57.jpg,https://i.etsystatic.com/61635066/r/il/9cc149/7907352947/il_fullxfull.7907352947_elgy.jpg,https://i.etsystatic.com/61635066/r/il/a1a9d3/7859439226/il_fullxfull.7859439226_lujg.jpg,https://i.etsystatic.com/61635066/r/il/16f0ed/7859401090/il_fullxfull.7859401090_3avm.jpg,https://i.etsystatic.com/61635066/r/il/f74119/7907346719/il_fullxfull.7907346719_ip6q.jpg,https://i.etsystatic.com/61635066/r/il/5649c7/7859444520/il_fullxfull.7859444520_4doo.jpg,,,,,,,,,,
"Moonlit Samurai Animated Twitch Screens | Kick Screens Stream | YouTube Live Screen | Japan Overlays","Moonlit Samurai Animated Stream Package
Stream Overlay, Animated Overlay, Twitch Overlay, Japanese overlays Stream Overlay, Animated Overlay, Moonlit Samurai screens , Starting Soon, Be Right Back, Stream Ending, Stream Offline, Stream Overlay , Moonlit Samurai Twitch
------------------------------------
For Full Premium Pack => Moonlit Samurai Animated Stream Package: For Twitch Overlay, YouTube, Kick | Japanese Overlays : https://cozyjsstudio.etsy.com/listing/4433133162
------------------------------------
INSTANT DIGITAL DOWNLOAD
This is a digital product, nothing physical will be shipped .

• What you will get?
When you purchase this product, you’ll get a .PDF file containing a direct link to a Google Drive folder with the complete package.

=>What You’ll Receive:
Package Includes :
Screens :
3 Animation Version Screens & 4 Static :
✅ Starting Soon (animated+static)
✅ Be Right Back (animated+static)
✅ Stream Ending (animated+static)
✅ Stream Offline (static) (.PNG format) X2


Feel free to ask me to add something to this package if something is missing here for your stream.
Color and font changes are not accepted.

• Please Note: This item is licensed for personal use only. Commercial use, resale, or distribution to third parties or other platforms is strictly prohibited.

If you have any questions or encounter any issues with this product, please feel free to contact me anytime.

Twitch Screens By :
COZYJSSTUDIO => https://cozyjsstudio.etsy.com

🖌️Tools Used: Adobe Photoshop, Adobe Firefly AI, Adobe After Effect, and Adobe Illustrator🖌️



✅If you want to bring your unique vision to life with a fully tailored stream package, please check out my custom commission listing here:

✅Custom Animated Twitch Stream Overlay Full Pack Bundle | OBS Alerts, Screens, Emotes, Badges

🔗 https://cozyjsstudio.etsy.com/listing/4500763545",13.6,USD,2,"japanese_overlay,japanese_overlays,Twitch_japanese,Japan_Overlays,Samurai_overlay,Samurai_Overlays,Alerts_Japan,stream_overlay,stream_overlays,Twitch_Overlay,Twitch_Overlays,japan_screens,screens_overlays",,https://i.etsystatic.com/61635066/r/il/21d46c/7604369677/il_fullxfull.7604369677_hz83.jpg,https://i.etsystatic.com/61635066/r/il/f2297d/7556426626/il_fullxfull.7556426626_hdgk.jpg,https://i.etsystatic.com/61635066/r/il/9d7334/7556426634/il_fullxfull.7556426634_5me7.jpg,https://i.etsystatic.com/61635066/r/il/7d1fdd/7604369727/il_fullxfull.7604369727_87vr.jpg,https://i.etsystatic.com/61635066/r/il/d6f6c4/7604369333/il_fullxfull.7604369333_nu4l.jpg,https://i.etsystatic.com/61635066/r/il/34b708/7556424970/il_fullxfull.7556424970_8nel.jpg,https://i.etsystatic.com/61635066/r/il/70f6ed/7604366613/il_fullxfull.7604366613_tp5q.jpg,,,,,,,,,,,,,
"Sakura Capybara Jars Twitch Badges | Kawaii Sub, Bit, Channel Icons (Digital Download)","SAKURA CAPYBARA JARS TWITCH BADGES

Sakura Capybara Jars Twitch Badges | Cute Capybara Sub, Bit & Channel Point Icons | Twitch Discord Bundle All Sizes

Give your subscribers something adorable to level up for with six lovable capybaras nestled inside magical glass jars filled with golden wheat, cattails, delicate wildflowers, sparkling details, and warm pastel colors.

Each badge represents a new progression level—from a tiny sleeping baby capybara beside a single stalk of wheat to a majestic celestial capybara surrounded by blooming wildflowers, golden decorations, a wheat crown, a glowing halo, and a beautiful pink gemstone.

Perfect for kawaii, cozy, cottagecore, woodland, nature, autumn, lofi, and peaceful-style Twitch channels looking for a charming badge progression their community will love.

🌾 INSTANT DIGITAL DOWNLOAD

This is a digital product. No physical item will be shipped.

After purchasing, you will receive a PDF file containing a direct link to the Google Drive folder with the complete package.

🦫 PACKAGE INCLUDES

✅ 6 Sakura Capybara Jar Sub Badges
✅ Sub-badge sizes: 18×18, 36×36, and 72×72 px
✅ Emote and channel-point sizes: 28×28, 56×56, and 112×112 px
✅ Bonus 200×200 px versions
✅ High-quality PNG format
✅ Transparent backgrounds
✅ Ready to upload directly to Twitch

These icons can be used for:

• Twitch subscriber badges
• Twitch Bit badges
• Twitch channel-point rewards
• Kick subscriber badges
• YouTube membership badges
• Discord role icons

📌 PLEASE NOTE

This product is licensed for personal use only. Commercial use, resale, redistribution, sharing, or uploading the files for sale on other platforms is strictly prohibited.

Because this is a digital download, no physical product will be delivered.

If you have any questions or experience an issue with your files, please feel free to contact me anytime. I’ll be happy to help!

Twitch Overlays and Assets by CozyJsStudio:
https://cozyjsstudio.etsy.com

🖌️ Tools Used: Adobe Photoshop and Adobe Firefly AI

✨ WANT A MATCHING CUSTOM TWITCH PACKAGE?

Complete your channel with matching Starting Soon screens, alerts, panels, emotes, overlays, and other custom stream assets:

https://cozyjsstudio.etsy.com/listing/4500763545",6.49,USD,7,"twitch_badges,capybara_badge,capybara_sub_badge,twitch_sub_badge,capybara_badges,capybara_jar_badge,sakura_capybara,cute_capybara_badge,kawaii_capybara,cozy_twitch_badge,twitch_bit_badge,channel_point_icon,discord_role_icon",,https://i.etsystatic.com/61635066/r/il/a3dce4/8360102218/il_fullxfull.8360102218_pigw.jpg,https://i.etsystatic.com/61635066/r/il/b01987/8360102446/il_fullxfull.8360102446_h29j.jpg,https://i.etsystatic.com/61635066/r/il/4e0752/8360072730/il_fullxfull.8360072730_j5bd.jpg,https://i.etsystatic.com/61635066/r/il/abf9d4/8407979539/il_fullxfull.8407979539_t9jp.jpg,https://i.etsystatic.com/61635066/r/il/3d155e/8360103106/il_fullxfull.8360103106_8lau.jpg,https://i.etsystatic.com/61635066/r/il/5ff18d/8360117910/il_fullxfull.8360117910_142j.jpg,https://i.etsystatic.com/61635066/r/il/d244fd/8360103624/il_fullxfull.8360103624_ldc7.jpg,https://i.etsystatic.com/61635066/r/il/e821e3/8360094778/il_fullxfull.8360094778_p21h.jpg,https://i.etsystatic.com/61635066/r/il/9101e3/8407981399/il_fullxfull.8407981399_je0l.jpg,https://i.etsystatic.com/61635066/r/il/308ea1/8407981511/il_fullxfull.8407981511_mvf0.jpg,,,,,,,,,,
"Sakura Bear Jars Twitch Badges | Kawaii Flower Icons (Digital Download)","SAKURA BEAR JARS TWITCH BADGES

Sakura Bear Jars Twitch Badges | Cute Brown Bear Sub, Bit & Channel Point Icons | Twitch Discord Bundle All Sizes

Give your subscribers something adorable to level up for with six sweet brown bears nestled inside magical glass jars filled with cheerful sunflowers, delicate petals, golden sparkles, and warm pastel colors.

Each badge represents a new progression level—from a tiny sleeping bear cub beside a single sunflower to a majestic celestial bear surrounded by blooming flowers, golden decorations, a sunflower crown, a glowing halo, and a beautiful pink gemstone.

Perfect for kawaii, floral, cottagecore, nature, autumn, fantasy, lofi, and cozy-style Twitch channels looking for a charming badge progression their community will love.

🌻 INSTANT DIGITAL DOWNLOAD

This is a digital product. No physical item will be shipped.

After purchasing, you will receive a PDF file containing a direct link to the Google Drive folder with the complete package.

🐻 PACKAGE INCLUDES

✅ 6 Sakura Bear Jar Sub Badges
✅ Sub-badge sizes: 18×18, 36×36, and 72×72 px
✅ Emote and channel-point sizes: 28×28, 56×56, and 112×112 px
✅ Bonus 200×200 px versions
✅ High-quality PNG format
✅ Transparent backgrounds
✅ Ready to upload directly to Twitch

These icons can be used for:

• Twitch subscriber badges
• Twitch Bit badges
• Twitch channel-point rewards
• Kick subscriber badges
• YouTube membership badges
• Discord role icons

📌 PLEASE NOTE

This product is licensed for personal use only. Commercial use, resale, redistribution, sharing, or uploading the files for sale on other platforms is strictly prohibited.

Because this is a digital download, no physical product will be delivered.

If you have any questions or experience an issue with your files, please feel free to contact me anytime. I’ll be happy to help!

Twitch Overlays and Assets by CozyJsStudio:
https://cozyjsstudio.etsy.com

🖌️ Tools Used: Adobe Photoshop and Adobe Firefly AI

✨ WANT A MATCHING CUSTOM TWITCH PACKAGE?

Complete your channel with matching Starting Soon screens, alerts, panels, emotes, overlays, and other custom stream assets:

https://cozyjsstudio.etsy.com/listing/4500763545",6.49,USD,7,"twitch_badges,bear_twitch_badge,twitch_sub_badge,bear_sub_badges,bear_jar_badge,sakura_bear_badge,brown_bear_badge,cute_bear_badge,kawaii_bear_badge,sunflower_badge,twitch_bit_badge,channel_point_icon,discord_role_icon",,https://i.etsystatic.com/61635066/r/il/002f86/8407506545/il_fullxfull.8407506545_9hcs.jpg,https://i.etsystatic.com/61635066/r/il/f601b5/8407506601/il_fullxfull.8407506601_ddpy.jpg,https://i.etsystatic.com/61635066/r/il/dd9106/8359592914/il_fullxfull.8359592914_kzzn.jpg,https://i.etsystatic.com/61635066/r/il/9b2641/8407439081/il_fullxfull.8407439081_e5xu.jpg,https://i.etsystatic.com/61635066/r/il/733002/8407439975/il_fullxfull.8407439975_pgmi.jpg,https://i.etsystatic.com/61635066/r/il/0c75d2/8359623440/il_fullxfull.8359623440_fvoy.jpg,https://i.etsystatic.com/61635066/r/il/9f024c/8359560674/il_fullxfull.8359560674_3co1.jpg,https://i.etsystatic.com/61635066/r/il/4c90b4/8359592408/il_fullxfull.8359592408_3n74.jpg,https://i.etsystatic.com/61635066/r/il/fb46ee/8359546814/il_fullxfull.8359546814_c7t7.jpg,https://i.etsystatic.com/61635066/r/il/708e3f/8359547950/il_fullxfull.8359547950_32e6.jpg,,,,,,,,,,
"Sakura Bunny Jar Twitch Badges | Kawaii Rabbit Sub, Bit, Channel Icons (Digital Download)","SAKURA BUNNY JARS TWITCH BADGES

Sakura Bunny Jars Twitch Badges | Cute Rabbit Sub, Bit & Channel Point Icons | Twitch Discord Bundle All Sizes

Give your subscribers something adorable to level up for with six sweet white bunnies nestled inside magical glass jars filled with colorful tulips, pink petals, golden sparkles, and dreamy pastel colors.

Each badge represents a new progression level from a tiny sleeping baby bunny beside a single flower to a majestic celestial rabbit surrounded by blooming tulips, golden decorations, a glowing halo, and a beautiful pink gemstone.

Perfect for kawaii, floral, cottagecore, pastel, spring, Easter, fantasy, and cozy-style Twitch channels looking for a charming badge progression their community will love.

🌸 INSTANT DIGITAL DOWNLOAD

This is a digital product. No physical item will be shipped.

After purchasing, you will receive a PDF file containing a direct link to the Google Drive folder with the complete package.

🐰 PACKAGE INCLUDES

✅ 6 Sakura Bunny Jar Sub Badges
✅ Sub-badge sizes: 18×18, 36×36, and 72×72 px
✅ Emote and channel-point sizes: 28×28, 56×56, and 112×112 px
✅ Bonus 200×200 px versions
✅ High-quality PNG format
✅ Transparent backgrounds
✅ Ready to upload directly to Twitch

These icons can be used for:

• Twitch subscriber badges
• Twitch Bit badges
• Twitch channel-point rewards
• Kick subscriber badges
• YouTube membership badges
• Discord role icons

📌 PLEASE NOTE

This product is licensed for personal use only. Commercial use, resale, redistribution, sharing, or uploading the files for sale on other platforms is strictly prohibited.

Because this is a digital download, no physical product will be delivered.

If you have any questions or experience an issue with your files, please feel free to contact me anytime. I’ll be happy to help!

Twitch Overlays and Assets by CozyJsStudio:
https://cozyjsstudio.etsy.com

🖌️ Tools Used: Adobe Photoshop and Adobe Firefly AI

✨ WANT A MATCHING CUSTOM TWITCH PACKAGE?

Complete your channel with matching Starting Soon screens, alerts, panels, emotes, overlays, and other custom stream assets:

https://cozyjsstudio.etsy.com/listing/4500763545",6.49,USD,7,"twitch_badges,bunny_twitch_badge,rabbit_twitch_badge,twitch_sub_badge,bunny_sub_badges,rabbit_sub_badge,bunny_jar_badge,sakura_bunny_badge,cute_bunny_badge,kawaii_rabbit_badge,twitch_bit_badge,channel_point_icon,discord_role_icon",,https://i.etsystatic.com/61635066/r/il/45cf53/8358507826/il_fullxfull.8358507826_dl96.jpg,https://i.etsystatic.com/61635066/r/il/807fac/8358507250/il_fullxfull.8358507250_r2sm.jpg,https://i.etsystatic.com/61635066/r/il/ce66ce/8358507150/il_fullxfull.8358507150_8lje.jpg,https://i.etsystatic.com/61635066/r/il/2ea871/8406388819/il_fullxfull.8406388819_itxl.jpg,https://i.etsystatic.com/61635066/r/il/cab1b0/8406383149/il_fullxfull.8406383149_ba3f.jpg,https://i.etsystatic.com/61635066/r/il/4cbf22/8358507566/il_fullxfull.8358507566_pcy9.jpg,https://i.etsystatic.com/61635066/r/il/233710/8406383701/il_fullxfull.8406383701_lpn3.jpg,https://i.etsystatic.com/61635066/r/il/6ce8e6/8358506464/il_fullxfull.8358506464_egtd.jpg,https://i.etsystatic.com/61635066/r/il/b69d50/8406383783/il_fullxfull.8406383783_akrr.jpg,https://i.etsystatic.com/61635066/r/il/51caac/8358499912/il_fullxfull.8358499912_a7ms.jpg,,,,,,,,,,
"Sakura Bat Jars Twitch Badges | Kawaii Spooky Sub, Bit Icons (Digital Download)","SAKURA BAT JARS TWITCH BADGES

Sakura Bat Jars Twitch Badges | Kawaii Spooky Bat Sub, Bit & Channel Point Icons | Twitch Discord Bundle All Sizes

Give your subscribers something magical to level up for with six adorable grey bats nestled inside glowing glass jars filled with soft flowers, pink petals, golden sparkles, and enchanting pastel colors.

Each badge represents a new progression level from a tiny sleeping baby bat beside a single flower to a majestic celestial bat surrounded by blossoms, golden decorations, a crescent-moon crown, and a glowing pink gemstone.

Perfect for kawaii, spooky, gothic, floral, fantasy, witchy, and cozy-style Twitch channels looking for a magical badge progression their community will love.

🌸 INSTANT DIGITAL DOWNLOAD

This is a digital product. No physical item will be shipped.

After purchasing, you will receive a PDF file containing a direct link to the Google Drive folder with the complete package.

🦇 PACKAGE INCLUDES

✅ 6 Sakura Bat Jar Sub Badges
✅ Sub-badge sizes: 18×18, 36×36, and 72×72 px
✅ Emote and channel-point sizes: 28×28, 56×56, and 112×112 px
✅ Bonus 200×200 px versions
✅ High-quality PNG format
✅ Transparent backgrounds
✅ Ready to upload directly to Twitch

These icons can be used for:

• Twitch subscriber badges
• Twitch Bit badges
• Twitch channel-point rewards
• Kick subscriber badges
• YouTube membership badges
• Discord role icons

📌 PLEASE NOTE

This product is licensed for personal use only. Commercial use, resale, redistribution, sharing, or uploading the files for sale on other platforms is strictly prohibited.

Because this is a digital download, no physical product will be delivered.

If you have any questions or experience an issue with your files, please feel free to contact me anytime. I’ll be happy to help!

Twitch Overlays and Assets by CozyJsStudio:
https://cozyjsstudio.etsy.com

🖌️ Tools Used: Adobe Photoshop and Adobe Firefly AI

✨ WANT A MATCHING CUSTOM TWITCH PACKAGE?

Complete your channel with matching Starting Soon screens, alerts, panels, emotes, overlays, and other custom stream assets:

https://cozyjsstudio.etsy.com/listing/4500763545",6.49,USD,7,"twitch_badges,bat_twitch_badge,twitch_sub_badge,bat_sub_badges,bat_jar_badge,sakura_bat_badge,kawaii_bat_badge,cute_bat_badge,spooky_twitch_badge,twitch_bit_badge,channel_point_icon,discord_role_icon,kick_sub_badge",,https://i.etsystatic.com/61635066/r/il/8400eb/8406317067/il_fullxfull.8406317067_rg1f.jpg,https://i.etsystatic.com/61635066/r/il/3c09e9/8406314895/il_fullxfull.8406314895_dlta.jpg,https://i.etsystatic.com/61635066/r/il/73cd7e/8358438826/il_fullxfull.8358438826_kw7t.jpg,https://i.etsystatic.com/61635066/r/il/113f94/8358430148/il_fullxfull.8358430148_t40a.jpg,https://i.etsystatic.com/61635066/r/il/7512ca/8406322347/il_fullxfull.8406322347_g01n.jpg,https://i.etsystatic.com/61635066/r/il/f01578/8358432502/il_fullxfull.8358432502_m9fq.jpg,https://i.etsystatic.com/61635066/r/il/18180b/8358438330/il_fullxfull.8358438330_30s3.jpg,https://i.etsystatic.com/61635066/r/il/bba212/8358432072/il_fullxfull.8358432072_1z03.jpg,https://i.etsystatic.com/61635066/r/il/d3a800/8358437762/il_fullxfull.8358437762_nb6e.jpg,https://i.etsystatic.com/61635066/r/il/9250a2/8358438414/il_fullxfull.8358438414_pj3r.jpg,,,,,,,,,,
"Sakura Cat Jars Twitch Badges | Kawaii Orange Tabby Icons (Digital Download)","Sakura CAT JARS TWITCH BADGES

Sakura Cat Jars Twitch Badges | Cute Orange Cat Sub, Bit & Channel Point Icons | Twitch Discord Bundle All Sizes

Give your subscribers something adorable to level up for with six cute orange tabby cats nestled inside magical glass jars filled with cheerful white daisies, soft sparkles, and warm pastel colors.

Each badge represents a new progression level from a tiny sleeping kitten with a single flower to a majestic adult cat surrounded by blooming daisies, golden decorations, and a glowing pink gemstone.

Perfect for cozy, kawaii, floral, cottagecore, fantasy, and lofi-style Twitch channels looking for a sweet badge progression their community will love.

🌼 INSTANT DIGITAL DOWNLOAD

This is a digital product. No physical item will be shipped.

After purchasing, you will receive a PDF file containing a direct link to the Google Drive folder with the complete package.

🐱 PACKAGE INCLUDES

✅ 6 Daisy Cat Jar Sub Badges
✅ Sub-badge sizes: 18×18, 36×36, and 72×72 px
✅ Emote and channel-point sizes: 28×28, 56×56, and 112×112 px
✅ Bonus 200×200 px versions
✅ High-quality PNG format
✅ Transparent backgrounds
✅ Ready to upload directly to Twitch

These icons can be used for:

• Twitch subscriber badges
• Twitch Bit badges
• Twitch channel-point rewards
• Kick subscriber badges
• YouTube membership badges
• Discord role icons

📌 PLEASE NOTE

This product is licensed for personal use only. Commercial use, resale, redistribution, sharing, or uploading the files for sale on other platforms is strictly prohibited.

Because this is a digital download, no physical product will be delivered.

If you have any questions or experience an issue with your files, please feel free to contact me anytime. I’ll be happy to help!

Twitch Overlays and Assets by CozyJsStudio:
https://cozyjsstudio.etsy.com

🖌️ Tools Used: Adobe Photoshop and Adobe Firefly AI

✨ WANT A MATCHING CUSTOM TWITCH PACKAGE?

Complete your channel with matching Starting Soon screens, alerts, panels, emotes, overlays, and other custom stream assets:

https://cozyjsstudio.etsy.com/listing/4500763545",6.49,USD,7,"twitch_badges,cat_twitch_badge,twitch_sub_badge,cat_sub_badges,cat_jar_badge,Sakura_cat_badge,orange_cat_badge,cute_twitch_badge,twitch_bit_badge,channel_point_icon,discord_role_icon,youtube_member_badge,kick_sub_badge",,https://i.etsystatic.com/61635066/r/il/30c216/8358355852/il_fullxfull.8358355852_nvor.jpg,https://i.etsystatic.com/61635066/r/il/ef299a/8405021371/il_fullxfull.8405021371_hwvi.jpg,https://i.etsystatic.com/61635066/r/il/740f5b/8405021349/il_fullxfull.8405021349_nhgl.jpg,https://i.etsystatic.com/61635066/r/il/af31da/8357033896/il_fullxfull.8357033896_5wf9.jpg,https://i.etsystatic.com/61635066/r/il/59b17f/8357037168/il_fullxfull.8357037168_3bq2.jpg,https://i.etsystatic.com/61635066/r/il/6531c1/8405021355/il_fullxfull.8405021355_cj2f.jpg,https://i.etsystatic.com/61635066/r/il/324655/8357028904/il_fullxfull.8357028904_hgke.jpg,https://i.etsystatic.com/61635066/r/il/c5a826/8404920859/il_fullxfull.8404920859_mclq.jpg,https://i.etsystatic.com/61635066/r/il/af938b/8405021347/il_fullxfull.8405021347_cy5h.jpg,https://i.etsystatic.com/61635066/r/il/8c5ddd/8404915117/il_fullxfull.8404915117_royl.jpg,,,,,,,,,,
"Cat Under Sea Room Animated Stream Package | Cats Twitch Overlay | YouTube | kick overlays","Cat Under Sea Room  Magic Animated Stream Package | Lofi Twitch Overlay | YouTube | Kick | Cats Overlays | Nature Night Theme | Cats Animated Stream Package | Lofi Twitch Overlay | Magic Under Sea Room  Night Theme | Panels Alerts Screens for Twitch YouTube Kick cat twitch overlay | cozy twitch overlay | lofi twitch overlay | animated twitch overlay | twitch panels overlay | twitch alerts overlay | cozy cat twitch pack | animated twitch pack | magical Under Sea Room  overlay | fantasy glow Under Sea Room  

Cat Under Sea Room Magic Stream Overlay :
INSTANT DIGITAL DOWNLOAD
This is a digital product, nothing physical will be shipped .

• What you will get?
When you purchase this product, you’ll get a .PDF file containing a direct link to a Google Drive folder with the complete package.

Package Includes :
Cat Under Sea Room  Magic Screens :
4 Static & 3 Animation Version Screens :
✅ Starting Soon (animated+static)
✅ Be Right Back (animated+static)
✅ Stream Ending (animated+static)
✅ Offline Screen (static) (.PNG format)

Cat Under Sea Room  Magic Overlays/Intermission :
✅ 4 Animated Just Chatting / Intermission Screens : 16:9 (1080x1920) (animated+static) Webm/PNG

Cat Under Sea Room  Magic Facecam :
✅ 2 Animated Facecam Overlay (animated+static) Webm/PNG

Cat Under Sea Room  Magic Panels :
✅ 28 Panels (.PNG format)

Cat Under Sea Room  Magic Alerts :
✅ 6 Animated Alerts (WEBM format) (animated+static) Webm/PNG

Cat Under Sea Room  Magic Twitch Emotes :
✅ 5 Twitch Emotes (WEBM format) (static) PNG

Cat Under Sea Room  Magic Twitch Sub Badges :
✅ 3 Twitch Sub Badges (WEBM format) (static) PNG

Cat Under Sea Room  Magic Stream Labels :
✅ 4 Animated Stream Labels (animated+static) Webm/PNG

Cat Under Sea Room  Magic Wallpapers/Background :
✅ 2 Wallpapers (1 Animated, 1 Static) (animated+static) Webm/PNG

Cat Under Sea Room  Magic Stinger Transition :
✅ Animated Stinger Transition (.WEBM transparent)

Cat Under Sea Room  Magic Social Media Kit (BANNERS)
✅ Social Media Kit (Twitch, Twitter, Kick, YouTube Headers) (PNG format)

Tutorial :
✅ PDF Tutorial (How to install your overlays)

Feel free to ask me to add something to this package if something is missing here for your stream.
Color and font changes are not accepted.

• Please Note: This item is licensed for personal use only. Commercial use, resale, or distribution to third parties or other platforms is strictly prohibited.

If you have any questions or encounter any issues with this product, please feel free to contact me anytime.

Animated twitch overlay By :
CozyJsStudio => https://cozyjsstudio.etsy.com

🖌️Tools Used: Adobe Photoshop, Adobe Firefly AI, Adobe After Effect, and Adobe Illustrator🖌️



✅If you want to bring your unique vision to life with a fully tailored stream package, please check out my custom commission listing here:

✅Custom Animated Twitch Stream Overlay Full Pack Bundle | OBS Alerts, Screens, Emotes, Badges

🔗 https://cozyjsstudio.etsy.com/listing/4500763545",24.6,USD,7,"twitch_overlay,twitch_overlays,twitch_overlay_anime,stream_overlays,stream_overlay,Under_Sea_twitch,Sakura_overlay,Cats_Overlay,Cat_Overlay,Cat_Twitch,Cats_Overlays,Cats_Twitch,Twitch_Sea_Room",,https://i.etsystatic.com/61635066/r/il/c6d987/7936459157/il_fullxfull.7936459157_t5wp.jpg,https://i.etsystatic.com/61635066/r/il/912570/7936254845/il_fullxfull.7936254845_ni0w.jpg,https://i.etsystatic.com/61635066/r/il/981673/7887971640/il_fullxfull.7887971640_k4bt.jpg,https://i.etsystatic.com/61635066/r/il/d26eb9/7888502610/il_fullxfull.7888502610_lvkb.jpg,https://i.etsystatic.com/61635066/r/il/e628dd/7935970273/il_fullxfull.7935970273_kols.jpg,https://i.etsystatic.com/61635066/r/il/437b99/7887968434/il_fullxfull.7887968434_src8.jpg,https://i.etsystatic.com/61635066/r/il/f574c0/7935927031/il_fullxfull.7935927031_esgm.jpg,https://i.etsystatic.com/61635066/r/il/57862d/7888014858/il_fullxfull.7888014858_r0fq.jpg,https://i.etsystatic.com/61635066/r/il/ad27d9/7888015308/il_fullxfull.7888015308_h39n.jpg,https://i.etsystatic.com/61635066/r/il/133807/7888297742/il_fullxfull.7888297742_pu0q.jpg,,,,,,,,,,
"Animated Halloween Twitch Overlay Pack | Purple Gothic Gaming Stream Package (Digital Download)","Animated Halloween Twitch Overlay Pack | Cute Purple Gothic Gaming Room Stream Package for OBS | YouTube | Kick | Cat Overlays
Stream Overlay, Animated Overlay, Twitch Overlay, Halloween overlay, 

 Cat Stream Overlays:
INSTANT DIGITAL DOWNLOAD
This is a digital product, nothing physical will be shipped.

• What will you get?
When you purchase this product, you’ll get a .PDF file containing a direct link to a Google Drive folder with the complete package.

Package Includes:
Halloween Twitch Screens:
4 Static & 3 Animation Version Screens:
✅ Starting Soon (animated+static) 
✅ Be Right Back (animated+static) 
✅ Stream Ending (animated+static) 
✅ Offline Screen (static) (.PNG format)

Halloween Twitch Overlays/Intermission:
✅ 4 Animated Just Chatting / Intermission Screens: 16:9 (1080x1920) (animated+static) Webm/PNG

Halloween Twitch Facecam :
✅ 2 Animated Facecam Overlay (animated+static)  Webm/PNG

Halloween Twitch Panels :
✅ 30 Panels (.PNG format)

Halloween Twitch Emotes:
✅ 6 Emotes (.PNG format)

Halloween Twitch Alerts:
✅ 6 Animated Alerts (WEBM format) (animated+static) Webm/PNG

Halloween Twitch Stream Labels:
✅ 4 Animated Stream Labels (animated+static) Webm/PNG

Wallpapers/Background :
✅ 2 Wallpapers (1 Animated, 1 Static) (animated+static) Webm/PNG

Halloween Twitch Stinger Transition:
✅ Animated Stinger Transition (.WEBM transparent)

Halloween Twitch Social Media Kit (BANNERS)
✅ Social Media Kit (Twitch, Twitter, Kick, YouTube Headers) (PNG format)

Tutorial :
✅ PDF Tutorial (How to install your overlays)


Feel free to ask me to add something to this package if something is missing here for your stream.
I can also add a translation, if you need, write to me. (Latin characters only)
Color and font changes are not accepted.

• Please Note: This item is licensed for personal use only. Commercial use, resale, or distribution to third parties or other platforms is strictly prohibited.

If you have any questions or encounter any issues with this product, please feel free to contact me anytime.

Black Cat Animated twitch overlay By:
CozyJsStudio => https://cozyjsstudio.etsy.com

🖌️Tools Used: Adobe Photoshop, Adobe Firefly AI, Adobe After Effect, and Adobe Illustrator🖌️



✅If you want to bring your unique vision to life with a fully tailored stream package, please check out my custom commission listing here:

✅Custom Animated Twitch Stream Overlay Full Pack Bundle | OBS Alerts, Screens, Emotes, Badges

🔗 https://cozyjsstudio.etsy.com/listing/4500763545",24.6,USD,6,"Stream_Overlay_cat,Stream_Overlay,Twitch_Overlay,gothic_Overlay,Spooky_Overlay,Halloween_Twitch,spooky_stream_pack,custom_overlay,Cat_Twitch_Overlay,Gothic_Cat_Overlay,Twitch_overlay_pack,Gothic_twitch,Cat_Overlays",,https://i.etsystatic.com/61635066/r/il/b5e131/8356739332/il_fullxfull.8356739332_jujo.jpg,https://i.etsystatic.com/61635066/r/il/98d82d/8404627011/il_fullxfull.8404627011_tum9.jpg,https://i.etsystatic.com/61635066/r/il/012cfb/8404632467/il_fullxfull.8404632467_hjb6.jpg,https://i.etsystatic.com/61635066/r/il/ee62e6/8404626747/il_fullxfull.8404626747_cjas.jpg,https://i.etsystatic.com/61635066/r/il/43dd3e/8356739354/il_fullxfull.8356739354_fxzs.jpg,https://i.etsystatic.com/61635066/r/il/1d02c4/8356728438/il_fullxfull.8356728438_pzba.jpg,https://i.etsystatic.com/61635066/r/il/bcd064/8404627995/il_fullxfull.8404627995_5vfa.jpg,https://i.etsystatic.com/61635066/r/il/01aab0/8356728600/il_fullxfull.8356728600_s3cr.jpg,https://i.etsystatic.com/61635066/r/il/2fd8c7/8356746680/il_fullxfull.8356746680_ruet.jpg,https://i.etsystatic.com/61635066/r/il/5fc689/8404628745/il_fullxfull.8404628745_tw3q.jpg,,,,,,,,,,
"Matcha Dragon Animated Stream Package: For Twitch Overlay, YouTube, Kick | Dragon Overlays","Matcha Dragon Animated Stream Package | Matcha Dragons Twitch Overlay | YouTube | kick overlays, Matcha Dragon Overlay Animated Stream Package
Stream Overlay, Animated Overlay, Twitch Overlay, Matcha Dragon overlay, Matcha Dragon twitch, Gaming Setup Overlays

Matcha Dragon Stream Overlays:
INSTANT DIGITAL DOWNLOAD
This is a digital product, nothing physical will be shipped.

• What will you get?
When you purchase this product, you’ll get a .PDF file containing a direct link to a Google Drive folder with the complete package.

Package Includes:
Matcha Dragon Screens:
4 Static & 3 Animation Version Screens:
✅ Starting Soon (animated & static)
✅ Be Right Back (animated & static)
✅ Stream Ending (animated & static)
✅ Offline Screen (static) (.PNG format)

Matcha Dragon Overlays/Intermission:
✅ 4 Animated Just Chatting / Intermission Screens: 16:9 (1080x1920) (animated & static) WEBm/PNG

Matcha Dragon Facecams :
✅ 2 Animated Facecam Overlay (animated & static) WEBm/PNG

Matcha Dragon Panels:
✅ 28 Panels (.PNG format)

Matcha Dragon Twitch Emotes:
✅ 5 Twitch Emotes (.PNG format)

Matcha Dragon Sub Badges:
✅ 3 Sub Badges (.PNG format)

Matcha Dragon Alerts:
✅ 6 Animated Alerts (WEBM format) (animated & static) WEBm/PNG

Matcha Dragon Stream Labels:
✅ 4 Animated Stream Labels (animated & static) WEBm/PNG

Wallpapers/Background:
✅ 2 Wallpapers (1 Animated, 1 Static) (animated & static) WEBm/PNG

Matcha Dragon Stinger Transition:
✅ Animated Stinger Transition (. WEBM transparent)

Matcha Dragon Social Media Kit (BANNERS)
✅ social media Kit (Twitch, Twitter, Kick, YouTube Headers) (PNG format)

Tutorial:
✅ PDF Tutorial (How to install your overlays)

Feel free to ask me to add something to this package if something is missing here for your stream.
I can also add a translation, if you need, write to me. (Latin characters only)
Color and font changes are not accepted.

• Please Note: This item is licensed for personal use only. Commercial use, resale, or distribution to third parties or other platforms is strictly prohibited.

If you have any questions or encounter any issues with this product, please feel free to contact me anytime.

Matcha Dragon Animated twitch overlay By:
CozyJsStudio => https://cozyjsstudio.etsy.com

🖌️Tools Used: Adobe Photoshop, Adobe Firefly AI, Adobe After Effect, and Adobe Illustrator🖌️



✅If you want to bring your unique vision to life with a fully tailored stream package, please check out my custom commission listing here:

✅Custom Animated Twitch Stream Overlay Full Pack Bundle | OBS Alerts, Screens, Emotes, Badges

🔗 https://cozyjsstudio.etsy.com/listing/4500763545",24.6,USD,3,"twitch_overlay,twitch_overlays,twitch_overlay_anime,stream_overlays,stream_overlay,Matcha_Twitch,japanese_overlay,Sakura_overlay,Twitch_Matcha,Setup_Overlay,Dragon_Overlay,Dragon_Twitch,Dragon_Overlays",,https://i.etsystatic.com/61635066/r/il/283dce/7971118785/il_fullxfull.7971118785_iw6c.jpg,https://i.etsystatic.com/61635066/r/il/b2ced2/7971053189/il_fullxfull.7971053189_7hfz.jpg,https://i.etsystatic.com/61635066/r/il/4bc927/7923154498/il_fullxfull.7923154498_ts5d.jpg,https://i.etsystatic.com/61635066/r/il/f0de9f/7971103279/il_fullxfull.7971103279_8anc.jpg,https://i.etsystatic.com/61635066/r/il/5d6c40/7971113205/il_fullxfull.7971113205_f0m9.jpg,https://i.etsystatic.com/61635066/r/il/a84a0d/7923164034/il_fullxfull.7923164034_bfas.jpg,https://i.etsystatic.com/61635066/r/il/9d7eb5/7971051295/il_fullxfull.7971051295_kerp.jpg,https://i.etsystatic.com/61635066/r/il/ae7ebc/7923164542/il_fullxfull.7923164542_7fgj.jpg,https://i.etsystatic.com/61635066/r/il/6acd34/7971052889/il_fullxfull.7971052889_1qfh.jpg,https://i.etsystatic.com/61635066/r/il/25aa52/7923160672/il_fullxfull.7923160672_1gx3.jpg,,,,,,,,,,
"Blossom Fox Animated Stream Overlay Pack | Twitch, YouTube, Kick | Chibi Red Fox overlays","Blossom Fox Animated Stream Package
Animated Twitch Overlay Pack

Stream Overlay :
INSTANT DIGITAL DOWNLOAD
This is a digital product, nothing physical will be shipped .

This animated stream overlay pack is designed for Twitch, YouTube, and Kick. The Blossom Fox theme features a cute fox aesthetic with animated and static elements for a complete stream setup.

What you receive ?
After purchase, you will receive a PDF file with a direct link to a Google Drive folder containing the full package.

Package Includes :
Screens :
4 Static & 3 Animation Version Screens :
✅ Starting Soon (animated+static)
✅ Be Right Back (animated+static)
✅ Stream Ending (animated+static)
✅ Offline Screen (static) (.PNG format)

Overlays/Intermission :
✅ 2 Animated Just Chatting / Intermission Screens : 16:9 (1080x1920) (animated+static) Webm/PNG

Facecam :
✅ 2 Animated Facecam Overlay (animated+static) Webm/PNG

Panels :
✅ 27 Panels (.PNG format)

Alerts :
✅ 6 Animated Alerts (WEBM format) (animated+static) Webm/PNG

Twitch Emotes :
✅ 5 Twitch Emotes (WEBM format) (static) PNG

Twitch Sub-Badges :
✅ 3 Twitch Sub-Badges (WEBM format) (static) PNG

Stream Labels :
✅ 4 Animated Stream Labels (animated+static) Webm/PNG

Wallpapers/Background :
✅ 2 Wallpapers (1 Animated, 1 Static) (animated+static) Webm/PNG

Stinger Transition :
✅ Animated Stinger Transition (.WEBM transparent)

Social Media Kit (BANNERS)
✅ Social Media Kit (Twitch, Twitter, Kick, YouTube Headers) (PNG format)

Tutorial :
✅ PDF Tutorial (How to install your overlays)

Feel free to ask me to add something to this package if something is missing here for your stream.
Color and font changes are not accepted.

• Please Note: This item is licensed for personal use only. Commercial use, resale, or distribution to third parties or other platforms is strictly prohibited.

If you have any questions or encounter any issues with this product, please feel free to contact me anytime.

Animated twitch overlay By :
CozyJsStudio => https://cozyjsstudio.etsy.com

🖌️Tools Used: Adobe Photoshop, Adobe Firefly AI, Adobe After Effect, and Adobe Illustrator🖌️



✅If you want to bring your unique vision to life with a fully tailored stream package, please check out my custom commission listing here:

✅Custom Animated Twitch Stream Overlay Full Pack Bundle | OBS Alerts, Screens, Emotes, Badges

🔗 https://cozyjsstudio.etsy.com/listing/4500763545",28.6,USD,3,"twitch_overlay,twitch_overlays,twitch_overlay_anime,stream_overlays,stream_overlay,samurai_twitch,japanese_overlay,Sakura_overlay,Twitch_japanese,Japan_Overlay,Fox_Overlay,Fox_Twitch,Fox_Overlays",,https://i.etsystatic.com/61635066/r/il/7d6aa0/7730524819/il_fullxfull.7730524819_mz18.jpg,https://i.etsystatic.com/61635066/r/il/4dd59e/7682579672/il_fullxfull.7682579672_8q5i.jpg,https://i.etsystatic.com/61635066/r/il/e9480d/7662165048/il_fullxfull.7662165048_d0zo.jpg,https://i.etsystatic.com/61635066/r/il/20fcaa/7710133219/il_fullxfull.7710133219_b1ge.jpg,https://i.etsystatic.com/61635066/r/il/c83e90/7730545479/il_fullxfull.7730545479_avtn.jpg,https://i.etsystatic.com/61635066/r/il/7200cf/7662159936/il_fullxfull.7662159936_rb9q.jpg,https://i.etsystatic.com/61635066/r/il/4a7226/7662169790/il_fullxfull.7662169790_e95i.jpg,https://i.etsystatic.com/61635066/r/il/7b1282/7710131107/il_fullxfull.7710131107_mvwr.jpg,https://i.etsystatic.com/61635066/r/il/025966/7710118705/il_fullxfull.7710118705_821n.jpg,https://i.etsystatic.com/61635066/r/il/f04159/7710121099/il_fullxfull.7710121099_qeqe.jpg,,,,,,,,,,
"Mid-day Cats Sakura Animated Stream Package: Twitch Overlay, YouTube, Kick | Japanese Cat Overlays","Mid-day Dream Cats Sakura Animated Stream Package
Stream Overlay, Animated Overlay, Twitch Overlay, Japanese Cat overlays,

Stream Overlays :
INSTANT DIGITAL DOWNLOAD
This is a digital product, nothing physical will be shipped .

• What you will get?
When you purchase this product, you’ll get a .PDF file containing a direct link to a Google Drive folder with the complete package.

Package Includes :
2 Versions Screens :
4 Static & 3 Animation Version Screens :
✅ Starting Soon (animated+static)
✅ Be Right Back (animated+static)
✅ Stream Ending (animated+static)
✅ Offline Screen (static) (.PNG format)

Overlays/Intermission :
✅ 2 Animated Just Chatting / Intermission Screens : 16:9 (1080x1920) (animated+static) Webm/PNG

Facecam :
✅ 2 Animated Facecam Overlay (animated+static) Webm/PNG

Panels :
✅ 27 Panels (.PNG format)

Twitch Emotes :
✅ 5 Twitch Emotes (.PNG format)

Alerts :
✅ 6 Animated Alerts (WEBM format) (animated+static) Webm/PNG

Stream Labels :
✅ 4 Animated Stream Labels (animated+static) Webm/PNG

Wallpapers/Background :
✅ 2 Wallpapers (1 Animated, 1 Static) (animated+static) Webm/PNG

Stinger Transition :
✅ Animated Stinger Transition (.WEBM transparent)

Social Media Kit (BANNERS)
✅ Social Media Kit (Twitch, Twitter, Kick, YouTube Headers) (PNG format)

Tutorial :
✅ PDF Tutorial (How to install your overlays)

Feel free to ask me to add something to this package if something is missing here for your stream.
Color and font changes are not accepted.

• Please Note: This item is licensed for personal use only. Commercial use, resale, or distribution to third parties or other platforms is strictly prohibited.

If you have any questions or encounter any issues with this product, please feel free to contact me anytime.

Animated Stream Overlays By :
CozyJsStudio : https://cozyjsstudio.etsy.com

🖌️Tools Used: Adobe Photoshop, Adobe Firefly AI, Adobe After Effect, and Adobe Illustrator🖌️



✅If you want to bring your unique vision to life with a fully tailored stream package, please check out my custom commission listing here:

✅Custom Animated Twitch Stream Overlay Full Pack Bundle | OBS Alerts, Screens, Emotes, Badges

🔗 https://cozyjsstudio.etsy.com/listing/4500763545",24.6,USD,3,"Cat_overlay,japanese_overlay,japanese_overlays,Twitch_japanese,Japan_Overlay,Japan_Overlays,stream_overlay,Twitch_Overlay,Twitch_Overlays,Sakura_Overlay,Samurai_overlay,Samurai_Overlays,Cat_Twitch",,https://i.etsystatic.com/61635066/r/il/159503/7633172258/il_fullxfull.7633172258_4guh.jpg,https://i.etsystatic.com/61635066/r/il/37ad51/7633217020/il_fullxfull.7633217020_84ir.jpg,https://i.etsystatic.com/61635066/r/il/342645/7681133639/il_fullxfull.7681133639_4pug.jpg,https://i.etsystatic.com/61635066/r/il/81f0a3/7633216396/il_fullxfull.7633216396_iaam.jpg,https://i.etsystatic.com/61635066/r/il/ab4727/7681134197/il_fullxfull.7681134197_k443.jpg,https://i.etsystatic.com/61635066/r/il/f5ee17/7633194418/il_fullxfull.7633194418_t3fc.jpg,https://i.etsystatic.com/61635066/r/il/2f7c9f/7633197930/il_fullxfull.7633197930_6qdn.jpg,https://i.etsystatic.com/61635066/r/il/230c75/7633198490/il_fullxfull.7633198490_sojn.jpg,https://i.etsystatic.com/61635066/r/il/c91b62/7633198638/il_fullxfull.7633198638_5xsv.jpg,https://i.etsystatic.com/61635066/r/il/1a2f57/7681147181/il_fullxfull.7681147181_3v8j.jpg,,,,,,,,,,
"Animated Halloween Twitch Stream Overlay Pack | Purple Gothic Bunny Theme (Digital Download)","Animated Halloween Twitch Overlay Pack | Cute Purple Gothic Gaming Room Stream Package for OBS | YouTube | Kick | Bunny Overlays |Rabbit Overlays
Stream Overlay, Animated Overlay, Twitch Overlay, Halloween overlay, 

 Cat Stream Overlays:
INSTANT DIGITAL DOWNLOAD
This is a digital product, nothing physical will be shipped.

• What will you get?
When you purchase this product, you’ll get a .PDF file containing a direct link to a Google Drive folder with the complete package.

Package Includes:
Halloween Twitch Screens:
4 Static & 3 Animation Version Screens:
✅ Starting Soon (animated+static) 
✅ Be Right Back (animated+static) 
✅ Stream Ending (animated+static) 
✅ Offline Screen (static) (.PNG format)

Halloween Twitch Overlays/Intermission:
✅ 4 Animated Just Chatting / Intermission Screens: 16:9 (1080x1920) (animated+static) Webm/PNG

Halloween Twitch Facecam :
✅ 2 Animated Facecam Overlay (animated+static)  Webm/PNG

Halloween Twitch Panels :
✅ 30 Panels (.PNG format)

Halloween Twitch Emotes:
✅ 6 Emotes (.PNG format)

Halloween TwitchAlerts:
✅ 6 Animated Alerts (WEBM format) (animated+static) Webm/PNG

Halloween Twitch Stream Labels:
✅ 4 Animated Stream Labels (animated+static) Webm/PNG

Wallpapers/Background :
✅ 2 Wallpapers (1 Animated, 1 Static) (animated+static) Webm/PNG

Halloween Twitch Stinger Transition:
✅ Animated Stinger Transition (. WEBM transparent)

Halloween Twitch Social Media Kit (BANNERS)
✅ Social Media Kit (Twitch, Twitter, Kick, YouTube Headers) (PNG format)

Tutorial:
✅ PDF Tutorial (How to install your overlays)


Feel free to ask me to add something to this package if something is missing here for your stream.
I can also add a translation, if you need, write to me. (Latin characters only)
Color and font changes are not accepted.

• Please Note: This item is licensed for personal use only. Commercial use, resale, or distribution to third parties or other platforms is strictly prohibited.

If you have any questions or encounter any issues with this product, please feel free to contact me anytime.

Black Cat Animated twitch overlay By:
CozyJsStudio => https://cozyjsstudio.etsy.com

🖌️Tools Used: Adobe Photoshop, Adobe Firefly AI, Adobe After Effect, and Adobe Illustrator🖌️



✅If you want to bring your unique vision to life with a fully tailored stream package, please check out my custom commission listing here:

✅Custom Animated Twitch Stream Overlay Full Pack Bundle | OBS Alerts, Screens, Emotes, Badges

🔗 https://cozyjsstudio.etsy.com/listing/4500763545",24.6,USD,6,"Stream_Overlay_cat,Stream_Overlay,Twitch_Overlay,gothic_Overlay,Spooky_Overlay,Halloween_Twitch,spooky_stream_pack,custom_overlay,Cat_Twitch_Overlay,Gothic_Cat_Overlay,Wolf_Overlays,Twitch_overlay_pack,Gothic_twitch",,https://i.etsystatic.com/61635066/r/il/bea62b/8351149406/il_fullxfull.8351149406_3oup.jpg,https://i.etsystatic.com/61635066/r/il/4d6822/8399034081/il_fullxfull.8399034081_km3o.jpg,https://i.etsystatic.com/61635066/r/il/05a2ae/8351293186/il_fullxfull.8351293186_rj0i.jpg,https://i.etsystatic.com/61635066/r/il/684c85/8399019825/il_fullxfull.8399019825_kfmt.jpg,https://i.etsystatic.com/61635066/r/il/90cad8/8399019677/il_fullxfull.8399019677_r5cw.jpg,https://i.etsystatic.com/61635066/r/il/06c6ea/8351290310/il_fullxfull.8351290310_bgem.jpg,https://i.etsystatic.com/61635066/r/il/20e1f4/8399031245/il_fullxfull.8399031245_f8zy.jpg,https://i.etsystatic.com/61635066/r/il/75ef49/8399019537/il_fullxfull.8399019537_2qxm.jpg,https://i.etsystatic.com/61635066/r/il/67da30/8399039041/il_fullxfull.8399039041_arho.jpg,https://i.etsystatic.com/61635066/r/il/9f1e8d/8351217968/il_fullxfull.8351217968_e913.jpg,,,,,,,,,,
"Animated Halloween Twitch Stream Overlay Pack | Purple Gothic Corgi Gaming (Digital Download)","Animated Halloween Twitch Overlay Pack | Cute Purple Gothic Gaming Room Stream Package for OBS | YouTube | Kick | Dog Corgi Overlays
Stream Overlay, Animated Overlay, Twitch Overlay, Halloween overlay, 

 Cat Stream Overlays:
INSTANT DIGITAL DOWNLOAD
This is a digital product, nothing physical will be shipped.

• What will you get?
When you purchase this product, you’ll get a .PDF file containing a direct link to a Google Drive folder with the complete package.

Package Includes:
Halloween Twitch Screens:
4 Static & 3 Animation Version Screens:
✅ Starting Soon (animated+static) 
✅ Be Right Back (animated+static) 
✅ Stream Ending (animated+static) 
✅ Offline Screen (static) (.PNG format)

Halloween Twitch Overlays/Intermission:
✅ 4 Animated Just Chatting / Intermission Screens: 16:9 (1080x1920) (animated+static) Webm/PNG

Halloween Twitch Facecam :
✅ 2 Animated Facecam Overlay (animated+static)  Webm/PNG

Halloween Twitch Panels :
✅ 30 Panels (.PNG format)

Halloween Twitch Emotes:
✅ 6 Emotes (.PNG format)

Halloween TwitchAlerts:
✅ 6 Animated Alerts (WEBM format) (animated+static) Webm/PNG

Halloween Twitch Stream Labels:
✅ 4 Animated Stream Labels (animated+static) Webm/PNG

Wallpapers/Background :
✅ 2 Wallpapers (1 Animated, 1 Static) (animated+static) Webm/PNG

Halloween Twitch Stinger Transition:
✅ Animated Stinger Transition (.WEBM transparent)

Halloween Twitch Social Media Kit (BANNERS)
✅ Social Media Kit (Twitch, Twitter, Kick, YouTube Headers) (PNG format)

Tutorial :
✅ PDF Tutorial (How to install your overlays)


Feel free to ask me to add something to this package if something is missing here for your stream.
I can also add a translation, if you need, write to me. (Latin characters only)
Color and font changes are not accepted.

• Please Note: This item is licensed for personal use only. Commercial use, resale, or distribution to third parties or other platforms is strictly prohibited.

If you have any questions or encounter any issues with this product, please feel free to contact me anytime.

Black Cat Animated twitch overlay By:
CozyJsStudio => https://cozyjsstudio.etsy.com

🖌️Tools Used: Adobe Photoshop, Adobe Firefly AI, Adobe After Effect, and Adobe Illustrator🖌️



✅If you want to bring your unique vision to life with a fully tailored stream package, please check out my custom commission listing here:

✅Custom Animated Twitch Stream Overlay Full Pack Bundle | OBS Alerts, Screens, Emotes, Badges

🔗 https://cozyjsstudio.etsy.com/listing/4500763545",24.6,USD,6,"Stream_Overlay_cat,Stream_Overlay,Twitch_Overlay,gothic_Overlay,Spooky_Overlay,Halloween_Twitch,spooky_stream_pack,custom_overlay,Cat_Twitch_Overlay,Gothic_Cat_Overlay,Twitch_overlay_pack,Dog_Overlays,Corgi_gothic_twitch",,https://i.etsystatic.com/61635066/r/il/18eb5f/8399371699/il_fullxfull.8399371699_192w.jpg,https://i.etsystatic.com/61635066/r/il/23dfcd/8351493404/il_fullxfull.8351493404_blx1.jpg,https://i.etsystatic.com/61635066/r/il/05a2ae/8351293186/il_fullxfull.8351293186_rj0i.jpg,https://i.etsystatic.com/61635066/r/il/684c85/8399019825/il_fullxfull.8399019825_kfmt.jpg,https://i.etsystatic.com/61635066/r/il/06c6ea/8351290310/il_fullxfull.8351290310_bgem.jpg,https://i.etsystatic.com/61635066/r/il/90cad8/8399019677/il_fullxfull.8399019677_r5cw.jpg,https://i.etsystatic.com/61635066/r/il/b3f080/8399367245/il_fullxfull.8399367245_a852.jpg,https://i.etsystatic.com/61635066/r/il/75ef49/8399019537/il_fullxfull.8399019537_2qxm.jpg,https://i.etsystatic.com/61635066/r/il/99c71a/8351481174/il_fullxfull.8351481174_5s7o.jpg,https://i.etsystatic.com/61635066/r/il/9f1e8d/8351217968/il_fullxfull.8351217968_e913.jpg,,,,,,,,,,
"Spooky Raccoon Raven Animated Stream Overlay Pack: Twitch, YouTube, Kick (Digital Download)","Spooky Raccoon Raven Twitch Forest Magic Animated Stream Package | Lofi Twitch Overlay | YouTube | Kick | Raccoon and Crow Overlays | Nature Night Theme | Raccoon & Raven Animated Stream Package | Lofi Twitch Overlay | Magic Forest Night Theme | Panels Alerts Screens for Twitch YouTube Kick Raccoon and crow twitch overlay | cozy twitch overlay | lofi twitch overlay | animated twitch overlay | twitch panels overlay | twitch alerts overlay | cozy Raccoon raven twitch pack | animated twitch pack | magical forest overlay | fantasy glow forest

Spooky Raven & Raccoon Stream Overlay:
INSTANT DIGITAL DOWNLOAD
This is a digital product, nothing physical will be shipped.

• What will you get?
When you purchase this product, you’ll get a .PDF file containing a direct link to a Google Drive folder with the complete package.

Package Includes:
Spooky Raven & Raccoon Screens :
4 Static & 3 Animation Version Screens :
✅ Starting Soon (animated+static)
✅ Be Right Back (animated+static)
✅ Stream Ending (animated+static)
✅ Offline Screen (static) (.PNG format)

Spooky Raven & Raccoon Overlays/Intermission :
✅ 2 Animated Just Chatting / Intermission Screens : 16:9 (1080x1920) (animated+static) Webm/PNG

Spooky Raven & Raccoon Facecam :
✅ 2 Animated Facecam Overlay (animated+static) Webm/PNG

Spooky Raven & Raccoon Panels :
✅ 30 Panels (.PNG format)

Spooky Raven & Raccoon Alerts :
✅ 6 Animated Alerts (WEBM format) (animated+static) Webm/PNG

Raccoon Twitch Emotes :
✅ 5 Twitch Emotes (WEBM format) (static) PNG

Crow Twitch Emotes:
✅ 6 Twitch Emotes (WEBM format) (static) PNG

Spooky Raven & Raccoon Stream Labels:
✅ 4 Animated Stream Labels (animated+static) Webm/PNG

Raccoon Forest Magic Wallpapers/Background :
✅ 2 Wallpapers (1 Animated, 1 Static) (animated+static) Webm/PNG

 Stinger Transition:
✅ Animated Stinger Transition (.WEBM transparent)

Raccoon Forest Magic Social Media Kit (BANNERS)
✅ Social Media Kit (Twitch, Twitter, Kick, YouTube Headers) (PNG format)

Tutorial:
✅ PDF Tutorial (How to install your overlays)

Feel free to ask me to add something to this package if something is missing here for your stream.
Color and font changes are not accepted.

• Please Note: This item is licensed for personal use only. Commercial use, resale, or distribution to third parties or other platforms is strictly prohibited.

If you have any questions or encounter any issues with this product, please feel free to contact me anytime.

Animated twitch overlay By :
CozyJsStudio => https://cozyjsstudio.etsy.com

🖌️Tools Used: Adobe Photoshop, Adobe Firefly AI, Adobe After Effect, and Adobe Illustrator🖌️



✅If you want to bring your unique vision to life with a fully tailored stream package, please check out my custom commission listing here:

✅Custom Animated Twitch Stream Overlay Full Pack Bundle | OBS Alerts, Screens, Emotes, Badges

🔗 https://cozyjsstudio.etsy.com/listing/4500763545",24.6,USD,17,"Raven_Twitch_Overlay,Twitch_Overlay_Raven,Stream_Overlay_Raven,Crow_Overlay,Crow_Twitch,Raven_Overlay,Stream_Overlay,Twitch_Overlay,Twitch_Overlays,Stream_Overlays,Raven_Twitch,Raccoon_Overlay,spooky_Raccoon_twitc",,https://i.etsystatic.com/61635066/r/il/bfde8e/8347616583/il_fullxfull.8347616583_27a9.jpg,https://i.etsystatic.com/61635066/r/il/481b99/8299723398/il_fullxfull.8299723398_4z7n.jpg,https://i.etsystatic.com/61635066/r/il/6a6b67/8340864159/il_fullxfull.8340864159_sl13.jpg,https://i.etsystatic.com/61635066/r/il/548991/8341349179/il_fullxfull.8341349179_9c1y.jpg,https://i.etsystatic.com/61635066/r/il/eb5051/8293230304/il_fullxfull.8293230304_qzw4.jpg,https://i.etsystatic.com/61635066/r/il/d7cc11/8292928738/il_fullxfull.8292928738_d09y.jpg,https://i.etsystatic.com/61635066/r/il/dcc89a/8347607009/il_fullxfull.8347607009_n76f.jpg,https://i.etsystatic.com/61635066/r/il/d0f945/8340864237/il_fullxfull.8340864237_6v9z.jpg,https://i.etsystatic.com/61635066/r/il/bfd2b0/8293212604/il_fullxfull.8293212604_j5dt.jpg,https://i.etsystatic.com/61635066/r/il/a77230/8299730614/il_fullxfull.8299730614_4qji.jpg,,,,,,,,,,
"Animated Raccoon Stream Overlay Pack | Magical Forest Twitch Theme (Digital Download)","Galaxy Eyes raccoon Animated Stream Package | Forest Twitch Overlay | YouTube | kick overlays, raccoon Overlay Animated Stream Package, Sakura Overlay Animated Stream Package, Stream Overlay, Animated Overlay, Twitch Overlay, raccoon overlay, raccoon twitch, Gaming Setup Overlays

Galaxy Eyes raccoon Stream Overlays:
INSTANT DIGITAL DOWNLOAD
This is a digital product, nothing physical will be shipped.

• What will you get?
When you purchase this product, you’ll get a .PDF file containing a direct link to a Google Drive folder with the complete package.

Package Includes:
Galaxy Eyes raccoon Screens:
4 Static & 3 Animation Version Screens:
✅ Starting Soon (animated & static) 
✅ Be Right Back (animated & static) 
✅ Stream Ending (animated & static) 
✅ Offline Screen (static) (.PNG format)

Galaxy Eyes raccoon Overlays/Intermission:
✅ 4 Animated Just Chatting / Intermission Screens: 16:9 (1080x1920) (animated & static) WEBm/PNG

Galaxy Eyes raccoon Facecams :
✅ 2 Animated Facecam Overlay (animated & static)  WEBm/PNG

Galaxy Eyes raccoon Panels:
✅ 28 Panels (.PNG format)

Galaxy Eyes raccoon Twitch Emotes:
✅ 5 Twitch Emotes (.PNG format)

Galaxy Eyes raccoon Sub Badges:
✅ 3 Sub Badges (.PNG format)

Galaxy Eyes raccoon Alerts:
✅ 6 Animated Alerts (WEBM format) (animated & static) WEBm/PNG

Galaxy Eyes raccoon Stream Labels:
✅ 4 Animated Stream Labels (animated & static) WEBm/PNG

Wallpapers/Background:
✅ 2 Wallpapers (1 Animated, 1 Static) (animated & static) WEBm/PNG

Galaxy Eyes raccoon Stinger Transition:
✅ Animated Stinger Transition (. WEBM transparent)

Galaxy Eyes raccoon Social Media Kit (BANNERS)
✅ social media Kit (Twitch, Twitter, Kick, YouTube Headers) (PNG format)

Tutorial:
✅ PDF Tutorial (How to install your overlays) 

Feel free to ask me to add something to this package if something is missing here for your stream.
I can also add a translation, if you need, write to me. (Latin characters only)
Color and font changes are not accepted.

• Please Note: This item is licensed for personal use only. Commercial use, resale, or distribution to third parties or other platforms is strictly prohibited.

If you have any questions or encounter any issues with this product, please feel free to contact me anytime.

Galaxy Eyes raccoon Animated twitch overlay By:
CozyJsStudio => https://cozyjsstudio.etsy.com

🖌️Tools Used: Adobe Photoshop, Adobe Firefly AI, Adobe After Effect, and Adobe Illustrator🖌️



✅If you want to bring your unique vision to life with a fully tailored stream package, please check out my custom commission listing here:

✅Custom Animated Twitch Stream Overlay Full Pack Bundle | OBS Alerts, Screens, Emotes, Badges

🔗 https://cozyjsstudio.etsy.com/listing/4500763545",24.6,USD,5,"Stream_Overlay,Twitch_Overlay,Magic_Twitch_Package,Cozy_Stream_Overlay,Animated_Stream_Pack,Night_Forest_Overlay,Cute_Twitch_Overlays,Starry_Sky_Overlay,Lofi_Twitch_Setup,Overlay_Raccoon,Raccoon_Overlay,Raccoon_Twitch,Raccoon_Overlays",,https://i.etsystatic.com/61635066/r/il/c6396a/7973993816/il_fullxfull.7973993816_nk3x.jpg,https://i.etsystatic.com/61635066/r/il/c22b3b/7973962916/il_fullxfull.7973962916_mwwv.jpg,https://i.etsystatic.com/61635066/r/il/bdd467/8019558097/il_fullxfull.8019558097_mb7j.jpg,https://i.etsystatic.com/61635066/r/il/322a92/8019579843/il_fullxfull.8019579843_qw2w.jpg,https://i.etsystatic.com/61635066/r/il/a0e993/7971607354/il_fullxfull.7971607354_919o.jpg,https://i.etsystatic.com/61635066/r/il/98b958/7971608140/il_fullxfull.7971608140_dhhw.jpg,https://i.etsystatic.com/61635066/r/il/3f9be3/7973959958/il_fullxfull.7973959958_dtg0.jpg,https://i.etsystatic.com/61635066/r/il/1ce81a/8019643267/il_fullxfull.8019643267_3sw0.jpg,https://i.etsystatic.com/61635066/r/il/8784da/7973962072/il_fullxfull.7973962072_gp6w.jpg,https://i.etsystatic.com/61635066/r/il/b10360/8021916035/il_fullxfull.8021916035_fma9.jpg,,,,,,,,,,
"Sakura Wolf Jars Twitch Badges | Kawaii Wolf Sub, Bit, Channel Icons (Digital Download)","SAKURA WOLF JARS TWITCH BADGES

Sakura Wolf Jars Twitch Badges | Cute Wolf Sub, Bit & Channel Point Icons | Twitch Discord Bundle All Sizes

Give your subscribers something magical to level up for with six adorable Sakura Wolves nestled inside glowing glass jars filled with delicate pink cherry blossoms.

Perfect for cozy, kawaii, floral, fantasy, and lofi-style Twitch channels looking for a soft and enchanting badge progression your community will love.

🌸 INSTANT DIGITAL DOWNLOAD

This is a digital product. No physical item will be shipped.

After purchasing, you will receive a PDF file containing a direct link to the Google Drive folder with the complete package.

🐺 PACKAGE INCLUDES

✅ 6 Sakura Wolf Sub Badges
✅ Sub-badge sizes: 18×18, 36×36, and 72×72 px
✅ Emote and channel-point sizes: 28×28, 56×56, and 112×112 px
✅ Bonus 200×200 px versions
✅ High-quality PNG format
✅ Transparent backgrounds
✅ Ready to upload to Twitch

These icons can be used for:

• Twitch subscriber badges
• Twitch Bit badges
• Twitch channel-point rewards
• Kick badges
• YouTube membership badges
• Discord role icons

📌 PLEASE NOTE

This product is licensed for personal use only. Commercial use, resale, redistribution, sharing, or uploading the files for sale on other platforms is strictly prohibited.

Because this is a digital download, no physical product will be delivered.

If you have any questions or experience an issue with your files, please feel free to contact me anytime. I’ll be happy to help!

Twitch Overlays and Assets by CozyJsStudio:
https://cozyjsstudio.etsy.com

🖌️ Tools Used: Adobe Photoshop and Adobe Firefly AI

✨ WANT A MATCHING CUSTOM TWITCH PACKAGE?

Complete your channel with matching Starting Soon screens, alerts, panels, emotes, overlays, and other custom stream assets:

https://cozyjsstudio.etsy.com/listing/4500763545",6.49,USD,2,"wolf_sakura_jars,sakura_wolf_badges,wolf_twitch_badges,twitch_sub_badges,twitch_bit_badges,channel_point_icons,discord_wolf_icons,cute_wolf_badges,kawaii_wolf_badges,stream_badge_bundle,cherry_blossom_wolf,wolf_badge_bundle,twitch_reward_icons",,https://i.etsystatic.com/61635066/r/il/913104/8347533960/il_fullxfull.8347533960_dy5q.jpg,https://i.etsystatic.com/61635066/r/il/a90785/8347548514/il_fullxfull.8347548514_sbvz.jpg,https://i.etsystatic.com/61635066/r/il/247972/8395432621/il_fullxfull.8395432621_8e9c.jpg,https://i.etsystatic.com/61635066/r/il/5e258e/8395409355/il_fullxfull.8395409355_9zzk.jpg,https://i.etsystatic.com/61635066/r/il/02bf8b/8395437203/il_fullxfull.8395437203_gbzf.jpg,https://i.etsystatic.com/61635066/r/il/a11074/8395436019/il_fullxfull.8395436019_nsxl.jpg,https://i.etsystatic.com/61635066/r/il/e5863e/8395410329/il_fullxfull.8395410329_8kbw.jpg,https://i.etsystatic.com/61635066/r/il/58592f/8347543698/il_fullxfull.8347543698_dvvn.jpg,https://i.etsystatic.com/61635066/r/il/9e0868/8395427745/il_fullxfull.8395427745_y2yt.jpg,https://i.etsystatic.com/61635066/r/il/ea3d3d/8395413483/il_fullxfull.8395413483_4bd6.jpg,,,,,,,,,,
"Custom Chibi Emotes & Sub Badges for Twitch, Discord (Digital Download)","✨ [CUSTOM ORDER] Custom Twitch Emotes & Sub Badges | CozyJsStudio ✨

“Your community deserves emotes that feel unmistakably yours.”

This listing is for creators who want completely custom static chibi emotes and subscriber badgesdesigned around your character, mascot, VTuber model, pet or original idea.

No premade templates. No reused characters. Every order is created specifically for your stream identity.

📩 Please message me before purchasing so we can discuss your character, expressions, quantity and deadline.

────────────────────────────
🎨 THE CUSTOM EXPERIENCE
────────────────────────────

✦ 100% Custom Artwork — created for your character from scratch
✦ Cozy Kawaii Chibi Style — expressive, polished and readable in chat
✦ Character Consistency — matching proportions, colors and details across the complete set
✦ Progress Approval — review the design before final delivery
✦ Custom Expressions — choose from classic reactions or request your own ideas
✦ Platform Ready — designed for Twitch, Discord, Kick and YouTube

────────────────────────────
📦 WHAT CAN I CREATE?
────────────────────────────

✦ Custom Static Twitch Emotes
✦ Custom Chibi Character Emotes
✦ VTuber Emotes
✦ Pet and Animal Emotes
✦ Mascot Emotes
✦ Text Emotes: HI, LOL, HYPE, GG, RIP, NICE and more
✦ Custom Subscriber Badge Sets
✦ Monthly Badge Progressions
✦ Bronze, Silver and Gold Badge Tiers
✦ Additional expressions and badge tiers as add-ons

Popular expressions include:

HI • LOL • HYPE • GG • RIP • NICE • LOVE • CRY • ANGRY • RAID • LURK • BONK • SLEEP • POG • COZY • PANIC • COFFEE • GAMING

You may also send your own expression, pose or prop ideas.

────────────────────────────
📁 WHAT YOU WILL RECEIVE
────────────────────────────

For each custom static emote:

✦ 112 × 112 px PNG
✦ 56 × 56 px PNG
✦ 28 × 28 px PNG
✦ High-resolution master PNG
✦ Transparent background

For each subscriber badge:

✦ 72 × 72 px PNG
✦ 36 × 36 px PNG
✦ 18 × 18 px PNG
✦ High-resolution master PNG
✦ Transparent background

All files are digital and ready to upload. No physical product will be shipped.

────────────────────────────
📝 HOW TO ORDER
────────────────────────────

1. Message me before purchasing.
2. Select the number of emotes or badges you need.
3. Send your character references, colors and important details.
4. Choose your expressions or describe your custom ideas.
5. Review and approve the artwork.
6. Receive your final platform-ready PNG files.

Helpful references include:

✦ VTuber model or character sheet
✦ Photos of your pet
✦ Existing mascot or logo
✦ Outfit and accessory references
✦ Preferred color palette
✦ Expression or pose examples
✦ Twitch, Kick, YouTube or Discord channel link

The more information you provide, the more accurately I can capture your character.

────────────────────────────
⏳ TURNAROUND
────────────────────────────

Standard turnaround is approximately 3–5 business days.

Larger sets or highly detailed characters may require additional time. An estimated delivery date will be confirmed before the order begins.

Rush delivery may be available—please contact me first.

────────────────────────────
📝 TERMS OF COMMISSION
────────────────────────────

→ Please contact me before purchasing.
→ This listing is for static artwork only; animation is not included.
→ Revisions are included within the originally agreed design scope.
→ Major character or concept changes may require an additional fee.
→ Work begins after all references and instructions are received.
→ No refunds are available once the design process has started.
→ Final artwork may not be resold, redistributed or claimed as your own creation.
→ Personal channel usage is included.
→ Commercial and merchandise licensing is available separately.
→ CozyJsStudio may display the finished artwork in its portfolio unless privacy is arranged beforehand.

────────────────────────────
✅Custom Animated Twitch Stream Overlay Full Pack Bundle | OBS Alerts, Screens, Emotes, Badges

🔗 https://cozyjsstudio.etsy.com/listing/4500763545

────────────────────────────
🌸 READY TO BRING YOUR CHARACTER TO LIFE?
────────────────────────────

Join 900+ streamers who have trusted CozyJsStudio with their custom stream artwork.

Click “Message Seller” and tell me about your character, expressions and ideas. Let’s create an emote set your community will instantly recognize and love. 🐾",79.5,USD,2,"custom_twitch_emote,twitch_emotes,custom_emotes,vtuber_emotes,chibi_emotes,kawaii_emotes,streamer_emotes,discord_emotes,kick_emotes,youtube_emotes,twitch_sub_badges,custom_sub_badges,twitch_commission",,https://i.etsystatic.com/61635066/r/il/c2da0c/8353129255/il_fullxfull.8353129255_9nhd.jpg,https://i.etsystatic.com/61635066/r/il/40142d/8352057075/il_fullxfull.8352057075_24yw.jpg,https://i.etsystatic.com/61635066/r/il/9bc55b/8352052267/il_fullxfull.8352052267_3t28.jpg,https://i.etsystatic.com/61635066/r/il/34a883/8352054707/il_fullxfull.8352054707_ld4g.jpg,https://i.etsystatic.com/61635066/r/il/2e9b1c/8352047481/il_fullxfull.8352047481_74t7.jpg,https://i.etsystatic.com/61635066/r/il/1e2b9d/8304154372/il_fullxfull.8304154372_30fo.jpg,https://i.etsystatic.com/61635066/r/il/49001d/8304159528/il_fullxfull.8304159528_75d4.jpg,https://i.etsystatic.com/61635066/r/il/cc3947/8352048897/il_fullxfull.8352048897_t4no.jpg,https://i.etsystatic.com/61635066/r/il/e84f1b/8352049661/il_fullxfull.8352049661_5uzr.jpg,https://i.etsystatic.com/61635066/r/il/0875ab/8305155348/il_fullxfull.8305155348_r586.jpg,,,,,,,,,,
"Spooky Animated Halloween Cat Room Twitch Full Stream Pack | YouTube | Kick | Gothic Overlays","Animated Halloween Cat Room Twitch Full Stream Pack | YouTube | Kick | Gothic Overlays
Stream Overlay, Animated Overlay, Twitch Overlay, Halloween overlay, 

 Cat Stream Overlays:
INSTANT DIGITAL DOWNLOAD
This is a digital product, nothing physical will be shipped.

• What will you get?
When you purchase this product, you’ll get a .PDF file containing a direct link to a Google Drive folder with the complete package.

Package Includes:
Cat Black  Screens:
4 Static & 3 Animation Version Screens:
✅ Starting Soon (animated+static) 
✅ Be Right Back (animated+static) 
✅ Stream Ending (animated+static) 
✅ Offline Screen (static) (.PNG format)

Cat Black Overlays/Intermission:
✅ 4 Animated Just Chatting / Intermission Screens: 16:9 (1080x1920) (animated+static) Webm/PNG

Cat Black  Facecam :
✅ 2 Animated Facecam Overlay (animated+static)  Webm/PNG

Cat Black Panels :
✅ 30 Panels (.PNG format)

Cat Black Emotes:
✅ 6 Emotes (.PNG format)

Ghost Sub Badges:
✅ 6 Sub Badges (.PNG format)

Cat Black Alerts:
✅ 6 Animated Alerts (WEBM format) (animated+static) Webm/PNG

Cat Black Stream Labels:
✅ 4 Animated Stream Labels (animated+static) Webm/PNG

Wallpapers/Background :
✅ 2 Wallpapers (1 Animated, 1 Static) (animated+static) Webm/PNG

Cat Black Stinger Transition:
✅ Animated Stinger Transition (.WEBM transparent)

Cat Black Social Media Kit (BANNERS)
✅ Social Media Kit (Twitch, Twitter, Kick, YouTube Headers) (PNG format)

Tutorial :
✅ PDF Tutorial (How to install your overlays)


Feel free to ask me to add something to this package if something is missing here for your stream.
I can also add a translation, if you need, write to me. (Latin characters only)
Color and font changes are not accepted.

• Please Note: This item is licensed for personal use only. Commercial use, resale, or distribution to third parties or other platforms is strictly prohibited.

If you have any questions or encounter any issues with this product, please feel free to contact me anytime.

Black Cat Animated twitch overlay By:
CozyJsStudio => https://cozyjsstudio.etsy.com

🖌️Tools Used: Adobe Photoshop, Adobe Firefly AI, Adobe After Effect, and Adobe Illustrator🖌️



✅If you want to bring your unique vision to life with a fully tailored stream package, please check out my custom commission listing here:

✅Custom Animated Twitch Stream Overlay Full Pack Bundle | OBS Alerts, Screens, Emotes, Badges

🔗 https://cozyjsstudio.etsy.com/listing/4500763545",24.6,USD,6,"Stream_Overlay_cat,Stream_Overlay,Twitch_Overlay,gothic_Overlay,Spooky_Overlay,Halloween_Twitch,spooky_stream_pack,custom_overlay,Spooky_Twitch_Dragon,Ghost_Overlay,pumpkin_Halloween,Cat_Twitch_Overlay,Gothic_Cat_Overlay",,https://i.etsystatic.com/61635066/r/il/275be2/8347933810/il_fullxfull.8347933810_n9zt.jpg,https://i.etsystatic.com/61635066/r/il/c65465/8395818337/il_fullxfull.8395818337_atqp.jpg,https://i.etsystatic.com/61635066/r/il/9d8843/8382326683/il_fullxfull.8382326683_2ng4.jpg,https://i.etsystatic.com/61635066/r/il/d22dd2/8334454502/il_fullxfull.8334454502_gylm.jpg,https://i.etsystatic.com/61635066/r/il/a20181/8395818707/il_fullxfull.8395818707_laqk.jpg,https://i.etsystatic.com/61635066/r/il/2c2f3b/8334440800/il_fullxfull.8334440800_9r6y.jpg,https://i.etsystatic.com/61635066/r/il/636fcf/8334443214/il_fullxfull.8334443214_4knc.jpg,https://i.etsystatic.com/61635066/r/il/920603/8382325511/il_fullxfull.8382325511_21u6.jpg,https://i.etsystatic.com/61635066/r/il/001b9e/8382339961/il_fullxfull.8382339961_j86s.jpg,https://i.etsystatic.com/61635066/r/il/e31e06/8395826459/il_fullxfull.8395826459_kuaz.jpg,,,,,,,,,,
"Starry Forest Dragon Overlay Animated Stream Package: Twitch Overlay, YouTube, Kick | Cat Overlays","Starry Forest Animated Stream Package
Stream Overlay, Animated Overlay, Twitch Overlay, Dragon overlay, Cat Overlay
Dragon twitch overlay | Cat twitch overlay | fantasy forest overlay | Moonlit forest stream | magical night overlay | cute dragon stream overlay | cozy cat stream overlay | animated twitch overlay | enchanted forest theme | lofi night stream overlay | twitch panels overlay | twitch alerts overlay | overlay for twitch youtube kick

Stream Overlay :
INSTANT DIGITAL DOWNLOAD
This is a digital product, nothing physical will be shipped .

• What you will get?
When you purchase this product, you’ll get a .PDF file containing a direct link to a Google Drive folder with the complete package.

Package Includes :
Cat Screens :
4 Static & 3 Animation Version Screens :
✅ Starting Soon (animated+static) 
✅ Be Right Back (animated+static) 
✅ Stream Ending (animated+static) 
✅ Offline Screen (static) (.PNG format)

Neon Overlays/Intermission :
✅ 1 Animated Just Chatting / Intermission Screens : 16:9 (1080x1920) (animated+static) Webm/PNG

Cat Facecam :
✅ 1 Animated Facecam Overlay (animated+static)  Webm/PNG

Cat Panels :
✅ 27 Panels (.PNG format)

Cat Twitch Emotes :
✅ 5 Emotes  (.PNG format)

Dragon Twitch Sub Badges :
✅ 3 Sub Badges (.PNG format)

Cat Alerts :
✅ 6 Animated Alerts (WEBM format) (animated+static) Webm/PNG

Dragon Stream Labels :
✅ 4 Animated Stream Labels (animated+static) Webm/PNG

Cat Wallpapers/Background :
✅ 2 Wallpapers (1 Animated, 1 Static) (animated+static) Webm/PNG

Cat Stinger Transition :
✅ Animated Stinger Transition (.WEBM transparent)

Neon Social Media Kit (BANNERS)
✅ Social Media Kit (Twitch, Twitter, Kick, YouTube Headers) (PNG format)

Tutorial :
✅ PDF Tutorial (How to install your overlays) 

Feel free to ask me to add something to this package if something is missing here for your stream.
Color and font changes are not accepted.

• Please Note: This item is licensed for personal use only. Commercial use, resale, or distribution to third parties or other platforms is strictly prohibited.

If you have any questions or encounter any issues with this product, please feel free to contact me anytime.

Starry twitch overlay 
By :
CozyJsStudio => https://cozyjsstudio.etsy.com

🖌️Tools Used: Adobe Photoshop, Adobe Firefly AI, Adobe After Effect, and Adobe Illustrator🖌️



✅If you want to bring your unique vision to life with a fully tailored stream package, please check out my custom commission listing here:

✅Custom Animated Twitch Stream Overlay Full Pack Bundle | OBS Alerts, Screens, Emotes, Badges

🔗 https://cozyjsstudio.etsy.com/listing/4500763545",24.6,USD,20,"dragon_overlay,cat_overlay,dragon_twitch,cat_twitch_overlay,fantasy_overlay,dark_twitch_overlay,twitch_overlay,stream_overlay,twitch_overlays,stream_overlays,Starry_Overlay,Dragon_Overlays,Cat_Overlays",,https://i.etsystatic.com/61635066/r/il/ca313f/7859035077/il_fullxfull.7859035077_5pc0.jpg,https://i.etsystatic.com/61635066/r/il/045283/7859049869/il_fullxfull.7859049869_carr.jpg,https://i.etsystatic.com/61635066/r/il/15a27e/7811109256/il_fullxfull.7811109256_4kyf.jpg,https://i.etsystatic.com/61635066/r/il/2cfd8d/7859057013/il_fullxfull.7859057013_2bga.jpg,https://i.etsystatic.com/61635066/r/il/2a8653/7859054299/il_fullxfull.7859054299_pwdj.jpg,https://i.etsystatic.com/61635066/r/il/f5b20f/7859056215/il_fullxfull.7859056215_f6ws.jpg,https://i.etsystatic.com/61635066/r/il/ea843a/7811111898/il_fullxfull.7811111898_rksa.jpg,https://i.etsystatic.com/61635066/r/il/d8b562/7859049593/il_fullxfull.7859049593_krzf.jpg,https://i.etsystatic.com/61635066/r/il/ca270f/7859032095/il_fullxfull.7859032095_bvsj.jpg,https://i.etsystatic.com/61635066/r/il/88d42c/7859043347/il_fullxfull.7859043347_l3x3.jpg,,,,,,,,,,
"Akita Inu Dog Overlay Animated Stream Package: Twitch, YouTube, Kick | Setup Room Sakura Overlays","Animated Akita Inu Dog & Sakura stream package preview for Twitch, YouTube, and Kick. This cherry blossom stream pack features a pastel pink Japanese gaming setup room aesthetic. Perfect for a cozy black, white, and pink Sakura Twitch aesthetic! Elevate your stream with these cute, animated overlays.

Akita Inu Dog Stream Overlays:
INSTANT DIGITAL DOWNLOAD
This is a digital product, nothing physical will be shipped.

• What will you get?
When you purchase this product, you’ll get a .PDF file containing a direct link to a Google Drive folder with the complete package.

Package Includes:
Akita Inu Dog Screens:
4 Static & 3 Animation Version Screens:
✅ Starting Soon (animated & static)
✅ Be Right Back (animated & static)
✅ Stream Ending (animated & static)
✅ Offline Screen (static) (.PNG format)

Akita Inu Dog Overlays/Intermission:
✅ 4 Animated Just Chatting / Intermission Screens: 16:9 (1080x1920) (animated & static) WEBm/PNG

Akita Inu Dog Facecams :
✅ 2 Animated Facecam Overlay (animated & static) WEBm/PNG

Akita Inu Dog Panels:
✅ 28 Panels (.PNG format)

Akita Inu Dog Twitch Emotes:
✅ 5 Twitch Emotes (.PNG format)

Akita Inu Dog Sub Badges:
✅ 3 Sub Badges (.PNG format)

Akita Inu Dog Alerts:
✅ 6 Animated Alerts (WEBM format) (animated & static) WEBm/PNG

Akita Inu Dog Stream Labels:
✅ 4 Animated Stream Labels (animated & static) WEBm/PNG

Wallpapers/Background:
✅ 2 Wallpapers (1 Animated, 1 Static) (animated & static) WEBm/PNG

Akita Inu Dog Stinger Transition:
✅ Animated Stinger Transition (. WEBM transparent)

Akita Inu Dog Social Media Kit (BANNERS)
✅ social media Kit (Twitch, Twitter, Kick, YouTube Headers) (PNG format)

Tutorial:
✅ PDF Tutorial (How to install your overlays)

Feel free to ask me to add something to this package if something is missing here for your stream.
I can also add a translation, if you need, write to me. (Latin characters only)
Color and font changes are not accepted.

• Please Note: This item is licensed for personal use only. Commercial use, resale, or distribution to third parties or other platforms is strictly prohibited.

If you have any questions or encounter any issues with this product, please feel free to contact me anytime.

Akita Inu Dog Animated twitch overlay by:
CozyJsStudio => https://cozyjsstudio.etsy.com

🖌️Tools Used: Adobe Photoshop, Adobe Firefly AI, Adobe After Effect, and Adobe Illustrator🖌️



✅If you want to bring your unique vision to life with a fully tailored stream package, please check out my custom commission listing here:

✅Custom Animated Twitch Stream Overlay Full Pack Bundle | OBS Alerts, Screens, Emotes, Badges

🔗 https://cozyjsstudio.etsy.com/listing/4500763545",25.6,USD,6,"twitch_overlay,twitch_overlays,twitch_overlay_anime,stream_overlays,stream_overlay,Sakura_overlay,Setup_Overlay,Sakura_Dreams,Cherry_Blossom_Theme,Sakura_Petals_Stream,Akita_Inu_Overlay,Akita_Inu_Twitch,Inu_Dog_Overlay",,https://i.etsystatic.com/61635066/r/il/92fa0b/8347375082/il_fullxfull.8347375082_sunn.jpg,https://i.etsystatic.com/61635066/r/il/b98228/8395265809/il_fullxfull.8395265809_o02o.jpg,https://i.etsystatic.com/61635066/r/il/1e44b9/7974082573/il_fullxfull.7974082573_fpw0.jpg,https://i.etsystatic.com/61635066/r/il/9b2158/7974082813/il_fullxfull.7974082813_2dck.jpg,https://i.etsystatic.com/61635066/r/il/4c3ed5/7974081699/il_fullxfull.7974081699_et6k.jpg,https://i.etsystatic.com/61635066/r/il/780418/8347370036/il_fullxfull.8347370036_420b.jpg,https://i.etsystatic.com/61635066/r/il/19eeb2/7974076419/il_fullxfull.7974076419_esbw.jpg,https://i.etsystatic.com/61635066/r/il/38d487/8347366978/il_fullxfull.8347366978_7c8c.jpg,https://i.etsystatic.com/61635066/r/il/05a7d4/7926130506/il_fullxfull.7926130506_lrw1.jpg,https://i.etsystatic.com/61635066/r/il/a799a1/8395266503/il_fullxfull.8395266503_7svu.jpg,,,,,,,,,,
"Matcha Koala Animated Stream Package | Matcha Koalas Twitch Overlay | YouTube | kick overlays","Matcha Koala Animated Stream Package | Matcha Koalas Twitch Overlay | YouTube | kick overlays, Matcha Koala Overlay Animated Stream Package
Stream Overlay, Animated Overlay, Twitch Overlay, Matcha Koala overlay, Matcha Koala twitch, Gaming Setup Overlays

Matcha Koala Stream Overlays:
INSTANT DIGITAL DOWNLOAD
This is a digital product, nothing physical will be shipped.

• What will you get?
When you purchase this product, you’ll get a .PDF file containing a direct link to a Google Drive folder with the complete package.

Package Includes:
Matcha Koala Screens:
4 Static & 3 Animation Version Screens:
✅ Starting Soon (animated & static)
✅ Be Right Back (animated & static)
✅ Stream Ending (animated & static)
✅ Offline Screen (static) (.PNG format)

Matcha Koala Overlays/Intermission:
✅ 4 Animated Just Chatting / Intermission Screens: 16:9 (1080x1920) (animated & static) WEBm/PNG

Matcha Koala Facecams :
✅ 2 Animated Facecam Overlay (animated & static) WEBm/PNG

Matcha Koala Panels:
✅ 28 Panels (.PNG format)

Matcha Koala Twitch Emotes:
✅ 5 Twitch Emotes (.PNG format)

Matcha Koala Sub Badges:
✅ 3 Sub Badges (.PNG format)

Matcha Koala Alerts:
✅ 6 Animated Alerts (WEBM format) (animated & static) WEBm/PNG

Matcha Koala Stream Labels:
✅ 4 Animated Stream Labels (animated & static) WEBm/PNG

Wallpapers/Background:
✅ 2 Wallpapers (1 Animated, 1 Static) (animated & static) WEBm/PNG

Matcha Koala Stinger Transition:
✅ Animated Stinger Transition (. WEBM transparent)

Matcha Koala Social Media Kit (BANNERS)
✅ social media Kit (Twitch, Twitter, Kick, YouTube Headers) (PNG format)

Tutorial:
✅ PDF Tutorial (How to install your overlays)

Feel free to ask me to add something to this package if something is missing here for your stream.
I can also add a translation, if you need, write to me. (Latin characters only)
Color and font changes are not accepted.

• Please Note: This item is licensed for personal use only. Commercial use, resale, or distribution to third parties or other platforms is strictly prohibited.

If you have any questions or encounter any issues with this product, please feel free to contact me anytime.

Matcha Koala Animated twitch overlay By:
CozyJsStudio => https://cozyjsstudio.etsy.com

🖌️Tools Used: Adobe Photoshop, Adobe Firefly AI, Adobe After Effect, and Adobe Illustrator🖌️



✅If you want to bring your unique vision to life with a fully tailored stream package, please check out my custom commission listing here:

✅Custom Animated Twitch Stream Overlay Full Pack Bundle | OBS Alerts, Screens, Emotes, Badges

🔗 https://cozyjsstudio.etsy.com/listing/4500763545",24.6,USD,5,"twitch_overlay,twitch_overlays,twitch_overlay_Koala,stream_overlays,stream_overlay,Matcha_Twitch,Koalas_overlay,Sakura_overlay,Twitch_Matcha,Setup_Overlay,Koala_Overlay,Koala_Twitch,Koala_Overlays",,https://i.etsystatic.com/61635066/r/il/ac52e4/7963597931/il_fullxfull.7963597931_dl75.jpg,https://i.etsystatic.com/61635066/r/il/4ab3b4/7963595687/il_fullxfull.7963595687_nhjx.jpg,https://i.etsystatic.com/61635066/r/il/a49154/7963586159/il_fullxfull.7963586159_ha91.jpg,https://i.etsystatic.com/61635066/r/il/077bbe/7963580719/il_fullxfull.7963580719_me5q.jpg,https://i.etsystatic.com/61635066/r/il/11043c/7963582523/il_fullxfull.7963582523_eq8x.jpg,https://i.etsystatic.com/61635066/r/il/a5b048/7963574787/il_fullxfull.7963574787_su4t.jpg,https://i.etsystatic.com/61635066/r/il/8c896c/7915641758/il_fullxfull.7915641758_jtqj.jpg,https://i.etsystatic.com/61635066/r/il/211674/7963590609/il_fullxfull.7963590609_90wd.jpg,https://i.etsystatic.com/61635066/r/il/cfe3d6/7915621846/il_fullxfull.7915621846_c3zd.jpg,https://i.etsystatic.com/61635066/r/il/2f7faf/7915626936/il_fullxfull.7915626936_ifoe.jpg,,,,,,,,,,
"Gothic Halloween Witch Cat Bat Badges | Spooky Jar Clipart (Digital Download)","Gothic Halloween 6 Twitch Badges | Spooky Channel Icons | Twitch Discord Bundle All Sizes (Digital Download)

Give your subs a spooky treat they will love with nine adorable gothic Halloween cats, complete with tiny witch hats, glowing pumpkins, and a cute, spooky purple aesthetic.

Perfect for cozy, kawaii witch, and dark-style Twitch channels looking for a charmingly eerie badge set your community will actually be dying to level up for.

INSTANT DIGITAL DOWNLOAD
This is a digital product — nothing physical will be shipped.
What will you get?
When you purchase this product, you'll get a .PDF file containing a direct link to a Google Drive folder with the complete package.

Package Includes
✅ x6 Sub Badges  
✅ All sizes included For Sub Badges (18x18, 36x36, 72x72 px)
✅ All sizes included For Emotes: 28x28, 56x56, 112x112 px 
✅+ Bonus 200x200 px
✅ .PNG format, transparent background
✅ Ready to upload directly to Twitch subscriber badge tiers
Compatible with: Twitch (subscriber badges), and easily adaptable for Kick, YouTube Membership badges, or Discord roles on request.


Please Note: This item is licensed for personal use only. Commercial use, resale, or distribution to third parties or other platforms is strictly prohibited.
If you have any questions or run into issues with your files, feel free to contact me anytime.

Animated Twitch Overlay & Assets By: CozyJsStudio → https://cozyjsstudio.etsy.com
🖌️ Tools Used: Adobe Photoshop, Adobe Firefly AI🖌️

✅ Want a fully matching overlay package (Starting Soon, alerts, panels, emotes) to go with these badges? Check out my custom commission listing:
🔗https://cozyjsstudio.etsy.com/listing/4500763545",5.49,USD,16,"gothic_halloween_cat,witch_cat_twitch,twitch_badges,sub_badges,bit_badges,channel_points,discord_icons,stream_badges,spooky_sub_badges,halloween_badges,kawaii_goth_badges,badge_bundle,twitch_reward",,https://i.etsystatic.com/61635066/r/il/cad8e2/8387760937/il_fullxfull.8387760937_gepd.jpg,https://i.etsystatic.com/61635066/r/il/d86fc8/8339873962/il_fullxfull.8339873962_hdhn.jpg,https://i.etsystatic.com/61635066/r/il/a53a82/8339871048/il_fullxfull.8339871048_jtnp.jpg,https://i.etsystatic.com/61635066/r/il/447eba/8387755261/il_fullxfull.8387755261_o7v8.jpg,https://i.etsystatic.com/61635066/r/il/a6e517/8387757215/il_fullxfull.8387757215_sytj.jpg,https://i.etsystatic.com/61635066/r/il/b437c5/8387750129/il_fullxfull.8387750129_33o0.jpg,https://i.etsystatic.com/61635066/r/il/37d206/8387749857/il_fullxfull.8387749857_8hp8.jpg,,,,,,,,,,,,,
"Cat Sakura Moon Setup Animated Stream Pack | Twitch Overlay | YouTube, Kick | Purple Room Overlays","Cat Sakura Delight animated twitch overlay stream pack | stream overlay and stream overlays | twitch overlay anime style | Cat overlay and anime overlay | Sakura overlay with moon Sakura overlays | Japan overlay aesthetic | Setup overlay theme | twitch package for streaming | streaming graphics | YouTube and Kick overlay | dark calm color aesthetic stream screens

Cat Sakura Moon Setup Stream Overlays:
INSTANT DIGITAL DOWNLOAD
This is a digital product, nothing physical will be shipped.

• What will you get?
When you purchase this product, you’ll get a .PDF file containing a direct link to a Google Drive folder with the complete package.

Package Includes:
Cat Sakura Moon Setup Screens:
4 Static & 3 Animation Version Screens:
✅ Starting Soon (animated & static)
✅ Be Right Back (animated & static)
✅ Stream Ending (animated & static)
✅ Offline Screen (static) (.PNG format)

Cat Sakura Moon Setup Overlays/Intermission:
✅ 4 Animated Just Chatting / Intermission Screens: 16:9 (1080x1920) (animated & static) WEBm/PNG

Cat Sakura Moon Setup Facecams :
✅ 2 Animated Facecam Overlay (animated & static) WEBm/PNG

Cat Sakura Moon Setup Panels:
✅ 28 Panels (.PNG format)

Cat Sakura Moon Setup Twitch Emotes:
✅ 5 Twitch Emotes (.PNG format)

Cat Sakura Moon Setup Sub Badges:
✅ 3 Sub Badges (.PNG format)

Cat Sakura Moon Setup Alerts:
✅ 6 Animated Alerts (WEBM format) (animated & static) WEBm/PNG

Cat Sakura Moon Setup Stream Labels:
✅ 4 Animated Stream Labels (animated & static) WEBm/PNG

Wallpapers/Background:
✅ 2 Wallpapers (1 Animated, 1 Static) (animated & static) WEBm/PNG

Cat Sakura Moon Setup Stinger Transition:
✅ Animated Stinger Transition (. WEBM transparent)

Cat Sakura Moon Setup Social Media Kit (BANNERS)
✅ social media Kit (Twitch, Twitter, Kick, YouTube Headers) (PNG format)

Tutorial:
✅ PDF Tutorial (How to install your overlays)

Feel free to ask me to add something to this package if something is missing here for your stream.
I can also add a translation, if you need, write to me. (Latin characters only)
Color and font changes are not accepted.

• Please Note: This item is licensed for personal use only. Commercial use, resale, or distribution to third parties or other platforms is strictly prohibited.

If you have any questions or encounter any issues with this product, please feel free to contact me anytime.

Cat Sakura Moon Setup Animated twitch overlay by:
CozyJsStudio => https://cozyjsstudio.etsy.com

🖌️Tools Used: Adobe Photoshop, Adobe Firefly AI, Adobe After Effect, and Adobe Illustrator🖌️



✅If you want to bring your unique vision to life with a fully tailored stream package, please check out my custom commission listing here:

✅Custom Animated Twitch Stream Overlay Full Pack Bundle | OBS Alerts, Screens, Emotes, Badges

🔗 https://cozyjsstudio.etsy.com/listing/4500763545",24.6,USD,3,"cozy_Cat_overlay,Cat_Overlay,stream_overlay,twitch_overlay,Cat_gaming_room,aesthetic_overlay,cute_Cat_overlay,gaming_room_twitch,Cat_Twitch_Overlay,Cat_Twitch,Twitch_Overlay_Cat,Stream_Overlay_Cat,Cat_Twitch_Pack",,https://i.etsystatic.com/61635066/r/il/05e4cc/7984277025/il_fullxfull.7984277025_tvhp.jpg,https://i.etsystatic.com/61635066/r/il/3abefd/7984276531/il_fullxfull.7984276531_lsgy.jpg,https://i.etsystatic.com/61635066/r/il/fbbb86/7984299219/il_fullxfull.7984299219_mjlv.jpg,https://i.etsystatic.com/61635066/r/il/e1c1d4/7936344890/il_fullxfull.7936344890_hiy9.jpg,https://i.etsystatic.com/61635066/r/il/201cf1/7936341220/il_fullxfull.7936341220_pjkf.jpg,https://i.etsystatic.com/61635066/r/il/95364b/7936344994/il_fullxfull.7936344994_466j.jpg,https://i.etsystatic.com/61635066/r/il/1ffcc2/7984238291/il_fullxfull.7984238291_paxn.jpg,https://i.etsystatic.com/61635066/r/il/106d1a/7984304011/il_fullxfull.7984304011_bl62.jpg,https://i.etsystatic.com/61635066/r/il/ff9705/7936285552/il_fullxfull.7936285552_j3fz.jpg,https://i.etsystatic.com/61635066/r/il/da069f/7984346271/il_fullxfull.7984346271_q8kr.jpg,,,,,,,,,,
"Cozy Night Animated Stream Package: For Twitch Overlay, YouTube, Kick | Gaming Room Overlays","Cozy Night Animated Stream Pack | Twitch Overlay | Cute Forest Stream Overlay | Desk Aesthetic, Stream Overlay, Animated Overlay, Twitch Overlay, Cat overlays, Gaming Room Overlays

Stream Overlay :
INSTANT DIGITAL DOWNLOAD
This is a digital product, nothing physical will be shipped .

• What you will get?
When you purchase this product, you’ll get a .PDF file containing a direct link to a Google Drive folder with the complete package.

Package Includes :
Screens :
4 Static & 3 Animation Version Screens :
✅ Starting Soon (animated+static)
✅ Be Right Back (animated+static)
✅ Stream Ending (animated+static)
✅ Offline Screen (static) (.PNG format)

Overlays/Intermission :
✅ 2 Animated Just Chatting / Intermission Screens : 16:9 (1080x1920) (animated+static) Webm/PNG

Facecam :
✅ 2 Animated Facecam Overlay (animated+static) Webm/PNG

Panels :
✅ 27 Panels (.PNG format)

Alerts :
✅ 6 Animated Alerts (WEBM format) (animated+static) Webm/PNG

Twitch Sub-Badges :
✅ 4 Twitch Sub-Badges (WEBM format) (static) PNG

Stream Labels :
✅ 4 Animated Stream Labels (animated+static) Webm/PNG

Wallpapers/Background :
✅ 2 Wallpapers (1 Animated, 1 Static) (animated+static) Webm/PNG

Stinger Transition :
✅ Animated Stinger Transition (.WEBM transparent)

Social Media Kit (BANNERS)
✅ Social Media Kit (Twitch, Twitter, Kick, YouTube Headers) (PNG format)

Tutorial :
✅ PDF Tutorial (How to install your overlays)

Feel free to ask me to add something to this package if something is missing here for your stream.
Color and font changes are not accepted.

• Please Note: This item is licensed for personal use only. Commercial use, resale, or distribution to third parties or other platforms is strictly prohibited.

If you have any questions or encounter any issues with this product, please feel free to contact me anytime.

Cat twitch overlay By :
https://cozyjsstudio.etsy.com
CozyJsStudio

🖌️Tools Used: Adobe Photoshop, Adobe Firefly AI, Adobe After Effect, and Adobe Illustrator🖌️



✅If you want to bring your unique vision to life with a fully tailored stream package, please check out my custom commission listing here:

✅Custom Animated Twitch Stream Overlay Full Pack Bundle | OBS Alerts, Screens, Emotes, Badges

🔗 https://cozyjsstudio.etsy.com/listing/4500763545",24.6,USD,2,"Sakura_Overlay,Japan_Overlay,Gaming_Overlay,Gaming_Room_Overlay,Twitch_Overlay_Room,Setup_Overlay,Twitch_Overlay,Stream_Overlay,Overlay_Twitch,Japanese_Overlay,Twitch_Overlays,Overlay,Overlay_Stream",,https://i.etsystatic.com/61635066/r/il/c1239c/7793803319/il_fullxfull.7793803319_c7dz.jpg,https://i.etsystatic.com/61635066/r/il/322b4c/7745808922/il_fullxfull.7745808922_81cj.jpg,https://i.etsystatic.com/61635066/r/il/951bc2/7793760535/il_fullxfull.7793760535_a805.jpg,https://i.etsystatic.com/61635066/r/il/99dc3d/7745803800/il_fullxfull.7745803800_pmt3.jpg,https://i.etsystatic.com/61635066/r/il/7e323f/7793756335/il_fullxfull.7793756335_bbnf.jpg,https://i.etsystatic.com/61635066/r/il/24e88a/7793756195/il_fullxfull.7793756195_9nmw.jpg,https://i.etsystatic.com/61635066/r/il/7e893f/7793764101/il_fullxfull.7793764101_7wf5.jpg,https://i.etsystatic.com/61635066/r/il/78c72f/7745805742/il_fullxfull.7745805742_n6hj.jpg,https://i.etsystatic.com/61635066/r/il/cde6e0/7745801884/il_fullxfull.7745801884_4ocu.jpg,https://i.etsystatic.com/61635066/r/il/bec52e/7745795424/il_fullxfull.7745795424_n0fp.jpg,,,,,,,,,,
"Animated Neon Bedroom Stream Package | Twitch, YouTube, Kick Overlays (Digital Download)","Neon Bedroom Overlay Animated Stream Package
Stream Overlay, Animated Overlay, Twitch Overlay, lo-fi Room overlay, 

Neon Bedroom Stream Overlays:
INSTANT DIGITAL DOWNLOAD
This is a digital product, nothing physical will be shipped.

• What will you get?
When you purchase this product, you’ll get a .PDF file containing a direct link to a Google Drive folder with the complete package.

Package Includes:
Neon Bedroom Screens:
4 Static & 3 Animation Version Screens:
✅ Starting Soon (animated+static) 
✅ Be Right Back (animated+static) 
✅ Stream Ending (animated+static) 
✅ Offline Screen (static) (.PNG format)

Neon Bedroom Overlays/Intermission:
✅ 4 Animated Just Chatting / Intermission Screens: 16:9 (1080x1920) (animated+static) Webm/PNG

Neon Bedroom Facecam :
✅ 2 Animated Facecam Overlay (animated+static)  Webm/PNG

Neon Bedroom Panels:
✅ 30 Panels (.PNG format)

Neon Bedroom Alerts:
✅ 6 Animated Alerts (WEBM format) (animated+static) Webm/PNG

Neon Bedroom Stream Labels:
✅ 4 Animated Stream Labels (animated+static) Webm/PNG

Wallpapers/Background:
✅ 2 Wallpapers (1 Animated, 1 Static) (animated+static) Webm/PNG

Neon Bedroom Stinger Transition:
✅ Animated Stinger Transition (.WEBM transparent)

Neon Bedroom Social Media Kit (BANNERS)
✅ social media Kit (Twitch, Twitter, Kick, YouTube Headers) (PNG format)

Neon Bedroom Sub Badges :
✅ 3 Sub Badges (.PNG format)
✅ +200 Sub Badges Bonus (.PNG format)

Tutorial:
✅ PDF Tutorial (How to install your overlays) 


Feel free to ask me to add something to this package if something is missing here for your stream.
I can also add a translation, if you need, write to me. (Latin characters only)
Color and font changes are not accepted.

• Please Note: This item is licensed for personal use only. Commercial use, resale, or distribution to third parties or other platforms is strictly prohibited.

If you have any questions or encounter any issues with this product, please feel free to contact me anytime.

Animated twitch overlay By :
CozyJsStudio => https://cozyjsstudio.etsy.com

🖌️Tools Used: Adobe Photoshop, Adobe Firefly AI, Adobe After Effect, and Adobe Illustrator🖌️



✅If you want to bring your unique vision to life with a fully tailored stream package, please check out my custom commission listing here:

✅Custom Animated Twitch Stream Overlay Full Pack Bundle | OBS Alerts, Screens, Emotes, Badges

🔗 https://cozyjsstudio.etsy.com/listing/4500763545",25.6,USD,6,"cozy_stream_overlay,twitch_overlay_cozy,twitch_overlay,vtuber_room,animated_overlay,stream_overlay,animated_twitch_pack,animated_screens,room_glow_Neon,Room_Overlay,Neon_twitch_overlay,vtuber_overlay,Neon_Overlay_Room",,https://i.etsystatic.com/61635066/r/il/530e06/8066184471/il_fullxfull.8066184471_7k0e.jpg,https://i.etsystatic.com/61635066/r/il/680c83/8018035578/il_fullxfull.8018035578_d0t5.jpg,https://i.etsystatic.com/61635066/r/il/83623d/8065942559/il_fullxfull.8065942559_6ckq.jpg,https://i.etsystatic.com/61635066/r/il/524e71/8018030602/il_fullxfull.8018030602_euog.jpg,https://i.etsystatic.com/61635066/r/il/693be1/8065944267/il_fullxfull.8065944267_st6l.jpg,https://i.etsystatic.com/61635066/r/il/36f63c/8018023030/il_fullxfull.8018023030_tkdk.jpg,https://i.etsystatic.com/61635066/r/il/e36b64/8018219824/il_fullxfull.8018219824_5e3k.jpg,https://i.etsystatic.com/61635066/r/il/3e1c9b/8018274176/il_fullxfull.8018274176_1q2l.jpg,https://i.etsystatic.com/61635066/r/il/f276a7/8018267308/il_fullxfull.8018267308_17dn.jpg,https://i.etsystatic.com/61635066/r/il/487e0a/8065939271/il_fullxfull.8065939271_peqf.jpg,,,,,,,,,,
"Spooky Animated Halloween Dragon Room Twitch Full Stream Pack | YouTube | Kick | Gothic Overlays","Animated Halloween Dragon Room Twitch Full Stream Pack | YouTube | Kick | Gothic Overlays
Stream Overlay, Animated Overlay, Twitch Overlay, Halloween overlay, 

Dragon Spirit  Stream Overlays:
INSTANT DIGITAL DOWNLOAD
This is a digital product, nothing physical will be shipped.

• What will you get?
When you purchase this product, you’ll get a .PDF file containing a direct link to a Google Drive folder with the complete package.

Package Includes:
Dragon Spirit  Screens:
4 Static & 3 Animation Version Screens:
✅ Starting Soon (animated+static) 
✅ Be Right Back (animated+static) 
✅ Stream Ending (animated+static) 
✅ Offline Screen (static) (.PNG format)

Dragon Spirit  Overlays/Intermission:
✅ 4 Animated Just Chatting / Intermission Screens: 16:9 (1080x1920) (animated+static) Webm/PNG

Dragon Spirit  Facecam :
✅ 2 Animated Facecam Overlay (animated+static)  Webm/PNG

Dragon Spirit Panels :
✅ 30 Panels (.PNG format)

Dragon Spirit Emotes:
✅ 6 Emotes (.PNG format)

Ghost Sub Badges:
✅ 6 Sub Badges (.PNG format)

Dragon Spirit Alerts:
✅ 6 Animated Alerts (WEBM format) (animated+static) Webm/PNG

Dragon Spirit Stream Labels:
✅ 4 Animated Stream Labels (animated+static) Webm/PNG

Wallpapers/Background :
✅ 2 Wallpapers (1 Animated, 1 Static) (animated+static) Webm/PNG

Dragon Spirit  Stinger Transition:
✅ Animated Stinger Transition (.WEBM transparent)

Dragon Spirit  Social Media Kit (BANNERS)
✅ Social Media Kit (Twitch, Twitter, Kick, YouTube Headers) (PNG format)

Tutorial :
✅ PDF Tutorial (How to install your overlays)


Feel free to ask me to add something to this package if something is missing here for your stream.
I can also add a translation, if you need, write to me. (Latin characters only)
Color and font changes are not accepted.

• Please Note: This item is licensed for personal use only. Commercial use, resale, or distribution to third parties or other platforms is strictly prohibited.

If you have any questions or encounter any issues with this product, please feel free to contact me anytime.

Dragon Spirit  Animated twitch overlay By:
CozyJsStudio => https://cozyjsstudio.etsy.com

🖌️Tools Used: Adobe Photoshop, Adobe Firefly AI, Adobe After Effect, and Adobe Illustrator🖌️



✅If you want to bring your unique vision to life with a fully tailored stream package, please check out my custom commission listing here:

✅Custom Animated Twitch Stream Overlay Full Pack Bundle | OBS Alerts, Screens, Emotes, Badges

🔗 https://cozyjsstudio.etsy.com/listing/4500763545",24.6,USD,6,"Stream_Overlay_cat,Stream_Overlay,Twitch_Overlay,gothic_Overlay,Spooky_Overlay,Halloween_Twitch,spooky_stream_pack,Gothic_Dragon_Overla,custom_overlay,Dragon_Spirit_Twitch,Spooky_Twitch_Dragon,Ghost_Overlay,pumpkin_Halloween",,https://i.etsystatic.com/61635066/r/il/b086c0/8382350853/il_fullxfull.8382350853_5xi1.jpg,https://i.etsystatic.com/61635066/r/il/acc4c3/8382359541/il_fullxfull.8382359541_fbm5.jpg,https://i.etsystatic.com/61635066/r/il/9d8843/8382326683/il_fullxfull.8382326683_2ng4.jpg,https://i.etsystatic.com/61635066/r/il/d22dd2/8334454502/il_fullxfull.8334454502_gylm.jpg,https://i.etsystatic.com/61635066/r/il/636fcf/8334443214/il_fullxfull.8334443214_4knc.jpg,https://i.etsystatic.com/61635066/r/il/c832cc/8334461646/il_fullxfull.8334461646_rsjf.jpg,https://i.etsystatic.com/61635066/r/il/2c2f3b/8334440800/il_fullxfull.8334440800_9r6y.jpg,https://i.etsystatic.com/61635066/r/il/001b9e/8382339961/il_fullxfull.8382339961_j86s.jpg,https://i.etsystatic.com/61635066/r/il/920603/8382325511/il_fullxfull.8382325511_21u6.jpg,https://i.etsystatic.com/61635066/r/il/9fbe72/8334476950/il_fullxfull.8334476950_8n5f.jpg,,,,,,,,,,
"Dragon Magical Animated Stream Package | Twitch Overlay | YouTube | Kick | Japan Dragon Overlays","Magical dragon twitch overlay | dragon twitch overlay | stream overlay pack | anime dragon overlay | vtuber overlay | japan dragon overlay | Sakura japan overlay | lofi twitch screens | starting soon screen | be right back screen | stream alerts overlay | twitch panels overlay | cute dragon stream graphics

Stream Overlay :
INSTANT DIGITAL DOWNLOAD
This is a digital product, nothing physical will be shipped .

• What you will get?
When you purchase this product, you’ll get a .PDF file containing a direct link to a Google Drive folder with the complete package.

Package Includes :
Screens :
4 Static & 3 Animation Version Screens :
✅ Starting Soon (animated+static)
✅ Be Right Back (animated+static)
✅ Stream Ending (animated+static)
✅ Offline Screen (static) (.PNG format)

Overlays/Intermission :
✅ 2 Animated Just Chatting / Intermission Screens : 16:9 (1080x1920) (animated+static) Webm/PNG

Facecam :
✅ 2 Animated Facecam Overlay (animated+static) Webm/PNG

Panels :
✅ 27 Panels (.PNG format)

Alerts :
✅ 6 Animated Alerts (WEBM format) (animated+static) Webm/PNG

Twitch Emotes :
✅ 5 Twitch Emotes (WEBM format) (static) PNG

Twitch Sub-Badges :
✅ 3 Twitch Sub-Badges (WEBM format) (static) PNG

Stream Labels :
✅ 4 Animated Stream Labels (animated+static) Webm/PNG

Wallpapers/Background :
✅ 2 Wallpapers (1 Animated, 1 Static) (animated+static) Webm/PNG

Stinger Transition :
✅ Animated Stinger Transition (.WEBM transparent)

Social Media Kit (BANNERS)
✅ Social Media Kit (Twitch, Twitter, Kick, YouTube Headers) (PNG format)

Tutorial :
✅ PDF Tutorial (How to install your overlays)

Feel free to ask me to add something to this package if something is missing here for your stream.
Color and font changes are not accepted.

• Please Note: This item is licensed for personal use only. Commercial use, resale, or distribution to third parties or other platforms is strictly prohibited.

If you have any questions or encounter any issues with this product, please feel free to contact me anytime.

Animated twitch overlay By :
CozyJsStudio => https://cozyjsstudio.etsy.com

🖌️Tools Used: Adobe Photoshop, Adobe Firefly AI, Adobe After Effect, and Adobe Illustrator🖌️



✅If you want to bring your unique vision to life with a fully tailored stream package, please check out my custom commission listing here:

✅Custom Animated Twitch Stream Overlay Full Pack Bundle | OBS Alerts, Screens, Emotes, Badges

🔗 https://cozyjsstudio.etsy.com/listing/4500763545",24.6,USD,5,"twitch_overlay,stream_overlay,twitch_overlay_anime,stream_overlays,twitch_package,vtuber_overlay,anime_overlay,dragon_overlay,Dragon_Overlays,cute_dragon,japan_overlay,lofi_overlay,Dragon_Twitch_Cute",,https://i.etsystatic.com/61635066/r/il/cbf675/7777007240/il_fullxfull.7777007240_i5rk.jpg,https://i.etsystatic.com/61635066/r/il/4f1937/7824933001/il_fullxfull.7824933001_qqg0.jpg,https://i.etsystatic.com/61635066/r/il/7b1254/7824916037/il_fullxfull.7824916037_g0bg.jpg,https://i.etsystatic.com/61635066/r/il/bf1588/7824923197/il_fullxfull.7824923197_d7em.jpg,https://i.etsystatic.com/61635066/r/il/da7c33/7824904343/il_fullxfull.7824904343_q5ea.jpg,https://i.etsystatic.com/61635066/r/il/da32bc/7776978010/il_fullxfull.7776978010_cmyo.jpg,https://i.etsystatic.com/61635066/r/il/20ed8b/7824914437/il_fullxfull.7824914437_dpsw.jpg,https://i.etsystatic.com/61635066/r/il/8893fc/7776992330/il_fullxfull.7776992330_ncjt.jpg,https://i.etsystatic.com/61635066/r/il/ae235b/7776987460/il_fullxfull.7776987460_1o80.jpg,https://i.etsystatic.com/61635066/r/il/fde97e/7824932637/il_fullxfull.7824932637_o0pk.jpg,,,,,,,,,,
"Sakura Moon Animated Stream Pack | Twitch Overlay | YouTube, Kick | Purple Overlays","Sakura Delight animated twitch overlay stream pack | stream overlay and stream overlays | twitch overlay anime style | Vtuber overlay and anime overlay | Sakura overlay with moon Sakura overlays | japan overlay aesthetic | lofi overlay theme | twitch package for streaming | streaming graphics | YouTube and Kick overlay | dark calm color aesthetic stream screens

Stream Overlay :
INSTANT DIGITAL DOWNLOAD
This is a digital product, nothing physical will be shipped .

• What you will get?
When you purchase this product, you’ll get a .PDF file containing a direct link to a Google Drive folder with the complete package.

Package Includes :
Screens :
4 Static & 3 Animation Version Screens :
✅ Starting Soon (animated+static)
✅ Be Right Back (animated+static)
✅ Stream Ending (animated+static)
✅ Offline Screen (static) (.PNG format)

Overlays/Intermission :
✅ 2 Animated Just Chatting / Intermission Screens : 16:9 (1080x1920) (animated+static) Webm/PNG

Facecam :
✅ 2 Animated Facecam Overlay (animated+static) Webm/PNG

Panels :
✅ 27 Panels (.PNG format)

Alerts :
✅ 6 Animated Alerts (WEBM format) (animated+static) Webm/PNG

Twitch Emotes :
✅ 5 Twitch Emotes (WEBM format) (static) PNG

Twitch Sub-Badges :
✅ 3 Twitch Sub-Badges (WEBM format) (static) PNG

Stream Labels :
✅ 4 Animated Stream Labels (animated+static) Webm/PNG

Wallpapers/Background :
✅ 2 Wallpapers (1 Animated, 1 Static) (animated+static) Webm/PNG

Stinger Transition :
✅ Animated Stinger Transition (.WEBM transparent)

Social Media Kit (BANNERS)
✅ Social Media Kit (Twitch, Twitter, Kick, YouTube Headers) (PNG format)

Tutorial :
✅ PDF Tutorial (How to install your overlays)

Feel free to ask me to add something to this package if something is missing here for your stream.
Color and font changes are not accepted.

• Please Note: This item is licensed for personal use only. Commercial use, resale, or distribution to third parties or other platforms is strictly prohibited.

If you have any questions or encounter any issues with this product, please feel free to contact me anytime.

Animated twitch overlay By :
CozyJsStudio => https://cozyjsstudio.etsy.com

🖌️Tools Used: Adobe Photoshop, Adobe Firefly AI, Adobe After Effect, and Adobe Illustrator🖌️



✅If you want to bring your unique vision to life with a fully tailored stream package, please check out my custom commission listing here:

✅Custom Animated Twitch Stream Overlay Full Pack Bundle | OBS Alerts, Screens, Emotes, Badges

🔗 https://cozyjsstudio.etsy.com/listing/4500763545",18.6,USD,4,"twitch_overlay,stream_overlay,twitch_overlay_anime,stream_overlays,twitch_package,vtuber_overlay,anime_overlay,Sakura_overlay,Moon_sakura_Overlays,streaming_graphics,japan_overlay,lofi_overlay,Sakura_Delight",,https://i.etsystatic.com/61635066/r/il/1c3532/7822069169/il_fullxfull.7822069169_16ra.jpg,https://i.etsystatic.com/61635066/r/il/e9be82/7822021395/il_fullxfull.7822021395_h0jg.jpg,https://i.etsystatic.com/61635066/r/il/020f7f/7774085172/il_fullxfull.7774085172_8k0e.jpg,https://i.etsystatic.com/61635066/r/il/cbf96d/7822059577/il_fullxfull.7822059577_mnv7.jpg,https://i.etsystatic.com/61635066/r/il/50cf03/7822016075/il_fullxfull.7822016075_fnr1.jpg,https://i.etsystatic.com/61635066/r/il/ab3ecb/7822020761/il_fullxfull.7822020761_jhhk.jpg,https://i.etsystatic.com/61635066/r/il/72fd3c/7822021637/il_fullxfull.7822021637_b9tx.jpg,https://i.etsystatic.com/61635066/r/il/58a635/7774086716/il_fullxfull.7774086716_1b1s.jpg,https://i.etsystatic.com/61635066/r/il/528a98/7774086734/il_fullxfull.7774086734_gydk.jpg,https://i.etsystatic.com/61635066/r/il/835e54/7822064961/il_fullxfull.7822064961_jg2p.jpg,,,,,,,,,,
"Red Gold Christmas Animated TikTok Stream Overlay Package (Digital Download)","Christmas Animated TikTok Stream Overlay Package TIKTOK Streaming Overlay Package | Tiktok Live Animated Overlays | TikTok Stream Overlay | Webcam Overlays | Alerts | Tiktok Live Streaming | Christmas Tiktok Overlay

INSTANT DIGITAL DOWNLOAD
This is a digital product, nothing physical will be shipped.

What you will get?
When you purchase this product, you’ll get a PDF file containing a direct link to a Google Drive folder with the complete package.

Package Includes :

X10 ANIMATED STREAM OVERLAYS :
STREAM OVERLAYS (animated) 9:16, 1080x1920: Webm/PNG

X3 ANIMATED SCREENS + STATIC OFFLINE :
STARTING (animated + static) 
PAUSE (animated + static) 
ENDING (animated + static) 
OFFLINE ( static) 

X4 ANIMATED AND STATIC ALERTS :
New subscriber (animated + static) Webm/Png
New follower (animated + static) Webm/Png
New gift  (animated + static) Webm/Png
New Donation (animated + static) Webm/Png

X4 ANIMATED AND STATIC FACECAM :
FACECAM (animated + static) Webm/Png

1x Stinger Transition ANIMATED (Webm)

𝐃𝐞𝐭𝐚𝐢𝐥 𝐅𝐢𝐧𝐚𝐥 𝐏𝐫𝐨𝐝𝐮𝐜𝐭
Video Resolution: 1080x1920
Frame Rate: 60fps
Format: Webm + PNG + MP4
Language : English ONLY English ( If you need Different Language, please contact me )
Audio/Music/Sound : Not Included
Animated Looping : Included
File Type : Instant digital download


• Please Note: This item is licensed for personal use only. Commercial use, resale, or distribution to third parties or other platforms is strictly prohibited.

If you have any questions or encounter any issues with this product, please feel free to contact me anytime.



CozyJsStudio

🖌️Tools Used: Adobe Photoshop, Adobe Firefly AI, Adobe After Effect, and Adobe Illustrator🖌️



✅If you want to bring your unique vision to life with a fully tailored stream package, please check out my custom commission listing here:

✅Custom Animated Twitch Stream Overlay Full Pack Bundle | OBS Alerts, Screens, Emotes, Badges

🔗 https://cozyjsstudio.etsy.com/listing/4500763545",18.6,USD,3,"Christmas_Overlay,New_Year_overlay,tiktok_Stream_Pack,Snow_overlay,Christmas_tiktok,Vertical_Overlay,tiktok_overlay,Tiktok_Stream,Tiktok_Stream_Black,Tiktok_Stream_Kit,Vertical_Overlays,Tiktok_Streaming,Stream_Overlay",,https://i.etsystatic.com/61635066/r/il/992bae/7456723550/il_fullxfull.7456723550_cvjr.jpg,https://i.etsystatic.com/61635066/r/il/ddc412/7456723486/il_fullxfull.7456723486_mcg1.jpg,https://i.etsystatic.com/61635066/r/il/fbf1df/7456722578/il_fullxfull.7456722578_kqwy.jpg,https://i.etsystatic.com/61635066/r/il/8bcad2/7456722196/il_fullxfull.7456722196_1g0j.jpg,https://i.etsystatic.com/61635066/r/il/640792/7456722104/il_fullxfull.7456722104_q7kd.jpg,https://i.etsystatic.com/61635066/r/il/283f1a/7504649781/il_fullxfull.7504649781_mn1i.jpg,https://i.etsystatic.com/61635066/r/il/842907/7504658751/il_fullxfull.7504658751_2rj4.jpg,https://i.etsystatic.com/61635066/r/il/af9b07/7504658583/il_fullxfull.7504658583_515l.jpg,https://i.etsystatic.com/61635066/r/il/1e8c2c/7456721720/il_fullxfull.7456721720_ptd9.jpg,,,,,,,,,,,
"Cozy Garden Animated Overlay Bundle | Twitch Overlay | YouTube | Kick | lo-fi Flowers Overlays","Cozy Garden Overlay Animated Stream Package
Stream Overlay, Animated Overlay, Twitch Overlay, lo-fi Forest overlay, 

Cozy Garden Stream Overlays:
INSTANT DIGITAL DOWNLOAD
This is a digital product, nothing physical will be shipped.

• What will you get?
When you purchase this product, you’ll get a .PDF file containing a direct link to a Google Drive folder with the complete package.

Package Includes:
Cozy  Garden Screens:
4 Static & 3 Animation Version Screens:
✅ Starting Soon (animated+static) 
✅ Be Right Back (animated+static) 
✅ Stream Ending (animated+static) 
✅ Offline Screen (static) (.PNG format)

Cozy Garden Overlays/Intermission:
✅ 4 Animated Just Chatting / Intermission Screens: 16:9 (1080x1920) (animated+static) Webm/PNG

Cozy Garden Facecam :
✅ 2 Animated Facecam Overlay (animated+static)  Webm/PNG

Cozy Garden Panels:
✅ 30 Panels (.PNG format)

Cozy Garden Alerts:
✅ 6 Animated Alerts (WEBM format) (animated+static) Webm/PNG

Cozy Garden Stream Labels:
✅ 4 Stream Labels static PNG

Wallpapers/Background:
✅ 2 Wallpapers (1 Animated, 1 Static) (animated+static) Webm/PNG

Cozy Garden Stinger Transition:
✅ Animated Stinger Transition (.WEBM transparent)

Cozy Garden Social Media Kit (BANNERS)
✅ social media Kit (Twitch, Twitter, Kick, YouTube Headers) (PNG format)

Cozy Garden Sub Badges :
✅ +200 Sub Badges Bonus (.PNG format)

Tutorial:
✅ PDF Tutorial (How to install your overlays) 


Feel free to ask me to add something to this package if something is missing here for your stream.
I can also add a translation, if you need, write to me. (Latin characters only)
Color and font changes are not accepted.

• Please Note: This item is licensed for personal use only. Commercial use, resale, or distribution to third parties or other platforms is strictly prohibited.

If you have any questions or encounter any issues with this product, please feel free to contact me anytime.

Animated twitch overlay By :
CozyJsStudio => https://cozyjsstudio.etsy.com

🖌️Tools Used: Adobe Photoshop, Adobe Firefly AI, Adobe After Effect, and Adobe Illustrator🖌️



✅If you want to bring your unique vision to life with a fully tailored stream package, please check out my custom commission listing here:

✅Custom Animated Twitch Stream Overlay Full Pack Bundle | OBS Alerts, Screens, Emotes, Badges

🔗 https://cozyjsstudio.etsy.com/listing/4500763545",25.6,USD,4,"cozy_stream_overlay,twitch_overlay_cozy,twitch_overlay,vtuber_room,animated_overlay,stream_overlay,animated_twitch_pack,animated_screens,forest_glow_mystic,calm_fantasy,calm_twitch_overlay,vtuber_overlay,cottagecore_Overlay",,https://i.etsystatic.com/61635066/r/il/fe88d6/8256317065/il_fullxfull.8256317065_ckqp.jpg,https://i.etsystatic.com/61635066/r/il/02e3f6/8256319427/il_fullxfull.8256319427_8dwh.jpg,https://i.etsystatic.com/61635066/r/il/35bb78/8208372664/il_fullxfull.8208372664_dbdv.jpg,https://i.etsystatic.com/61635066/r/il/09ffb5/8256293689/il_fullxfull.8256293689_nr4d.jpg,https://i.etsystatic.com/61635066/r/il/fe9965/8208383394/il_fullxfull.8208383394_8426.jpg,https://i.etsystatic.com/61635066/r/il/421fe5/8208392524/il_fullxfull.8208392524_mpcd.jpg,https://i.etsystatic.com/61635066/r/il/66f8e4/8256319659/il_fullxfull.8256319659_l932.jpg,https://i.etsystatic.com/61635066/r/il/bb31ba/8208374576/il_fullxfull.8208374576_8eny.jpg,https://i.etsystatic.com/61635066/r/il/501567/8208386870/il_fullxfull.8208386870_skst.jpg,https://i.etsystatic.com/61635066/r/il/f0761a/8256298853/il_fullxfull.8256298853_9hlt.jpg,,,,,,,,,,
"Otter Twitch Sub Badges | Kawaii Lofi Channel Icons (Digital Download)","River Shell Jars Twitch Badges | Cute Otter Sub Bits & Channel Point Icons | Twitch Discord Bundle All Sizes
Give your subs something to fall in love with six Cute Otter curled up inside glowing glass jars.
Perfect for cozy, kawaii, and lofi-style Twitch channels looking for a soft, magical badge set your community will actually want to level up for.

INSTANT DIGITAL DOWNLOAD
This is a digital product nothing physical will be shipped.
What will you get?
When you purchase this product, you'll get a .PDF file containing a direct link to a Google Drive folder with the complete package.

Package Includes Cute Otter Sub Badges:
✅ x6 Sub Badges Cute Otter
✅ All sizes included For Sub Badges (18x18, 36x36, 72x72 px)
✅ All sizes included For Emotes: 28x28, 56x56, 112x112 px 
✅+ Bonus 200x200 px
✅ .PNG format, transparent background
✅ Ready to upload directly to Twitch subscriber badge tiers
Compatible with: Twitch (subscriber badges), and easily adaptable for Kick, YouTube Membership badges, or Discord roles on request.


Please Note: This item is licensed for personal use only. Commercial use, resale, or distribution to third parties or other platforms is strictly prohibited.
If you have any questions or run into issues with your files, feel free to contact me anytime.

Animated Twitch Overlay & Assets By: CozyJsStudio → https://cozyjsstudio.etsy.com
🖌️ Tools Used: Adobe Photoshop, Adobe Firefly AI🖌️

✅ Want a fully matching overlay package (Starting Soon, alerts, panels, emotes) to go with these badges? Check out my custom commission listing:
🔗https://cozyjsstudio.etsy.com/listing/4500763545",6.49,USD,16,"river_shell_jars,otter_badges,otter_twitch,twitch_badges,sub_badges,bit_badges,channel_points,discord_icons,cute_badges,stream_badges,kawaii_badges,badge_bundle,twitch_reward",,https://i.etsystatic.com/61635066/r/il/18a47c/8248447882/il_fullxfull.8248447882_m1ur.jpg,https://i.etsystatic.com/61635066/r/il/2dfd55/8296363159/il_fullxfull.8296363159_s9sc.jpg,https://i.etsystatic.com/61635066/r/il/d4b077/8248447218/il_fullxfull.8248447218_b6ri.jpg,https://i.etsystatic.com/61635066/r/il/ed612c/8248444858/il_fullxfull.8248444858_486m.jpg,https://i.etsystatic.com/61635066/r/il/cfe671/8248443844/il_fullxfull.8248443844_2qoh.jpg,https://i.etsystatic.com/61635066/r/il/93dd75/8296358903/il_fullxfull.8296358903_oyoe.jpg,,,,,,,,,,,,,,
"Otter Under Sea Room Animated Stream Package | Otters Twitch Overlay | YouTube | kick overlays","Otter Under Sea Room Magic Animated Stream Package | Lofi Twitch Overlay | YouTube | Kick | Otters Overlays | Nature Night Theme | Otters Animated Stream Package | Lofi Twitch Overlay | Magic Under Sea Room  Night Theme | Panels Alerts Screens for Twitch YouTube Kick Otter twitch overlay | cozy twitch overlay | Lofi twitch overlay | animated twitch overlay | twitch panels overlay | twitch alerts overlay | cozy Otter twitch pack | animated twitch pack | magical Under Sea Room 

Otter Under Sea Room Magic Stream Overlay :
INSTANT DIGITAL DOWNLOAD
This is a digital product, nothing physical will be shipped .

• What you will get?
When you purchase this product, you’ll get a .PDF file containing a direct link to a Google Drive folder with the complete package.

Package Includes :
Otter Under Sea Room  Magic Screens :
4 Static & 3 Animation Version Screens :
✅ Starting Soon (animated+static)
✅ Be Right Back (animated+static)
✅ Stream Ending (animated+static)
✅ Offline Screen (static) (.PNG format)

Otter Under Sea Room  Magic Overlays/Intermission :
✅ 4 Animated Just Chatting / Intermission Screens : 16:9 (1080x1920) (animated+static) Webm/PNG

Otter Under Sea Room  Magic Facecam :
✅ 2 Animated Facecam Overlay (animated+static) Webm/PNG

Otter Under Sea Room  Magic Panels :
✅ 28 Panels (.PNG format)

Otter Under Sea Room  Magic Alerts :
✅ 6 Animated Alerts (WEBM format) (animated+static) Webm/PNG

Otter Under Sea Room  Magic Twitch Emotes :
✅ 5 Twitch Emotes (WEBM format) (static) PNG

Otter Under Sea Room  Magic Twitch Sub Badges :
✅ 3 Twitch Sub Badges (WEBM format) (static) PNG

Otter Under Sea Room  Magic Stream Labels :
✅ 4 Animated Stream Labels (animated+static) Webm/PNG

Otter Under Sea Room  Magic Wallpapers/Background :
✅ 2 Wallpapers (1 Animated, 1 Static) (animated+static) Webm/PNG

Otter Under Sea Room  Magic Stinger Transition :
✅ Animated Stinger Transition (.WEBM transparent)

Otter Under Sea Room  Magic Social Media Kit (BANNERS)
✅ Social Media Kit (Twitch, Twitter, Kick, YouTube Headers) (PNG format)

Tutorial :
✅ PDF Tutorial (How to install your overlays)

Feel free to ask me to add something to this package if something is missing here for your stream.
Color and font changes are not accepted.

• Please Note: This item is licensed for personal use only. Commercial use, resale, or distribution to third parties or other platforms is strictly prohibited.

If you have any questions or encounter any issues with this product, please feel free to contact me anytime.

Animated twitch overlay By :
CozyJsStudio => https://cozyjsstudio.etsy.com

🖌️Tools Used: Adobe Photoshop, Adobe Firefly AI, Adobe After Effect, and Adobe Illustrator🖌️



✅If you want to bring your unique vision to life with a fully tailored stream package, please check out my custom commission listing here:

✅Custom Animated Twitch Stream Overlay Full Pack Bundle | OBS Alerts, Screens, Emotes, Badges

🔗 https://cozyjsstudio.etsy.com/listing/4500763545",25.6,USD,6,"twitch_overlay,twitch_overlays,twitch_overlay_anime,stream_overlays,stream_overlay,Under_Sea_twitch,Sakura_overlay,Otters_Overlay,Otter_Overlay,Otter_Twitch,Otters_Overlays,Otters_Twitch,Twitch_Sea_Room",,https://i.etsystatic.com/61635066/r/il/2f445e/7890891492/il_fullxfull.7890891492_hb89.jpg,https://i.etsystatic.com/61635066/r/il/45b9a5/7938875365/il_fullxfull.7938875365_s4tr.jpg,https://i.etsystatic.com/61635066/r/il/5c608a/7890934344/il_fullxfull.7890934344_3tn9.jpg,https://i.etsystatic.com/61635066/r/il/ff3d91/7938881797/il_fullxfull.7938881797_k33x.jpg,https://i.etsystatic.com/61635066/r/il/4fa4c7/7938889381/il_fullxfull.7938889381_a77m.jpg,https://i.etsystatic.com/61635066/r/il/838a8d/7890909148/il_fullxfull.7890909148_j1p2.jpg,https://i.etsystatic.com/61635066/r/il/9a7a51/7890932416/il_fullxfull.7890932416_znpc.jpg,https://i.etsystatic.com/61635066/r/il/336c58/7890912664/il_fullxfull.7890912664_1176.jpg,https://i.etsystatic.com/61635066/r/il/944158/7890935496/il_fullxfull.7890935496_7ta6.jpg,https://i.etsystatic.com/61635066/r/il/2e4256/7890928292/il_fullxfull.7890928292_ppuf.jpg,,,,,,,,,,
"Purple Clouds Animated Stream Package: Twitch Overlay, Kick, Facecam, Panels, Alerts, Stream Overlays","Purple Cozy Clouds Animated Stream Overlay
Stream Overlay :

Stream Overlay :
INSTANT DIGITAL DOWNLOAD
This is a digital product, nothing physical will be shipped .

This animated stream overlay pack is designed for Twitch, YouTube, and Kick. The cloud theme features a cute aesthetic with animated and static elements for a complete stream setup.

What you receive ?
After purchase, you will receive a PDF file with a direct link to a Google Drive folder containing the full package.

Package Includes :
Screens :
4 Static & 3 Animation Version Screens :
✅ Starting Soon (animated+static)
✅ Be Right Back (animated+static)
✅ Stream Ending (animated+static)
✅ Offline Screen (static) (.PNG format)

Overlays/Intermission :
✅ 2 Animated Just Chatting / Intermission Screens : 16:9 (1080x1920) (animated+static) Webm/PNG

Facecam :
✅ 3 Animated Facecam Overlay (animated+static) Webm/PNG

Panels :
✅ 27 Panels (.PNG format)

Alerts :
✅ 6 Animated Alerts (WEBM format) (animated+static) Webm/PNG

Stream Labels :
✅ 4 Animated Stream Labels (animated+static) Webm/PNG

Wallpapers/Background :
✅ 2 Wallpapers (1 Animated, 1 Static) (animated+static) Webm/PNG

Social Media Kit (BANNERS)
✅ Social Media Kit (Twitch, Twitter, Kick, YouTube Headers) (PNG format)

Tutorial :
✅ PDF Tutorial (How to install your overlays)

Feel free to ask me to add something to this package if something is missing here for your stream.
Color and font changes are not accepted.

• Please Note: This item is licensed for personal use only. Commercial use, resale, or distribution to third parties or other platforms is strictly prohibited.

If you have any questions or encounter any issues with this product, please feel free to contact me anytime.

Animated twitch overlay By :
CozyJsStudio => https://cozyjsstudio.etsy.com

🖌️Tools Used: Adobe Photoshop, Adobe Firefly AI, Adobe After Effect, and Adobe Illustrator🖌️



✅If you want to bring your unique vision to life with a fully tailored stream package, please check out my custom commission listing here:

✅Custom Animated Twitch Stream Overlay Full Pack Bundle | OBS Alerts, Screens, Emotes, Badges

🔗 https://cozyjsstudio.etsy.com/listing/4500763545",25.6,USD,6,"stream_package,twitch_package,stream_overlay,purple_color,twitch_overlay,animated_stream,cloud_design,galaxy,stream_graphics,purple_overlay,stream_set,streamlabs,cute",,https://i.etsystatic.com/61635066/r/il/3d629f/7555346215/il_fullxfull.7555346215_rnng.jpg,https://i.etsystatic.com/61635066/r/il/5066db/7507404694/il_fullxfull.7507404694_fs25.jpg,https://i.etsystatic.com/61635066/r/il/93672f/7555346237/il_fullxfull.7555346237_nx8d.jpg,https://i.etsystatic.com/61635066/r/il/8390a1/7507404482/il_fullxfull.7507404482_9o2x.jpg,https://i.etsystatic.com/61635066/r/il/c25236/7555346049/il_fullxfull.7555346049_pv5e.jpg,https://i.etsystatic.com/61635066/r/il/ed529e/7507404390/il_fullxfull.7507404390_p4n5.jpg,https://i.etsystatic.com/61635066/r/il/e328dd/7555345981/il_fullxfull.7555345981_i8ro.jpg,https://i.etsystatic.com/61635066/r/il/364491/7507409304/il_fullxfull.7507409304_3wnq.jpg,https://i.etsystatic.com/61635066/r/il/cb9593/7782894729/il_fullxfull.7782894729_crzz.jpg,,,,,,,,,,,
"Purple Clouds Twitch Screens | Overlay Pack | Clouds Overlays","Purple Clouds Twitch Overlay
Stream Overlay, Animated Overlay, Purple Clouds screens , Starting Soon, Be Right Back, Stream Ending, Stream Offline, Stream Overlay Purple Clouds Room Twitch
------------------------------------

For Full Premium Pack => Purple Clouds Animated Stream Package I Twitch Overlay | Twitch Overlay | Animated Overlay | Stream Overlay Purple Clouds Twitch : https://cozyjsstudio.etsy.com/listing/4424184954
------------------------------------
Stream Screen, Twitch Overlays :
INSTANT DIGITAL DOWNLOAD
This is a digital product, nothing physical will be shipped .

• What you will get?
When you purchase this product, you’ll get a .PDF file containing a direct link to a Google Drive folder with the complete package.

=>What You’ll Receive:
Package Includes :
Screens :
3 Animation Version Screens & 4 Static :
✅ Starting Soon (animated+static)
✅ Be Right Back (animated+static)
✅ Stream Ending (animated+static)
✅ Stream Offline (static) (.PNG format) X2


Feel free to ask me to add something to this package if something is missing here for your stream.
Color and font changes are not accepted.

• Please Note: This item is licensed for personal use only. Commercial use, resale, or distribution to third parties or other platforms is strictly prohibited.

If you have any questions or encounter any issues with this product, please feel free to contact me anytime.

Twitch Screens By :
COZYJSSTUDIO => https://cozyjsstudio.etsy.com

🖌️Tools Used: Adobe Photoshop, Adobe Firefly AI, Adobe After Effect, and Adobe Illustrator🖌️



✅If you want to bring your unique vision to life with a fully tailored stream package, please check out my custom commission listing here:

✅Custom Animated Twitch Stream Overlay Full Pack Bundle | OBS Alerts, Screens, Emotes, Badges

🔗 https://cozyjsstudio.etsy.com/listing/4500763545",13.6,USD,2,"stream_package,twitch_package,stream_overlay,purple_color,twitch_overlay,animated_stream,cloud_design,galaxy,stream_graphics,purple_overlay,stream_set,streamlabs,cute",,https://i.etsystatic.com/61635066/r/il/cc09b6/7608687525/il_fullxfull.7608687525_cc2f.jpg,https://i.etsystatic.com/61635066/r/il/bcc07a/7560746002/il_fullxfull.7560746002_hule.jpg,https://i.etsystatic.com/61635066/r/il/249d58/7608687093/il_fullxfull.7608687093_qoq7.jpg,https://i.etsystatic.com/61635066/r/il/1c429d/7560745708/il_fullxfull.7560745708_g5uz.jpg,https://i.etsystatic.com/61635066/r/il/d28d38/7560745890/il_fullxfull.7560745890_nz48.jpg,https://i.etsystatic.com/61635066/r/il/bf5ad1/7560745546/il_fullxfull.7560745546_afv7.jpg,https://i.etsystatic.com/61635066/r/il/80d03e/7560744292/il_fullxfull.7560744292_o9bq.jpg,,,,,,,,,,,,,
"Capybara Forest Animated Stream Package : Twitch Overlay, YouTube, Kick | Frog Overlays","Capybara & Frog Animated Stream Package | Stream Overlay, Animated Overlay, Twitch Overlay,  Capybara & Frog overlays, Capybara twitch overlay | capybara stream overlay | frog twitch overlay | stream overlay frog | vtuber overlay pack | cozy lofi overlay .

Stream Overlay :
INSTANT DIGITAL DOWNLOAD
This is a digital product, nothing physical will be shipped .

• What you will get?
When you purchase this product, you’ll get a .PDF file containing a direct link to a Google Drive folder with the complete package.

Package Includes :
 Capybara & Frog Screens :
4 Static & 3 Animation Version Screens :
✅ Starting Soon (animated+static)
✅ Be Right Back (animated+static)
✅ Stream Ending (animated+static)
✅ Offline Screen (static) (.PNG format)

 Capybara & Frog Overlays/Intermission :
✅ 2 Animated Just Chatting / Intermission Screens : 16:9 (1080x1920) (animated+static) Webm/PNG

 Capybara & Frog Facecam :
✅ 2 Animated Facecam Overlay (animated+static) Webm/PNG

 Capybara & Frog Panels :
✅ 27 Panels (.PNG format)

 Capybara & Frog Alerts :
✅ 6 Animated Alerts (WEBM format) (animated+static) Webm/PNG

 Capybara & Frog Twitch Emotes : 
✅ 5 Twitch Emotes (WEBM format) (static) PNG

 Capybara & Frog Twitch Sub Badges :
✅ 3 Twitch Sub Badges (WEBM format) (static) PNG

 Capybara & Frog Stream Labels :
✅ 4 Animated Stream Labels (animated+static) Webm/PNG

 Capybara & Frog Wallpapers/Background :
✅ 2 Wallpapers (1 Animated, 1 Static) (animated+static) Webm/PNG

Stinger Transition :
✅ Animated Stinger Transition (.WEBM transparent)

 Capybara & Frog Social Media Kit (BANNERS)
✅ Social Media Kit (Twitch, Twitter, Kick, YouTube Headers) (PNG format)

Tutorial :
✅ PDF Tutorial (How to install your overlays)

Feel free to ask me to add something to this package if something is missing here for your stream.
Color and font changes are not accepted.

• Please Note: This item is licensed for personal use only. Commercial use, resale, or distribution to third parties or other platforms is strictly prohibited.

If you have any questions or encounter any issues with this product, please feel free to contact me anytime.

  Capybara & Frog Animated twitch overlay By :
CozyJsStudio => https://cozyjsstudio.etsy.com

🖌️Tools Used: Adobe Photoshop, Adobe Firefly AI, Adobe After Effect, and Adobe Illustrator🖌️



✅If you want to bring your unique vision to life with a fully tailored stream package, please check out my custom commission listing here:

✅Custom Animated Twitch Stream Overlay Full Pack Bundle | OBS Alerts, Screens, Emotes, Badges

🔗 https://cozyjsstudio.etsy.com/listing/4500763545",24.6,USD,3,"Capybara_Twitch_Pack,Capybara_Stream,Twitch_Overlay_frog,Stream_Overlay_frog,Capybara_Overlay,Stream_Overlay,Twitch_Overlay,Twitch_Overlays,Stream_Overlays,Frog_Twitch,Capybara_Twitch,Capybara_Overlays,Frog_Overlay",,https://i.etsystatic.com/61635066/r/il/04cdef/7828034799/il_fullxfull.7828034799_9353.jpg,https://i.etsystatic.com/61635066/r/il/80fe0a/7827996829/il_fullxfull.7827996829_tfw4.jpg,https://i.etsystatic.com/61635066/r/il/4740c2/7827984073/il_fullxfull.7827984073_2tlx.jpg,https://i.etsystatic.com/61635066/r/il/637e0b/7780065372/il_fullxfull.7780065372_5yfd.jpg,https://i.etsystatic.com/61635066/r/il/520454/7827982339/il_fullxfull.7827982339_edgv.jpg,https://i.etsystatic.com/61635066/r/il/c46349/7780103846/il_fullxfull.7780103846_3nsm.jpg,https://i.etsystatic.com/61635066/r/il/6b76fb/7780050550/il_fullxfull.7780050550_rc5k.jpg,https://i.etsystatic.com/61635066/r/il/86e715/7780103084/il_fullxfull.7780103084_g0vf.jpg,https://i.etsystatic.com/61635066/r/il/509d5c/7780049440/il_fullxfull.7780049440_2kl7.jpg,https://i.etsystatic.com/61635066/r/il/602380/7780104028/il_fullxfull.7780104028_qiug.jpg,,,,,,,,,,
"Magical Night Garden Room Animated Overlay | Twitch Overlay | YouTube | Kick | lo-fi Overlays","Magical Night Garden Room Overlay Animated Stream Package
Stream Overlay, Animated Overlay, Twitch Overlay, lo-fi Forest overlay, 

Magical Night Garden Room Stream Overlays:
INSTANT DIGITAL DOWNLOAD
This is a digital product, nothing physical will be shipped.

• What will you get?
When you purchase this product, you’ll get a .PDF file containing a direct link to a Google Drive folder with the complete package.

Package Includes:
Magical Night Garden Room Screens:
4 Static & 3 Animation Version Screens:
✅ Starting Soon (animated+static) 
✅ Be Right Back (animated+static) 
✅ Stream Ending (animated+static) 
✅ Offline Screen (static) (.PNG format)

Magical Night Garden Room Overlays/Intermission:
✅ 4 Animated Just Chatting / Intermission Screens: 16:9 (1080x1920) (animated+static) Webm/PNG

Magical Night Garden Room Facecam :
✅ 2 Animated Facecam Overlay (animated+static)  Webm/PNG

Magical Night Garden Room Panels:
✅ 30 Panels (.PNG format)

Magical Night Garden Room Alerts:
✅ 6 Animated Alerts (WEBM format) (animated+static) Webm/PNG

Magical Night Garden Room Stream Labels:
✅ 4 Animated Stream Labels (animated+static) Webm/PNG

Wallpapers/Background:
✅ 2 Wallpapers (1 Animated, 1 Static) (animated+static) Webm/PNG

Magical Night Garden Room Stinger Transition:
✅ Animated Stinger Transition (.WEBM transparent)

Magical Night Garden Room Social Media Kit (BANNERS)
✅ social media Kit (Twitch, Twitter, Kick, YouTube Headers) (PNG format)

Magical Night Garden Room Sub Badges :
✅ 8 Sub Badges (.PNG format)
✅ +200 Sub Badges Bonus (.PNG format)

Tutorial:
✅ PDF Tutorial (How to install your overlays) 


Feel free to ask me to add something to this package if something is missing here for your stream.
I can also add a translation, if you need, write to me. (Latin characters only)
Color and font changes are not accepted.

• Please Note: This item is licensed for personal use only. Commercial use, resale, or distribution to third parties or other platforms is strictly prohibited.

If you have any questions or encounter any issues with this product, please feel free to contact me anytime.

Animated twitch overlay By :
CozyJsStudio => https://cozyjsstudio.etsy.com

🖌️Tools Used: Adobe Photoshop, Adobe Firefly AI, Adobe After Effect, and Adobe Illustrator🖌️



✅If you want to bring your unique vision to life with a fully tailored stream package, please check out my custom commission listing here:

✅Custom Animated Twitch Stream Overlay Full Pack Bundle | OBS Alerts, Screens, Emotes, Badges

🔗 https://cozyjsstudio.etsy.com/listing/4500763545",24.6,USD,5,"cozy_stream_overlay,twitch_overlay_cozy,twitch_overlay,vtuber_room,Night_Garden_overlay,stream_overlay,animated_twitch_pack,animated_screens,calm_fantasy,calm_twitch_overlay,vtuber_overlay,aesthetic_Overlay,magical_Overlay",,https://i.etsystatic.com/61635066/r/il/5998d0/8033872950/il_fullxfull.8033872950_byom.jpg,https://i.etsystatic.com/61635066/r/il/4d67cc/8081604659/il_fullxfull.8081604659_xrv3.jpg,https://i.etsystatic.com/61635066/r/il/906b2d/8081589471/il_fullxfull.8081589471_on3v.jpg,https://i.etsystatic.com/61635066/r/il/d5ba4a/8081597869/il_fullxfull.8081597869_got0.jpg,https://i.etsystatic.com/61635066/r/il/e9ab83/8033674020/il_fullxfull.8033674020_1n2l.jpg,https://i.etsystatic.com/61635066/r/il/e12986/8033679796/il_fullxfull.8033679796_o5z9.jpg,https://i.etsystatic.com/61635066/r/il/f702a6/8081595815/il_fullxfull.8081595815_qc9x.jpg,https://i.etsystatic.com/61635066/r/il/5bc519/8081603755/il_fullxfull.8081603755_2hqo.jpg,https://i.etsystatic.com/61635066/r/il/bde140/8081609993/il_fullxfull.8081609993_i464.jpg,https://i.etsystatic.com/61635066/r/il/e927d6/8033692052/il_fullxfull.8033692052_1kkk.jpg,,,,,,,,,,
"Swan Forest Magic Animated Stream Package | Bird Twitch Overlay | YouTube | kick overlays","Swan Forest Magic Animated Stream Package | Lofi Twitch Overlay | YouTube | Kick | Swans Overlays | Nature Night Theme | Swans Animated Stream Package | Lofi Twitch Overlay | Magic Forest Night Theme | Panels Alerts Screens for Twitch YouTube Kick Swan twitch overlay | cozy twitch overlay | lofi twitch overlay | animated twitch overlay | twitch panels overlay | twitch alerts overlay | cozy Swan twitch pack | animated twitch pack | magical forest overlay | fantasy glow forest

Swan Forest Magic Stream Overlay :
INSTANT DIGITAL DOWNLOAD
This is a digital product, nothing physical will be shipped .

• What you will get?
When you purchase this product, you’ll get a .PDF file containing a direct link to a Google Drive folder with the complete package.

Package Includes :
Swan Forest Magic Screens :
4 Static & 3 Animation Version Screens :
✅ Starting Soon (animated+static)
✅ Be Right Back (animated+static)
✅ Stream Ending (animated+static)
✅ Offline Screen (static) (.PNG format)

Swan Forest Magic Overlays/Intermission :
✅ 2 Animated Just Chatting / Intermission Screens : 16:9 (1080x1920) (animated+static) Webm/PNG

Swan Forest Magic Facecam :
✅ 2 Animated Facecam Overlay (animated+static) Webm/PNG

Swan Forest Magic Panels :
✅ 27 Panels (.PNG format)

Swan Forest Magic Alerts :
✅ 6 Animated Alerts (WEBM format) (animated+static) Webm/PNG

Swan Forest Magic Twitch Emotes :
✅ 5 Twitch Emotes (WEBM format) (static) PNG

Swan Forest Magic Twitch Sub Badges :
✅ 3 Twitch Sub Badges (WEBM format) (static) PNG

Swan Forest Magic Stream Labels :
✅ 4 Animated Stream Labels (animated+static) Webm/PNG

Swan Forest Magic Wallpapers/Background :
✅ 2 Wallpapers (1 Animated, 1 Static) (animated+static) Webm/PNG

Swan Forest Magic Stinger Transition :
✅ Animated Stinger Transition (.WEBM transparent)

Swan Forest Magic Social Media Kit (BANNERS)
✅ Social Media Kit (Twitch, Twitter, Kick, YouTube Headers) (PNG format)

Tutorial :
✅ PDF Tutorial (How to install your overlays)

Feel free to ask me to add something to this package if something is missing here for your stream.
Color and font changes are not accepted.

• Please Note: This item is licensed for personal use only. Commercial use, resale, or distribution to third parties or other platforms is strictly prohibited.

If you have any questions or encounter any issues with this product, please feel free to contact me anytime.

Animated twitch overlay By :
CozyJsStudio => https://cozyjsstudio.etsy.com

🖌️Tools Used: Adobe Photoshop, Adobe Firefly AI, Adobe After Effect, and Adobe Illustrator🖌️



✅If you want to bring your unique vision to life with a fully tailored stream package, please check out my custom commission listing here:

✅Custom Animated Twitch Stream Overlay Full Pack Bundle | OBS Alerts, Screens, Emotes, Badges

🔗 https://cozyjsstudio.etsy.com/listing/4500763545",24.6,USD,4,"twitch_overlay,twitch_overlays,twitch_overlay_anime,stream_overlays,stream_overlay,Magic_Forest_twitch,Sakura_overlay,Twitch_Forest,Swan_Overlay,Bird_Overlay,Swan_Twitch,Swan_Overlays,Bird_Twitch",,https://i.etsystatic.com/61635066/r/il/70120e/7846513934/il_fullxfull.7846513934_qdq5.jpg,https://i.etsystatic.com/61635066/r/il/ab0fbe/7894466483/il_fullxfull.7894466483_dqy3.jpg,https://i.etsystatic.com/61635066/r/il/f4d6c1/7894487281/il_fullxfull.7894487281_6ji1.jpg,https://i.etsystatic.com/61635066/r/il/1baef3/7846535006/il_fullxfull.7846535006_jk2s.jpg,https://i.etsystatic.com/61635066/r/il/0c88f6/7894494093/il_fullxfull.7894494093_nl3n.jpg,https://i.etsystatic.com/61635066/r/il/f2146c/7894485069/il_fullxfull.7894485069_svlb.jpg,https://i.etsystatic.com/61635066/r/il/466809/7846535008/il_fullxfull.7846535008_8heu.jpg,https://i.etsystatic.com/61635066/r/il/d94340/7894465285/il_fullxfull.7894465285_14ht.jpg,https://i.etsystatic.com/61635066/r/il/c033f5/7846536654/il_fullxfull.7846536654_o8vt.jpg,https://i.etsystatic.com/61635066/r/il/daec59/7846511784/il_fullxfull.7846511784_7y0o.jpg,,,,,,,,,,
"Spooky Frog Raven Animated Stream Package: Twitch Overlay, YouTube, Kick | Crow Night Forest Overlays","Spooky Frog Raven Twitch Forest Magic Animated Stream Package | Lofi Twitch Overlay | YouTube | Kick | Frog and Crow Overlays | Nature Night Theme | Frog & Raven Animated Stream Package | Lofi Twitch Overlay | Magic Forest Night Theme | Panels Alerts Screens for Twitch YouTube Kick Frog and crow twitch overlay | cozy twitch overlay | lofi twitch overlay | animated twitch overlay | twitch panels overlay | twitch alerts overlay | cozy Frog raven twitch pack | animated twitch pack | magical forest overlay | fantasy glow forest

Spooky Raven & Frog Stream Overlay:
INSTANT DIGITAL DOWNLOAD
This is a digital product, nothing physical will be shipped.

• What will you get?
When you purchase this product, you’ll get a .PDF file containing a direct link to a Google Drive folder with the complete package.

Package Includes:
Spooky Raven & Frog Screens :
4 Static & 3 Animation Version Screens :
✅ Starting Soon (animated+static)
✅ Be Right Back (animated+static)
✅ Stream Ending (animated+static)
✅ Offline Screen (static) (.PNG format)

Spooky Raven & Frog Overlays/Intermission :
✅ 2 Animated Just Chatting / Intermission Screens : 16:9 (1080x1920) (animated+static) Webm/PNG

Spooky Raven & Frog Facecam :
✅ 2 Animated Facecam Overlay (animated+static) Webm/PNG

Spooky Raven & Frog Panels :
✅ 30 Panels (.PNG format)

Spooky Raven & Frog Alerts :
✅ 6 Animated Alerts (WEBM format) (animated+static) Webm/PNG

Frog Twitch Emotes :
✅ 6 Twitch Emotes (WEBM format) (static) PNG

Crow Twitch Emotes:
✅ 6 Twitch Emotes (WEBM format) (static) PNG

Spooky Raven & Frog Stream Labels:
✅ 4 Animated Stream Labels (animated+static) Webm/PNG

Frog Forest Magic Wallpapers/Background :
✅ 2 Wallpapers (1 Animated, 1 Static) (animated+static) Webm/PNG

 Stinger Transition:
✅ Animated Stinger Transition (.WEBM transparent)

Frog Forest Magic Social Media Kit (BANNERS)
✅ Social Media Kit (Twitch, Twitter, Kick, YouTube Headers) (PNG format)

Tutorial:
✅ PDF Tutorial (How to install your overlays)

Feel free to ask me to add something to this package if something is missing here for your stream.
Color and font changes are not accepted.

• Please Note: This item is licensed for personal use only. Commercial use, resale, or distribution to third parties or other platforms is strictly prohibited.

If you have any questions or encounter any issues with this product, please feel free to contact me anytime.

Animated twitch overlay By :
CozyJsStudio => https://cozyjsstudio.etsy.com

🖌️Tools Used: Adobe Photoshop, Adobe Firefly AI, Adobe After Effect, and Adobe Illustrator🖌️



✅If you want to bring your unique vision to life with a fully tailored stream package, please check out my custom commission listing here:

✅Custom Animated Twitch Stream Overlay Full Pack Bundle | OBS Alerts, Screens, Emotes, Badges

🔗 https://cozyjsstudio.etsy.com/listing/4500763545",24.6,USD,18,"Raven_Twitch_Overlay,Twitch_Overlay_Raven,Stream_Overlay_Raven,Crow_Overlay,Crow_Twitch,Raven_Overlay,Stream_Overlay,Twitch_Overlay,Twitch_Overlays,Stream_Overlays,Raven_Twitch,Spooky_frog_twitch,frog_overlay",,https://i.etsystatic.com/61635066/r/il/76a232/8303653614/il_fullxfull.8303653614_ktat.jpg,https://i.etsystatic.com/61635066/r/il/fdf784/8303589138/il_fullxfull.8303589138_kpxi.jpg,https://i.etsystatic.com/61635066/r/il/6a6b67/8340864159/il_fullxfull.8340864159_sl13.jpg,https://i.etsystatic.com/61635066/r/il/548991/8341349179/il_fullxfull.8341349179_9c1y.jpg,https://i.etsystatic.com/61635066/r/il/eb5051/8293230304/il_fullxfull.8293230304_qzw4.jpg,https://i.etsystatic.com/61635066/r/il/d7cc11/8292928738/il_fullxfull.8292928738_d09y.jpg,https://i.etsystatic.com/61635066/r/il/d0f945/8340864237/il_fullxfull.8340864237_6v9z.jpg,https://i.etsystatic.com/61635066/r/il/6d3d29/8303494624/il_fullxfull.8303494624_gurf.jpg,https://i.etsystatic.com/61635066/r/il/bfd2b0/8293212604/il_fullxfull.8293212604_j5dt.jpg,https://i.etsystatic.com/61635066/r/il/f0a390/8351486239/il_fullxfull.8351486239_6moq.jpg,,,,,,,,,,
"Spooky Raven Twitch Animated Stream Package: Magic Overlay, YouTube, Kick | Crow and Forest Overlays","Spooky Crow Raven Twitch Forest Magic Animated Stream Package | Lofi Twitch Overlay | YouTube | Kick | Crow Overlays | Nature Night Theme | Crow Animated Stream Package | Lofi Twitch Overlay | Magic Forest Night Theme | Panels Alerts Screens for Twitch YouTube Kick Crow and crow twitch overlay | cozy twitch overlay | lofi twitch overlay | animated twitch overlay | twitch panels overlay | twitch alerts overlay | cozy Crow raven twitch pack | animated twitch pack | magical forest overlay | fantasy glow forest

Spooky Raven Stream Overlay:
INSTANT DIGITAL DOWNLOAD
This is a digital product, nothing physical will be shipped.

• What will you get?
When you purchase this product, you’ll get a .PDF file containing a direct link to a Google Drive folder with the complete package.

Package Includes:
Spooky Raven Screens:
4 Static & 3 Animation Version Screens:
✅ Starting Soon (animated+static)
✅ Be Right Back (animated+static)
✅ Stream Ending (animated+static)
✅ Offline Screen (static) (.PNG format)

Spooky Raven Overlays/Intermission:
✅ 2 Animated Just Chatting / Intermission Screens: 16:9 (1080x1920) (animated+static) Webm/PNG

Spooky Raven  Facecam :
✅ 2 Animated Facecam Overlay (animated+static) Webm/PNG

Spooky Raven Panels:
✅ 30 Panels (.PNG format)

Spooky Raven Alerts:
✅ 6 Animated Alerts (WEBM format) (animated+static) Webm/PNG

Crow Twitch Emotes:
✅ 6 Twitch Emotes (WEBM format) (static) PNG

Spooky Raven Stream Labels:
✅ 4 Animated Stream Labels (animated+static) Webm/PNG

 Wallpapers/Background:
✅ 2 Wallpapers (1 Animated, 1 Static) (animated+static) Webm/PNG

 Stinger Transition:
✅ Animated Stinger Transition (. WEBM transparent)

Social Media Kit (BANNERS)
✅ Social Media Kit (Twitch, Twitter, Kick, YouTube Headers) (PNG format)

Tutorial:
✅ PDF Tutorial (How to install your overlays)

Feel free to ask me to add something to this package if something is missing here for your stream.
Color and font changes are not accepted.

• Please Note: This item is licensed for personal use only. Commercial use, resale, or distribution to third parties or other platforms is strictly prohibited.

If you have any questions or encounter any issues with this product, please feel free to contact me anytime.

Animated twitch overlay By:
CozyJsStudio => https://cozyjsstudio.etsy.com

🖌️Tools Used: Adobe Photoshop, Adobe Firefly AI, Adobe After Effect, and Adobe Illustrator🖌️



✅If you want to bring your unique vision to life with a fully tailored stream package, please check out my custom commission listing here:

✅Custom Animated Twitch Stream Overlay Full Pack Bundle | OBS Alerts, Screens, Emotes, Badges

🔗 https://cozyjsstudio.etsy.com/listing/4500763545",24.6,USD,18,"Raven_Twitch_Overlay,Twitch_Overlay_Raven,Stream_Overlay_Raven,Crow_Overlay,Crow_Twitch,Raven_Overlay,Stream_Overlay,Twitch_Overlay,Twitch_Overlays,Stream_Overlays,Raven_Twitch,Spooky_Crow,Spooky_Raven_Twitch",,https://i.etsystatic.com/61635066/r/il/b88bf3/8303387848/il_fullxfull.8303387848_g0e2.jpg,https://i.etsystatic.com/61635066/r/il/13e864/8303382380/il_fullxfull.8303382380_qofo.jpg,https://i.etsystatic.com/61635066/r/il/6a6b67/8340864159/il_fullxfull.8340864159_sl13.jpg,https://i.etsystatic.com/61635066/r/il/548991/8341349179/il_fullxfull.8341349179_9c1y.jpg,https://i.etsystatic.com/61635066/r/il/d7cc11/8292928738/il_fullxfull.8292928738_d09y.jpg,https://i.etsystatic.com/61635066/r/il/eb5051/8293230304/il_fullxfull.8293230304_qzw4.jpg,https://i.etsystatic.com/61635066/r/il/d0f945/8340864237/il_fullxfull.8340864237_6v9z.jpg,https://i.etsystatic.com/61635066/r/il/bfd2b0/8293212604/il_fullxfull.8293212604_j5dt.jpg,https://i.etsystatic.com/61635066/r/il/a82851/8303390788/il_fullxfull.8303390788_rexd.jpg,https://i.etsystatic.com/61635066/r/il/4d5b60/8340826129/il_fullxfull.8340826129_ksh7.jpg,,,,,,,,,,
"Matcha Panda Animated Stream Package: For Twitch Overlay, YouTube, Kick | Panda Overlays","Matcha Panda Animated Stream Package | Matcha Pandas Twitch Overlay | YouTube | kick overlays, Matcha Panda Overlay Animated Stream Package
Stream Overlay, Animated Overlay, Twitch Overlay, Matcha Panda overlay, Matcha Panda twitch, Gaming Setup Overlays

Matcha Panda Stream Overlays:
INSTANT DIGITAL DOWNLOAD
This is a digital product, nothing physical will be shipped.

• What will you get?
When you purchase this product, you’ll get a .PDF file containing a direct link to a Google Drive folder with the complete package.

Package Includes:
Matcha Panda Screens:
4 Static & 3 Animation Version Screens:
✅ Starting Soon (animated & static)
✅ Be Right Back (animated & static)
✅ Stream Ending (animated & static)
✅ Offline Screen (static) (.PNG format)

Matcha Panda Overlays/Intermission:
✅ 4 Animated Just Chatting / Intermission Screens: 16:9 (1080x1920) (animated & static) WEBm/PNG

Matcha Panda Facecams :
✅ 2 Animated Facecam Overlay (animated & static) WEBm/PNG

Matcha Panda Panels:
✅ 28 Panels (.PNG format)

Matcha Panda Twitch Emotes:
✅ 5 Twitch Emotes (.PNG format)

Matcha Panda Sub Badges:
✅ 3 Sub Badges (.PNG format)

Matcha Panda Alerts:
✅ 6 Animated Alerts (WEBM format) (animated & static) WEBm/PNG

Matcha Panda Stream Labels:
✅ 4 Animated Stream Labels (animated & static) WEBm/PNG

Wallpapers/Background:
✅ 2 Wallpapers (1 Animated, 1 Static) (animated & static) WEBm/PNG

Matcha Panda Stinger Transition:
✅ Animated Stinger Transition (. WEBM transparent)

Matcha Panda Social Media Kit (BANNERS)
✅ social media Kit (Twitch, Twitter, Kick, YouTube Headers) (PNG format)

Tutorial:
✅ PDF Tutorial (How to install your overlays)

Feel free to ask me to add something to this package if something is missing here for your stream.
I can also add a translation, if you need, write to me. (Latin characters only)
Color and font changes are not accepted.

• Please Note: This item is licensed for personal use only. Commercial use, resale, or distribution to third parties or other platforms is strictly prohibited.

If you have any questions or encounter any issues with this product, please feel free to contact me anytime.

Matcha Panda Animated twitch overlay By:
CozyJsStudio => https://cozyjsstudio.etsy.com

🖌️Tools Used: Adobe Photoshop, Adobe Firefly AI, Adobe After Effect, and Adobe Illustrator🖌️



✅If you want to bring your unique vision to life with a fully tailored stream package, please check out my custom commission listing here:

✅Custom Animated Twitch Stream Overlay Full Pack Bundle | OBS Alerts, Screens, Emotes, Badges

🔗 https://cozyjsstudio.etsy.com/listing/4500763545",23.6,USD,6,"twitch_overlay,twitch_overlays,twitch_overlay_anime,stream_overlays,stream_overlay,Matcha_Twitch,japanese_overlay,Sakura_overlay,Twitch_Matcha,Setup_Overlay,Panda_Overlay,Panda_Twitch,Panda_Overlays",,https://i.etsystatic.com/61635066/r/il/c68db2/7915215454/il_fullxfull.7915215454_fbqw.jpg,https://i.etsystatic.com/61635066/r/il/5516ea/7963116871/il_fullxfull.7963116871_osne.jpg,https://i.etsystatic.com/61635066/r/il/f3831f/7915176374/il_fullxfull.7915176374_jet7.jpg,https://i.etsystatic.com/61635066/r/il/a601f2/7963129181/il_fullxfull.7963129181_pdhd.jpg,https://i.etsystatic.com/61635066/r/il/19d18b/7915172942/il_fullxfull.7915172942_bo4i.jpg,https://i.etsystatic.com/61635066/r/il/4a4852/7915159292/il_fullxfull.7915159292_moex.jpg,https://i.etsystatic.com/61635066/r/il/16998e/7915173252/il_fullxfull.7915173252_ct0k.jpg,https://i.etsystatic.com/61635066/r/il/c5f4e5/7963110551/il_fullxfull.7963110551_opda.jpg,https://i.etsystatic.com/61635066/r/il/4ee029/7963129019/il_fullxfull.7963129019_8586.jpg,https://i.etsystatic.com/61635066/r/il/5fd04a/7963125281/il_fullxfull.7963125281_dkcr.jpg,,,,,,,,,,
"Animated Raven Wolf Stream Pack: Forest Night Twitch Overlay (Digital Download)","Spooky Wolf Raven Twitch Forest Magic Animated Stream Package | Lofi Twitch Overlay | YouTube | Kick | Wolf and Crow Overlays | Nature Night Theme | Wolf & Raven Animated Stream Package | Lofi Twitch Overlay | Magic Forest Night Theme | Panels Alerts Screens for Twitch YouTube Kick Wolf and crow twitch overlay | cozy twitch overlay | lofi twitch overlay | animated twitch overlay | twitch panels overlay | twitch alerts overlay | cozy Wolf raven twitch pack | animated twitch pack | magical forest overlay | fantasy glow forest

Spooky Raven & Wolf Stream Overlay:
INSTANT DIGITAL DOWNLOAD
This is a digital product, nothing physical will be shipped.

• What will you get?
When you purchase this product, you’ll get a .PDF file containing a direct link to a Google Drive folder with the complete package.

Package Includes:
Spooky Raven & Wolf Screens :
4 Static & 3 Animation Version Screens :
✅ Starting Soon (animated+static)
✅ Be Right Back (animated+static)
✅ Stream Ending (animated+static)
✅ Offline Screen (static) (.PNG format)

Spooky Raven & Wolf Overlays/Intermission :
✅ 2 Animated Just Chatting / Intermission Screens : 16:9 (1080x1920) (animated+static) Webm/PNG

Spooky Raven & Wolf Facecam :
✅ 2 Animated Facecam Overlay (animated+static) Webm/PNG

Spooky Raven & Wolf Panels :
✅ 30 Panels (.PNG format)

Spooky Raven & Wolf Alerts :
✅ 6 Animated Alerts (WEBM format) (animated+static) Webm/PNG

Wolf Twitch Emotes :
✅ 5 Twitch Emotes (WEBM format) (static) PNG

Crow Twitch Emotes:
✅ 6 Twitch Emotes (WEBM format) (static) PNG

Spooky Raven & Wolf Stream Labels:
✅ 4 Animated Stream Labels (animated+static) Webm/PNG

Wolf Forest Magic Wallpapers/Background :
✅ 2 Wallpapers (1 Animated, 1 Static) (animated+static) Webm/PNG

 Stinger Transition:
✅ Animated Stinger Transition (.WEBM transparent)

Wolf Forest Magic Social Media Kit (BANNERS)
✅ Social Media Kit (Twitch, Twitter, Kick, YouTube Headers) (PNG format)

Tutorial:
✅ PDF Tutorial (How to install your overlays)

Feel free to ask me to add something to this package if something is missing here for your stream.
Color and font changes are not accepted.

• Please Note: This item is licensed for personal use only. Commercial use, resale, or distribution to third parties or other platforms is strictly prohibited.

If you have any questions or encounter any issues with this product, please feel free to contact me anytime.

Animated twitch overlay By :
CozyJsStudio => https://cozyjsstudio.etsy.com

🖌️Tools Used: Adobe Photoshop, Adobe Firefly AI, Adobe After Effect, and Adobe Illustrator🖌️



✅If you want to bring your unique vision to life with a fully tailored stream package, please check out my custom commission listing here:

✅Custom Animated Twitch Stream Overlay Full Pack Bundle | OBS Alerts, Screens, Emotes, Badges

🔗 https://cozyjsstudio.etsy.com/listing/4500763545",22.6,USD,18,"Raven_Twitch_Overlay,Twitch_Overlay_Raven,Stream_Overlay_Raven,Crow_Overlay,Crow_Twitch,Raven_Overlay,Stream_Overlay,Twitch_Overlay,Twitch_Overlays,Stream_Overlays,Raven_Twitch,Wolf_Overlay,Spooky_wolf_Twitch",,https://i.etsystatic.com/61635066/r/il/5b5af5/8347172703/il_fullxfull.8347172703_2l50.jpg,https://i.etsystatic.com/61635066/r/il/fb5915/8299273908/il_fullxfull.8299273908_mrmt.jpg,https://i.etsystatic.com/61635066/r/il/6a6b67/8340864159/il_fullxfull.8340864159_sl13.jpg,https://i.etsystatic.com/61635066/r/il/548991/8341349179/il_fullxfull.8341349179_9c1y.jpg,https://i.etsystatic.com/61635066/r/il/eb5051/8293230304/il_fullxfull.8293230304_qzw4.jpg,https://i.etsystatic.com/61635066/r/il/d7cc11/8292928738/il_fullxfull.8292928738_d09y.jpg,https://i.etsystatic.com/61635066/r/il/4dc760/8299266794/il_fullxfull.8299266794_ooa8.jpg,https://i.etsystatic.com/61635066/r/il/d0f945/8340864237/il_fullxfull.8340864237_6v9z.jpg,https://i.etsystatic.com/61635066/r/il/bfd2b0/8293212604/il_fullxfull.8293212604_j5dt.jpg,https://i.etsystatic.com/61635066/r/il/c11c60/8347166241/il_fullxfull.8347166241_frqr.jpg,,,,,,,,,,
"Purple Cat Overlay Animated Stream Pack | (Twitch/YouTube/Kick) | Cats Overlays","Purple Cat Overlay Animated Stream Pack | (Twitch/YouTube/Kick) | Cats Overlays , Stream Overlay, Animated Overlay, Twitch Overlay, Stream twitch overlay, 

Twitch Cozy Overlays :
INSTANT DIGITAL DOWNLOAD
This is a digital product, nothing physical will be shipped .

• What you will get?
When you purchase this product, you’ll get a .PDF file containing a direct link to a Google Drive folder with the complete package.

Package Includes :
Screens :
4 Static & 3 Animation Version Screens :
✅ Starting Soon (animated+static) 
✅ Be Right Back (animated+static) 
✅ Stream Ending (animated+static) 
✅ Offline Screen (static) (.PNG format)

Overlays/Intermission :
✅ 4 Animated Just Chatting / Intermission Screens : 16:9 (1080x1920) (animated+static) Webm/PNG

Facecam :
✅ 2 Animated Facecam Overlay (animated+static)  Webm/PNG

Panels :
✅ 27 Panels (.PNG format)

Alerts :
✅ 13 Animated Alerts (WEBM format) (animated+static) Webm/PNG

Stream Labels :
✅ 4 Animated Stream Labels (animated+static) Webm/PNG

Wallpapers/Background :
✅ 2 Wallpapers (1 Animated, 1 Static) (animated+static) Webm/PNG

Stinger Transition :
✅ Animated Stinger Transition (.WEBM transparent)

Social Media Kit (BANNERS)
✅ Social Media Kit (Twitch, Twitter, Kick, YouTube Headers) (PNG format)

Tutorial :
✅ PDF Tutorial (How to install your overlays) 

Feel free to ask me to add something to this package if something is missing here for your stream.
I can also add a translation, if you need, write to me. (Latin characters only)
Color and font changes are not accepted.

• Please Note: This item is licensed for personal use only. Commercial use, resale, or distribution to third parties or other platforms is strictly prohibited.

If you have any questions or encounter any issues with this product, please feel free to contact me anytime.

Christmas Twitch Overlay :
CozyJsStudio

🖌️Tools Used: Adobe Photoshop, Adobe Firefly AI, Adobe After Effect, and Adobe Illustrator🖌️



✅If you want to bring your unique vision to life with a fully tailored stream package, please check out my custom commission listing here:

✅Custom Animated Twitch Stream Overlay Full Pack Bundle | OBS Alerts, Screens, Emotes, Badges

🔗 https://cozyjsstudio.etsy.com/listing/4500763545",24.6,USD,7,"Cat_Stream_Overlay,Animated_Stream_Pack,Twitch_Cat_Overlay,YouTube_Cat_Overlay,Kick_Cat_Overlay,Cat_Overlay_Pack,Animated_Cat_Overlay,Purple_Stream_Pack,Kick_Stream_Overlay,Purple___Overlay,Twitch___Overlay,Stream_Overlay,Purple_Overlay_Pack",,https://i.etsystatic.com/61635066/r/il/8cc075/7480110140/il_fullxfull.7480110140_3x3n.jpg,https://i.etsystatic.com/61635066/r/il/8bfacd/7480108300/il_fullxfull.7480108300_l1cj.jpg,https://i.etsystatic.com/61635066/r/il/0abd3f/7528033383/il_fullxfull.7528033383_ny1x.jpg,https://i.etsystatic.com/61635066/r/il/ba956b/7528033027/il_fullxfull.7528033027_dlmh.jpg,https://i.etsystatic.com/61635066/r/il/4cc33a/7528034785/il_fullxfull.7528034785_gmfs.jpg,https://i.etsystatic.com/61635066/r/il/16e0aa/7528036035/il_fullxfull.7528036035_k691.jpg,https://i.etsystatic.com/61635066/r/il/9745bd/7528032733/il_fullxfull.7528032733_j9dj.jpg,https://i.etsystatic.com/61635066/r/il/5eab2c/7528038563/il_fullxfull.7528038563_i40s.jpg,https://i.etsystatic.com/61635066/r/il/646ee0/7528037433/il_fullxfull.7528037433_1uqz.jpg,https://i.etsystatic.com/61635066/r/il/a43aef/7480107442/il_fullxfull.7480107442_tgau.jpg,,,,,,,,,,
"Animated Stream Pack: Spooky Raven Fox Forest Magic Overlays (Digital Download)","Spooky Fox Raven Twitch Forest Magic Animated Stream Package | Lofi Twitch Overlay | YouTube | Kick | Fox and Crow Overlays | Nature Night Theme | Fox & Raven Animated Stream Package | Lofi Twitch Overlay | Magic Forest Night Theme | Panels Alerts Screens for Twitch YouTube Kick Fox and crow twitch overlay | cozy twitch overlay | lofi twitch overlay | animated twitch overlay | twitch panels overlay | twitch alerts overlay | cozy Fox raven twitch pack | animated twitch pack | magical forest overlay | fantasy glow forest

Spooky Raven & Fox Stream Overlay:
INSTANT DIGITAL DOWNLOAD
This is a digital product, nothing physical will be shipped.

• What will you get?
When you purchase this product, you’ll get a .PDF file containing a direct link to a Google Drive folder with the complete package.

Package Includes:
Spooky Raven & Fox Screens :
4 Static & 3 Animation Version Screens :
✅ Starting Soon (animated+static)
✅ Be Right Back (animated+static)
✅ Stream Ending (animated+static)
✅ Offline Screen (static) (.PNG format)

Spooky Raven & Fox Overlays/Intermission :
✅ 2 Animated Just Chatting / Intermission Screens : 16:9 (1080x1920) (animated+static) Webm/PNG

Spooky Raven & Fox Facecam :
✅ 2 Animated Facecam Overlay (animated+static) Webm/PNG

Spooky Raven & Fox Panels :
✅ 30 Panels (.PNG format)

Spooky Raven & Fox Alerts :
✅ 6 Animated Alerts (WEBM format) (animated+static) Webm/PNG

Fox Twitch Emotes :
✅ 5 Twitch Emotes (WEBM format) (static) PNG

Crow Twitch Emotes:
✅ 6 Twitch Emotes (WEBM format) (static) PNG

Spooky Raven & Fox Stream Labels:
✅ 4 Animated Stream Labels (animated+static) Webm/PNG

Fox Forest Magic Wallpapers/Background :
✅ 2 Wallpapers (1 Animated, 1 Static) (animated+static) Webm/PNG

 Stinger Transition:
✅ Animated Stinger Transition (.WEBM transparent)

Fox Forest Magic Social Media Kit (BANNERS)
✅ Social Media Kit (Twitch, Twitter, Kick, YouTube Headers) (PNG format)

Tutorial:
✅ PDF Tutorial (How to install your overlays)

Feel free to ask me to add something to this package if something is missing here for your stream.
Color and font changes are not accepted.

• Please Note: This item is licensed for personal use only. Commercial use, resale, or distribution to third parties or other platforms is strictly prohibited.

If you have any questions or encounter any issues with this product, please feel free to contact me anytime.

Animated twitch overlay By :
CozyJsStudio => https://cozyjsstudio.etsy.com

🖌️Tools Used: Adobe Photoshop, Adobe Firefly AI, Adobe After Effect, and Adobe Illustrator🖌️



✅If you want to bring your unique vision to life with a fully tailored stream package, please check out my custom commission listing here:

✅Custom Animated Twitch Stream Overlay Full Pack Bundle | OBS Alerts, Screens, Emotes, Badges

🔗 https://cozyjsstudio.etsy.com/listing/4500763545",24.6,USD,18,"Raven_Twitch_Overlay,Twitch_Overlay_Raven,Stream_Overlay_Raven,Crow_Overlay,Crow_Twitch,Raven_Overlay,Stream_Overlay,Twitch_Overlay,Twitch_Overlays,Stream_Overlays,Raven_Twitch,Fox_Overlay,Spooky_twitch_fox",,https://i.etsystatic.com/61635066/r/il/5aa05c/8297369046/il_fullxfull.8297369046_7ipa.jpg,https://i.etsystatic.com/61635066/r/il/06d2be/8297324116/il_fullxfull.8297324116_msz3.jpg,https://i.etsystatic.com/61635066/r/il/6a6b67/8340864159/il_fullxfull.8340864159_sl13.jpg,https://i.etsystatic.com/61635066/r/il/548991/8341349179/il_fullxfull.8341349179_9c1y.jpg,https://i.etsystatic.com/61635066/r/il/eb5051/8293230304/il_fullxfull.8293230304_qzw4.jpg,https://i.etsystatic.com/61635066/r/il/d7cc11/8292928738/il_fullxfull.8292928738_d09y.jpg,https://i.etsystatic.com/61635066/r/il/c2b24a/8344526267/il_fullxfull.8344526267_cix9.jpg,https://i.etsystatic.com/61635066/r/il/d0f945/8340864237/il_fullxfull.8340864237_6v9z.jpg,https://i.etsystatic.com/61635066/r/il/bfd2b0/8293212604/il_fullxfull.8293212604_j5dt.jpg,https://i.etsystatic.com/61635066/r/il/0a7ec5/8297327348/il_fullxfull.8297327348_mptf.jpg,,,,,,,,,,
"Spooky Raven Dragon Animated Stream Overlay Pack: Forest Magic Theme (Digital Download)","Spooky Dragon Raven  Twitch Forest Magic Animated Stream Package | Lofi Twitch Overlay | YouTube | Kick | Dragon and Crow Overlays | Nature Night Theme | Dragon & Raven Animated Stream Package | Lofi Twitch Overlay | Magic Forest Night Theme | Panels Alerts Screens for Twitch YouTube Kick Dragon and crow twitch overlay | cozy twitch overlay | lofi twitch overlay | animated twitch overlay | twitch panels overlay | twitch alerts overlay | cozy Dragon raven twitch pack | animated twitch pack | magical forest overlay | fantasy glow forest

Spooky Raven & Dragon Stream Overlay:
INSTANT DIGITAL DOWNLOAD
This is a digital product, nothing physical will be shipped.

• What will you get?
When you purchase this product, you’ll get a .PDF file containing a direct link to a Google Drive folder with the complete package.

Package Includes:
Spooky Raven & Dragon Screens :
4 Static & 3 Animation Version Screens :
✅ Starting Soon (animated+static)
✅ Be Right Back (animated+static)
✅ Stream Ending (animated+static)
✅ Offline Screen (static) (.PNG format)

Spooky Raven & Dragon Overlays/Intermission :
✅ 2 Animated Just Chatting / Intermission Screens : 16:9 (1080x1920) (animated+static) Webm/PNG

Spooky Raven & Dragon Facecam :
✅ 2 Animated Facecam Overlay (animated+static) Webm/PNG

Spooky Raven & Dragon Panels :
✅ 30 Panels (.PNG format)

Spooky Raven & Dragon Alerts :
✅ 6 Animated Alerts (WEBM format) (animated+static) Webm/PNG

Dragon Twitch Emotes :
✅ 5 Twitch Emotes (WEBM format) (static) PNG

Crow Twitch Emotes:
✅ 6 Twitch Emotes (WEBM format) (static) PNG

Spooky Raven & Dragon Stream Labels:
✅ 4 Animated Stream Labels (animated+static) Webm/PNG

Dragon Forest Magic Wallpapers/Background :
✅ 2 Wallpapers (1 Animated, 1 Static) (animated+static) Webm/PNG

 Stinger Transition:
✅ Animated Stinger Transition (.WEBM transparent)

Dragon Forest Magic Social Media Kit (BANNERS)
✅ Social Media Kit (Twitch, Twitter, Kick, YouTube Headers) (PNG format)

Tutorial:
✅ PDF Tutorial (How to install your overlays)

Feel free to ask me to add something to this package if something is missing here for your stream.
Color and font changes are not accepted.

• Please Note: This item is licensed for personal use only. Commercial use, resale, or distribution to third parties or other platforms is strictly prohibited.

If you have any questions or encounter any issues with this product, please feel free to contact me anytime.

Animated twitch overlay By :
CozyJsStudio => https://cozyjsstudio.etsy.com

🖌️Tools Used: Adobe Photoshop, Adobe Firefly AI, Adobe After Effect, and Adobe Illustrator🖌️



✅If you want to bring your unique vision to life with a fully tailored stream package, please check out my custom commission listing here:

✅Custom Animated Twitch Stream Overlay Full Pack Bundle | OBS Alerts, Screens, Emotes, Badges

🔗 https://cozyjsstudio.etsy.com/listing/4500763545",24.6,USD,18,"Raven_Twitch_Overlay,Twitch_Overlay_Raven,Stream_Overlay_Raven,Crow_Overlay,Crow_Twitch,Raven_Overlay,Stream_Overlay,Twitch_Overlay,Twitch_Overlays,Stream_Overlays,Raven_Twitch,Dragon_overlay,spooky_twitch_dragon",,https://i.etsystatic.com/61635066/r/il/a29eed/8343512239/il_fullxfull.8343512239_29vl.jpg,https://i.etsystatic.com/61635066/r/il/9ec4ee/8343509029/il_fullxfull.8343509029_b8e7.jpg,https://i.etsystatic.com/61635066/r/il/6a6b67/8340864159/il_fullxfull.8340864159_sl13.jpg,https://i.etsystatic.com/61635066/r/il/548991/8341349179/il_fullxfull.8341349179_9c1y.jpg,https://i.etsystatic.com/61635066/r/il/eb5051/8293230304/il_fullxfull.8293230304_qzw4.jpg,https://i.etsystatic.com/61635066/r/il/d7cc11/8292928738/il_fullxfull.8292928738_d09y.jpg,https://i.etsystatic.com/61635066/r/il/d0f945/8340864237/il_fullxfull.8340864237_6v9z.jpg,https://i.etsystatic.com/61635066/r/il/439c56/8295606990/il_fullxfull.8295606990_d2bh.jpg,https://i.etsystatic.com/61635066/r/il/bfd2b0/8293212604/il_fullxfull.8293212604_j5dt.jpg,https://i.etsystatic.com/61635066/r/il/216aa9/8343515101/il_fullxfull.8343515101_q968.jpg,,,,,,,,,,
"Dragon Ember Jars Twitch Badges | Kawaii Dragons, Lofi Channel Icons (Digital Download)","Dragon Ember Jars Twitch Badges | Cute Dragon Sub Bits & Channel Point Icons | Twitch Discord Bundle All Sizes
Give your subs something to fall in love with six Cute Dragons inside glowing glass jars,  on a little cloud under a dreamy purple night sky. 
Perfect for cozy, kawaii, and lofi-style Twitch channels looking for a soft, magical badge set your community will actually want to level up for.

INSTANT DIGITAL DOWNLOAD
This is a digital product — nothing physical will be shipped.
What will you get?
When you purchase this product, you'll get a .PDF file containing a direct link to a Google Drive folder with the complete package.

Package Includes —Cute Dragon Jars Sub Badges:
✅ x6 Sub Badges  
✅ All sizes included For Sub Badges (18x18, 36x36, 72x72 px)
✅ All sizes included For Emotes: 28x28, 56x56, 112x112 px 
✅+ Bonus 200x200 px
✅ .PNG format, transparent background
✅ Ready to upload directly to Twitch subscriber badge tiers
Compatible with: Twitch (subscriber badges), and easily adaptable for Kick, YouTube Membership badges, or Discord roles on request.


Please Note: This item is licensed for personal use only. Commercial use, resale, or distribution to third parties or other platforms is strictly prohibited.
If you have any questions or run into issues with your files, feel free to contact me anytime.

Animated Twitch Overlay & Assets By: CozyJsStudio → https://cozyjsstudio.etsy.com
🖌️ Tools Used: Adobe Photoshop, Adobe Firefly AI🖌️

✅ Want a fully matching overlay package (Starting Soon, alerts, panels, emotes) to go with these badges? Check out my custom commission listing:
🔗https://cozyjsstudio.etsy.com/listing/4500763545",6.49,USD,16,"dragon_ember_jars,dragon_badges,dragon_twitch,twitch_badges,sub_badges,bit_badges,channel_points,discord_icons,cute_badges,stream_badges,kawaii_badges,badge_bundle,twitch_reward",,https://i.etsystatic.com/61635066/r/il/9aaf8e/8285585232/il_fullxfull.8285585232_1vxu.jpg,https://i.etsystatic.com/61635066/r/il/adfa3e/8333510635/il_fullxfull.8333510635_o1k7.jpg,https://i.etsystatic.com/61635066/r/il/f7fcac/8333521879/il_fullxfull.8333521879_k7q7.jpg,https://i.etsystatic.com/61635066/r/il/d7809f/8285621184/il_fullxfull.8285621184_k8y4.jpg,https://i.etsystatic.com/61635066/r/il/e893e9/8333515701/il_fullxfull.8333515701_el0c.jpg,https://i.etsystatic.com/61635066/r/il/738608/8285609298/il_fullxfull.8285609298_mtgk.jpg,https://i.etsystatic.com/61635066/r/il/2992fc/8333509671/il_fullxfull.8333509671_40s2.jpg,https://i.etsystatic.com/61635066/r/il/1b80f5/8285609684/il_fullxfull.8285609684_mdgt.jpg,https://i.etsystatic.com/61635066/r/il/24ed19/8333509163/il_fullxfull.8333509163_n7sf.jpg,https://i.etsystatic.com/61635066/r/il/8c3791/8333522327/il_fullxfull.8333522327_j3b7.jpg,,,,,,,,,,
"Animated Stream Pack: Raven Cat Forest Night Overlay (Digital Download)","Cat, Raven & Crow Forest Magic Animated Stream Package | Lofi Twitch Overlay | YouTube | Kick | Cat and Crow Overlays | Nature Night Theme | Cat & Raven Animated Stream Package | Lofi Twitch Overlay | Magic Forest Night Theme | Panels Alerts Screens for Twitch YouTube Kick cat and crow twitch overlay | cozy twitch overlay | lofi twitch overlay | animated twitch overlay | twitch panels overlay | twitch alerts overlay | cozy cat raven twitch pack | animated twitch pack | magical forest overlay | fantasy glow forest

Spooky Raven & Cat Stream Overlay:
INSTANT DIGITAL DOWNLOAD
This is a digital product, nothing physical will be shipped.

• What will you get?
When you purchase this product, you’ll get a .PDF file containing a direct link to a Google Drive folder with the complete package.

Package Includes:
Spooky Raven & Cat Screens :
4 Static & 3 Animation Version Screens :
✅ Starting Soon (animated+static)
✅ Be Right Back (animated+static)
✅ Stream Ending (animated+static)
✅ Offline Screen (static) (.PNG format)

Spooky Raven & Cat Overlays/Intermission :
✅ 2 Animated Just Chatting / Intermission Screens : 16:9 (1080x1920) (animated+static) Webm/PNG

Spooky Raven & Cat Facecam :
✅ 2 Animated Facecam Overlay (animated+static) Webm/PNG

Spooky Raven & Cat Panels :
✅ 30 Panels (.PNG format)

Spooky Raven & Cat Alerts :
✅ 6 Animated Alerts (WEBM format) (animated+static) Webm/PNG

Cat Twitch Emotes :
✅ 5 Twitch Emotes (WEBM format) (static) PNG

Crow Twitch Emotes:
✅ 6 Twitch Emotes (WEBM format) (static) PNG

Spooky Raven & Cat Stream Labels:
✅ 4 Animated Stream Labels (animated+static) Webm/PNG

Cat Forest Magic Wallpapers/Background :
✅ 2 Wallpapers (1 Animated, 1 Static) (animated+static) Webm/PNG

 Stinger Transition:
✅ Animated Stinger Transition (.WEBM transparent)

Cat Forest Magic Social Media Kit (BANNERS)
✅ Social Media Kit (Twitch, Twitter, Kick, YouTube Headers) (PNG format)

Tutorial:
✅ PDF Tutorial (How to install your overlays)

Feel free to ask me to add something to this package if something is missing here for your stream.
Color and font changes are not accepted.

• Please Note: This item is licensed for personal use only. Commercial use, resale, or distribution to third parties or other platforms is strictly prohibited.

If you have any questions or encounter any issues with this product, please feel free to contact me anytime.

Animated twitch overlay By :
CozyJsStudio => https://cozyjsstudio.etsy.com

🖌️Tools Used: Adobe Photoshop, Adobe Firefly AI, Adobe After Effect, and Adobe Illustrator🖌️



✅If you want to bring your unique vision to life with a fully tailored stream package, please check out my custom commission listing here:

✅Custom Animated Twitch Stream Overlay Full Pack Bundle | OBS Alerts, Screens, Emotes, Badges

🔗 https://cozyjsstudio.etsy.com/listing/4500763545",24.6,USD,18,"Raven_Twitch_Overlay,Twitch_Overlay_Raven,Stream_Overlay_Raven,Crow_Overlay,Crow_Twitch,Raven_Overlay,Stream_Overlay,Twitch_Overlay,Twitch_Overlays,Stream_Overlays,Raven_Twitch_Pack,Raven_Twitch,Cat_Overlay",,https://i.etsystatic.com/61635066/r/il/dcc994/8341337659/il_fullxfull.8341337659_kpov.jpg,https://i.etsystatic.com/61635066/r/il/b7a1fd/8341114441/il_fullxfull.8341114441_g8qn.jpg,https://i.etsystatic.com/61635066/r/il/6a6b67/8340864159/il_fullxfull.8340864159_sl13.jpg,https://i.etsystatic.com/61635066/r/il/548991/8341349179/il_fullxfull.8341349179_9c1y.jpg,https://i.etsystatic.com/61635066/r/il/eb5051/8293230304/il_fullxfull.8293230304_qzw4.jpg,https://i.etsystatic.com/61635066/r/il/d0f945/8340864237/il_fullxfull.8340864237_6v9z.jpg,https://i.etsystatic.com/61635066/r/il/d7cc11/8292928738/il_fullxfull.8292928738_d09y.jpg,https://i.etsystatic.com/61635066/r/il/bfd2b0/8293212604/il_fullxfull.8293212604_j5dt.jpg,https://i.etsystatic.com/61635066/r/il/412313/8341109419/il_fullxfull.8341109419_6mhd.jpg,https://i.etsystatic.com/61635066/r/il/83dd81/8293438730/il_fullxfull.8293438730_ckjv.jpg,,,,,,,,,,
"Purple Moon Sakura Animated TikTok Stream Overlay Package, TikTok Overlays (Digital Download)","Purple Moon Sakura Animated Stream Package TIKTOK Streaming Overlay Package | Tiktok Live Animated Overlays | TikTok Stream Overlay | Webcam Overlays | Alerts | Tiktok Live Streaming



INSTANT DIGITAL DOWNLOAD
This is a digital product, nothing physical will be shipped .

• What you will get?
When you purchase this product, you’ll get a .PDF file containing a direct link to a Google Drive folder with the complete package.



Package Includes :

X10 ANIMATED STREAM OVERLAYS :

STREAM OVERLAYS (animated) 9:16, 1080x1920: Webm/PNG


X3 ANIMATED SCREENS + STATIC OFFLINE :

STARTING (animated + static) 
PAUSE (animated + static) 
ENDING (animated + static) 
OFFLINE ( static) 

X4 ANIMATED AND STATIC ALERTS :

New subscriber (animated + static) Webm/PNG
New follower (animated + static) Webm/PNG
New gift  (animated + static) Webm/PNG
New Donation animated + static) Webm/PNG


X2 ANIMATED AND STATIC FACECAM :

FACECAM (animated + static) Webm/PNG


- 1x Stinger Transition ANIMATED (Webm)



𝐃𝐞𝐭𝐚𝐢𝐥 𝐅𝐢𝐧𝐚𝐥 𝐏𝐫𝐨𝐝𝐮𝐜𝐭
Video Resolution: 1080x1920
Frame Rate: 60fps
Format: Webm + PNG + MP4
Language : English ONLY English ( If you need Different Language, please contact me )
Audio/Music/Sound : Not Included
Animated Looping : Included
File Type : Instant digital download



• Please Note: This item is licensed for personal use only. Commercial use, resale, or distribution to third parties or other platforms is strictly prohibited.

If you have any questions or encounter any issues with this product, please feel free to contact me anytime.



CozyJsStudio

🖌️Tools Used: Adobe Photoshop, Adobe Firefly AI, Adobe After Effect, and Adobe Illustrator🖌️



✅If you want to bring your unique vision to life with a fully tailored stream package, please check out my custom commission listing here:

✅Custom Animated Twitch Stream Overlay Full Pack Bundle | OBS Alerts, Screens, Emotes, Badges

🔗 https://cozyjsstudio.etsy.com/listing/4500763545",18.6,USD,4,"Vertical_Overlay,tiktok_overlay,Tiktok_Stream,Tiktok_Stream_Black,Tiktok_Stream_Japan,Vertical_Overlays,Tiktok_Streaming,Stream_Overlay,Stream_Package,Tiktok_Stream_Purple,Tiktok_Overlays,tiktok_Stream_Pack,Tiktok_overlay_pink",,https://i.etsystatic.com/61635066/r/il/968221/7440106263/il_fullxfull.7440106263_2kqg.jpg,https://i.etsystatic.com/61635066/r/il/caad26/7440090977/il_fullxfull.7440090977_9ldd.jpg,https://i.etsystatic.com/61635066/r/il/da19ee/7440088733/il_fullxfull.7440088733_db0g.jpg,https://i.etsystatic.com/61635066/r/il/6f4b66/7392174966/il_fullxfull.7392174966_qb23.jpg,https://i.etsystatic.com/61635066/r/il/bac396/7440090037/il_fullxfull.7440090037_am1m.jpg,https://i.etsystatic.com/61635066/r/il/43d416/7440088663/il_fullxfull.7440088663_vht5.jpg,https://i.etsystatic.com/61635066/r/il/3e5f1d/7440089511/il_fullxfull.7440089511_f1gi.jpg,https://i.etsystatic.com/61635066/r/il/91c037/7440085863/il_fullxfull.7440085863_9k8h.jpg,,,,,,,,,,,,
"Cat Forest Animated  Stream Package | Cats Twitch Overlay | YouTube | kick overlays","Cat Forest Magic Animated Stream Package | Lofi Twitch Overlay | YouTube | Kick | Cats Overlays | Nature Night Theme | Cats Animated Stream Package | Lofi Twitch Overlay | Magic Forest Night Theme | Panels Alerts Screens for Twitch YouTube Kick cat twitch overlay | cozy twitch overlay | lofi twitch overlay | animated twitch overlay | twitch panels overlay | twitch alerts overlay | cozy cat twitch pack | animated twitch pack | magical forest overlay | fantasy glow forest 

Cat Forest Magic Stream Overlay :
INSTANT DIGITAL DOWNLOAD
This is a digital product, nothing physical will be shipped .

• What you will get?
When you purchase this product, you’ll get a .PDF file containing a direct link to a Google Drive folder with the complete package.

Package Includes :
Cat Forest Magic Screens :
4 Static & 3 Animation Version Screens :
✅ Starting Soon (animated+static)
✅ Be Right Back (animated+static)
✅ Stream Ending (animated+static)
✅ Offline Screen (static) (.PNG format)

Cat Forest Magic Overlays/Intermission :
✅ 2 Animated Just Chatting / Intermission Screens : 16:9 (1080x1920) (animated+static) Webm/PNG

Cat Forest Magic Facecam :
✅ 2 Animated Facecam Overlay (animated+static) Webm/PNG

Cat Forest Magic Panels :
✅ 27 Panels (.PNG format)

Cat Forest Magic Alerts :
✅ 6 Animated Alerts (WEBM format) (animated+static) Webm/PNG

Cat Forest Magic Twitch Emotes :
✅ 5 Twitch Emotes (WEBM format) (static) PNG

Cat Forest Magic Twitch Sub Badges :
✅ 3 Twitch Sub Badges (WEBM format) (static) PNG

Cat Forest Magic Stream Labels :
✅ 4 Animated Stream Labels (animated+static) Webm/PNG

Cat Forest Magic Wallpapers/Background :
✅ 2 Wallpapers (1 Animated, 1 Static) (animated+static) Webm/PNG

Cat Forest Magic Stinger Transition :
✅ Animated Stinger Transition (.WEBM transparent)

Cat Forest Magic Social Media Kit (BANNERS)
✅ Social Media Kit (Twitch, Twitter, Kick, YouTube Headers) (PNG format)

Tutorial :
✅ PDF Tutorial (How to install your overlays)

Feel free to ask me to add something to this package if something is missing here for your stream.
Color and font changes are not accepted.

• Please Note: This item is licensed for personal use only. Commercial use, resale, or distribution to third parties or other platforms is strictly prohibited.

If you have any questions or encounter any issues with this product, please feel free to contact me anytime.

Animated twitch overlay By :
CozyJsStudio => https://cozyjsstudio.etsy.com

🖌️Tools Used: Adobe Photoshop, Adobe Firefly AI, Adobe After Effect, and Adobe Illustrator🖌️



✅If you want to bring your unique vision to life with a fully tailored stream package, please check out my custom commission listing here:

✅Custom Animated Twitch Stream Overlay Full Pack Bundle | OBS Alerts, Screens, Emotes, Badges

🔗 https://cozyjsstudio.etsy.com/listing/4500763545",24.6,USD,18,"twitch_overlay,twitch_overlays,twitch_overlay_anime,stream_overlays,stream_overlay,Magic_Forest_twitch,Sakura_overlay,Twitch_Forest,Cats_Overlay,Cat_Overlay,Cat_Twitch,Cats_Overlays,Cats_Twitch",,https://i.etsystatic.com/61635066/r/il/316113/7805031188/il_fullxfull.7805031188_mn58.jpg,https://i.etsystatic.com/61635066/r/il/5273b1/7852972079/il_fullxfull.7852972079_niqu.jpg,https://i.etsystatic.com/61635066/r/il/aed989/7852929285/il_fullxfull.7852929285_gycn.jpg,https://i.etsystatic.com/61635066/r/il/7f7a6f/7852923703/il_fullxfull.7852923703_ew93.jpg,https://i.etsystatic.com/61635066/r/il/25f0b7/7852921095/il_fullxfull.7852921095_66wf.jpg,https://i.etsystatic.com/61635066/r/il/681979/7804970464/il_fullxfull.7804970464_sk77.jpg,https://i.etsystatic.com/61635066/r/il/1e1595/7804989340/il_fullxfull.7804989340_126z.jpg,https://i.etsystatic.com/61635066/r/il/a78613/7804987784/il_fullxfull.7804987784_co4y.jpg,https://i.etsystatic.com/61635066/r/il/edbf2e/7852931911/il_fullxfull.7852931911_i1x9.jpg,https://i.etsystatic.com/61635066/r/il/87de7f/7852923797/il_fullxfull.7852923797_m9z3.jpg,,,,,,,,,,
"Frog Under Sea Room Animated Stream Package | Frog Twitch Overlay | YouTube | kick overlays","Frog Under Sea Room  Magic Animated Stream Package | Lofi Twitch Overlay | YouTube | Kick | Frogs Overlays | Nature Theme | Frogs Animated Stream Package | Lofi Twitch Overlay | Magic Under Sea Room  Night Theme |Frog twitch overlay | cozy twitch overlay | lofi twitch overlay | animated twitch overlay | twitch panels overlay | twitch alerts overlay | cozy Frog twitch pack | animated twitch pack | magical Under Sea Room  overlay | fantasy glow Under Sea Room  

Frog Under Sea Room Magic Stream Overlay :
INSTANT DIGITAL DOWNLOAD
This is a digital product, nothing physical will be shipped .

• What you will get?
When you purchase this product, you’ll get a .PDF file containing a direct link to a Google Drive folder with the complete package.

Package Includes :
Frog Under Sea Room  Magic Screens :
4 Static & 3 Animation Version Screens :
✅ Starting Soon (animated+static)
✅ Be Right Back (animated+static)
✅ Stream Ending (animated+static)
✅ Offline Screen (static) (.PNG format)

Frog Under Sea Room  Magic Overlays/Intermission :
✅ 4 Animated Just Chatting / Intermission Screens : 16:9 (1080x1920) (animated+static) Webm/PNG

Frog Under Sea Room  Magic Facecam :
✅ 2 Animated Facecam Overlay (animated+static) Webm/PNG

Frog Under Sea Room  Magic Panels :
✅ 28 Panels (.PNG format)

Frog Under Sea Room  Magic Alerts :
✅ 6 Animated Alerts (WEBM format) (animated+static) Webm/PNG

Frog Under Sea Room  Magic Twitch Emotes :
✅ 5 Twitch Emotes (WEBM format) (static) PNG

Frog Under Sea Room  Magic Twitch Sub Badges :
✅ 3 Twitch Sub Badges (WEBM format) (static) PNG

Frog Under Sea Room  Magic Stream Labels :
✅ 4 Animated Stream Labels (animated+static) Webm/PNG

Frog Under Sea Room  Magic Wallpapers/Background :
✅ 2 Wallpapers (1 Animated, 1 Static) (animated+static) Webm/PNG

Frog Under Sea Room  Magic Stinger Transition :
✅ Animated Stinger Transition (.WEBM transparent)

Frog Under Sea Room  Magic Social Media Kit (BANNERS)
✅ Social Media Kit (Twitch, Twitter, Kick, YouTube Headers) (PNG format)

Tutorial :
✅ PDF Tutorial (How to install your overlays)

Feel free to ask me to add something to this package if something is missing here for your stream.
Color and font changes are not accepted.

• Please Note: This item is licensed for personal use only. Commercial use, resale, or distribution to third parties or other platforms is strictly prohibited.

If you have any questions or encounter any issues with this product, please feel free to contact me anytime.

Animated twitch overlay By :
CozyJsStudio => https://cozyjsstudio.etsy.com

🖌️Tools Used: Adobe Photoshop, Adobe Firefly AI, Adobe After Effect, and Adobe Illustrator🖌️



✅If you want to bring your unique vision to life with a fully tailored stream package, please check out my custom commission listing here:

✅Custom Animated Twitch Stream Overlay Full Pack Bundle | OBS Alerts, Screens, Emotes, Badges

🔗 https://cozyjsstudio.etsy.com/listing/4500763545",24.6,USD,6,"twitch_overlay,twitch_overlays,twitch_overlay_anime,stream_overlays,stream_overlay,Under_Sea_twitch,Sakura_overlay,Frogs_Overlay,Frog_Overlay,Frog_Twitch,Frogs_Overlays,Frogs_Twitch,Twitch_Sea_Room",,https://i.etsystatic.com/61635066/r/il/ee18a2/7945645635/il_fullxfull.7945645635_fgr1.jpg,https://i.etsystatic.com/61635066/r/il/8b0387/7945680799/il_fullxfull.7945680799_m2r2.jpg,https://i.etsystatic.com/61635066/r/il/4243b9/7945678083/il_fullxfull.7945678083_c64o.jpg,https://i.etsystatic.com/61635066/r/il/f410ff/7945685135/il_fullxfull.7945685135_gnci.jpg,https://i.etsystatic.com/61635066/r/il/9b6d6f/7945677017/il_fullxfull.7945677017_cap8.jpg,https://i.etsystatic.com/61635066/r/il/4a9ac5/7945687361/il_fullxfull.7945687361_hv5r.jpg,https://i.etsystatic.com/61635066/r/il/da82a4/7897718756/il_fullxfull.7897718756_fb9q.jpg,https://i.etsystatic.com/61635066/r/il/805d74/7897718924/il_fullxfull.7897718924_5ka2.jpg,https://i.etsystatic.com/61635066/r/il/9d29a7/7945645637/il_fullxfull.7945645637_g39b.jpg,https://i.etsystatic.com/61635066/r/il/b585ba/7945675483/il_fullxfull.7945675483_70gk.jpg,,,,,,,,,,
"Cozy Witchy Animated Overlay | Celestial Lofi Bedroom | Twitch Overlay | YouTube | Kick | VTuber Overlays","Cozy Witchy Lofi Bedroom Overlay Animated Stream Package
Stream Overlay, Animated Overlay, Twitch Overlay, lo-fi Forest overlay, 

Cozy Witchy Lofi Bedroom Stream Overlays:
INSTANT DIGITAL DOWNLOAD
This is a digital product, nothing physical will be shipped.

• What will you get?
When you purchase this product, you’ll get a .PDF file containing a direct link to a Google Drive folder with the complete package.

Package Includes:
Cozy Witchy Lofi Bedroom Screens:
4 Static & 3 Animation Version Screens:
✅ Starting Soon (animated+static) 
✅ Be Right Back (animated+static) 
✅ Stream Ending (animated+static) 
✅ Offline Screen (static) (.PNG format)

Cozy Witchy Lofi Bedroom Overlays/Intermission:
✅ 4 Animated Just Chatting / Intermission Screens: 16:9 (1080x1920) (animated+static) Webm/PNG

Cozy Witchy Lofi Bedroom Facecam :
✅ 2 Animated Facecam Overlay (animated+static)  Webm/PNG

Cozy Witchy Lofi Bedroom Panels:
✅ 30 Panels (.PNG format)

Cozy Witchy Lofi Bedroom Alerts:
✅ 6 Animated Alerts (WEBM format) (animated+static) Webm/PNG

Cozy Witchy Lofi Bedroom Stream Labels:
✅ 4 Animated Stream Labels (animated+static) Webm/PNG

Wallpapers/Background:
✅ 2 Wallpapers (1 Animated, 1 Static) (animated+static) Webm/PNG

Cozy Witchy Lofi Bedroom Stinger Transition:
✅ Animated Stinger Transition (.WEBM transparent)

Cozy Witchy Lofi Bedroom Social Media Kit (BANNERS)
✅ social media Kit (Twitch, Twitter, Kick, YouTube Headers) (PNG format)

Cozy Witchy Lofi Bedroom Sub Badges :
✅ +200 Sub Badges Bonus (.PNG format)

Tutorial:
✅ PDF Tutorial (How to install your overlays) 


Feel free to ask me to add something to this package if something is missing here for your stream.
I can also add a translation, if you need, write to me. (Latin characters only)
Color and font changes are not accepted.

• Please Note: This item is licensed for personal use only. Commercial use, resale, or distribution to third parties or other platforms is strictly prohibited.

If you have any questions or encounter any issues with this product, please feel free to contact me anytime.

Animated twitch overlay By :
CozyJsStudio => https://cozyjsstudio.etsy.com

🖌️Tools Used: Adobe Photoshop, Adobe Firefly AI, Adobe After Effect, and Adobe Illustrator🖌️



✅If you want to bring your unique vision to life with a fully tailored stream package, please check out my custom commission listing here:

✅Custom Animated Twitch Stream Overlay Full Pack Bundle | OBS Alerts, Screens, Emotes, Badges

🔗 https://cozyjsstudio.etsy.com/listing/4500763545",25.6,USD,5,"cozy_stream_overlay,twitch_overlay_cozy,twitch_overlay,vtuber_room,animated_overlay,stream_overlay,animated_twitch_pack,animated_screens,Cozy_Witchy_Overlay,Lofi_Bedroom,Celestial_Bedroom,Gothic_Overlay,V_tuber_Overlay",,https://i.etsystatic.com/61635066/r/il/9ef18e/8058722832/il_fullxfull.8058722832_i89b.jpg,https://i.etsystatic.com/61635066/r/il/49b911/8106592685/il_fullxfull.8106592685_aet9.jpg,https://i.etsystatic.com/61635066/r/il/986244/8106721627/il_fullxfull.8106721627_bjxu.jpg,https://i.etsystatic.com/61635066/r/il/22c18a/8058677104/il_fullxfull.8058677104_f2uu.jpg,https://i.etsystatic.com/61635066/r/il/cd65d5/8106585311/il_fullxfull.8106585311_l9sm.jpg,https://i.etsystatic.com/61635066/r/il/9adf10/8058679034/il_fullxfull.8058679034_e2qb.jpg,https://i.etsystatic.com/61635066/r/il/8e365e/8058673852/il_fullxfull.8058673852_l941.jpg,https://i.etsystatic.com/61635066/r/il/894387/8106748713/il_fullxfull.8106748713_swes.jpg,https://i.etsystatic.com/61635066/r/il/39bd85/8058678780/il_fullxfull.8058678780_jaey.jpg,https://i.etsystatic.com/61635066/r/il/bf4996/8106751445/il_fullxfull.8106751445_m6ym.jpg,,,,,,,,,,
"Starry Night Moon Animated Overlay | Twitch Overlay | YouTube | Kick | lo-fi Room Overlays","Starry Night Moon Overlay Animated Stream Package
Stream Overlay, Animated Overlay, Twitch Overlay, lo-fi Forest overlay, 

Starry Night Moon Stream Overlays:
INSTANT DIGITAL DOWNLOAD
This is a digital product, nothing physical will be shipped.

• What will you get?
When you purchase this product, you’ll get a .PDF file containing a direct link to a Google Drive folder with the complete package.

Package Includes:
Starry Night Moon Screens:
4 Static & 3 Animation Version Screens:
✅ Starting Soon (animated+static) 
✅ Be Right Back (animated+static) 
✅ Stream Ending (animated+static) 
✅ Offline Screen (static) (.PNG format)

Starry Night Moon Overlays/Intermission:
✅ 4 Animated Just Chatting / Intermission Screens: 16:9 (1080x1920) (animated+static) Webm/PNG

Starry Night Moon Facecam :
✅ 2 Animated Facecam Overlay (animated+static)  Webm/PNG

Starry Night Moon Panels:
✅ 30 Panels (.PNG format)

Starry Night Moon Alerts:
✅ 6 Animated Alerts (WEBM format) (animated+static) Webm/PNG

Starry Night Moon Stream Labels:
✅ 4 Animated Stream Labels (animated+static) Webm/PNG

Wallpapers/Background:
✅ 2 Wallpapers (1 Animated, 1 Static) (animated+static) Webm/PNG

Starry Night Moon Stinger Transition:
✅ Animated Stinger Transition (.WEBM transparent)

Starry Night Moon Social Media Kit (BANNERS)
✅ social media Kit (Twitch, Twitter, Kick, YouTube Headers) (PNG format)

Starry Night Moon Sub Badges :
✅ 8 Sub Badges (.PNG format)
✅ +200 Sub Badges Bonus (.PNG format)

Tutorial:
✅ PDF Tutorial (How to install your overlays) 


Feel free to ask me to add something to this package if something is missing here for your stream.
I can also add a translation, if you need, write to me. (Latin characters only)
Color and font changes are not accepted.

• Please Note: This item is licensed for personal use only. Commercial use, resale, or distribution to third parties or other platforms is strictly prohibited.

If you have any questions or encounter any issues with this product, please feel free to contact me anytime.

Animated twitch overlay By :
CozyJsStudio => https://cozyjsstudio.etsy.com

🖌️Tools Used: Adobe Photoshop, Adobe Firefly AI, Adobe After Effect, and Adobe Illustrator🖌️



✅If you want to bring your unique vision to life with a fully tailored stream package, please check out my custom commission listing here:

✅Custom Animated Twitch Stream Overlay Full Pack Bundle | OBS Alerts, Screens, Emotes, Badges

🔗 https://cozyjsstudio.etsy.com/listing/4500763545",24.6,USD,6,"cozy_stream_overlay,twitch_overlay_cozy,twitch_overlay,vtuber_room,animated_overlay,stream_overlay,animated_twitch_pack,animated_screens,calm_fantasy,calm_twitch_overlay,vtuber_overlay,cottagecore_Overlay,Moon_night_Overlay",,https://i.etsystatic.com/61635066/r/il/35a60f/8022116082/il_fullxfull.8022116082_fac2.jpg,https://i.etsystatic.com/61635066/r/il/58f49a/8021855390/il_fullxfull.8021855390_20wq.jpg,https://i.etsystatic.com/61635066/r/il/1f0b7b/8069775205/il_fullxfull.8069775205_otk2.jpg,https://i.etsystatic.com/61635066/r/il/5e546e/8069766323/il_fullxfull.8069766323_h94c.jpg,https://i.etsystatic.com/61635066/r/il/2465ad/8069773961/il_fullxfull.8069773961_23a4.jpg,https://i.etsystatic.com/61635066/r/il/8cbea3/8021852976/il_fullxfull.8021852976_80pq.jpg,https://i.etsystatic.com/61635066/r/il/195967/8021851530/il_fullxfull.8021851530_qa8h.jpg,https://i.etsystatic.com/61635066/r/il/7f198e/8022121140/il_fullxfull.8022121140_2gsz.jpg,https://i.etsystatic.com/61635066/r/il/980acf/8070712025/il_fullxfull.8070712025_qjer.jpg,https://i.etsystatic.com/61635066/r/il/1c4fd1/8069753825/il_fullxfull.8069753825_iics.jpg,,,,,,,,,,
"Lofi Sunset Orange Cat Overlay Animated Stream Package: Cozy | Twitch, YouTube, Kick | Coffee Overlays","Orange Cat Lofi Sunset Aesthetic Animated Stream Package | Orange Cat Twitch Overlay Pack | YouTube | kick | Coffee Overlays 

Orange Cat Lofi Sunset Coffee Stream Overlay:
INSTANT DIGITAL DOWNLOAD
This is a digital product, nothing physical will be shipped.

• What will you get?
When you purchase this product, you’ll get a .PDF file containing a direct link to a Google Drive folder with the complete package.

Package Includes:
Orange Cat Lofi Sunset Coffee Screens:
4 Static & 3 Animation Version Screens:
✅ Starting Soon (animated & static)
✅ Be Right Back (animated & static)
✅ Stream Ending (animated & static)
✅ Offline Screen (static) (.PNG format)

Orange Cat Lofi Sunset Coffee Overlays/Intermission:
✅ 2 Animated Just Chatting / Intermission Screens: 16:9 (1080x1920) (animated & static) Webm/PNG

Orange Cat Lofi Sunset Coffee Facecam :
✅ 2 Animated Facecam Overlay (animated & static) Webm/PNG

Orange Cat  Lofi Sunset Coffee Panels :
✅ 30 Panels (.PNG format)

Orange Cat  Lofi Sunset Coffee Alerts :
✅ 6 Animated Alerts (WEBM format) (animated & static) Webm/PNG

Orange Cat  Lofi Sunset Coffee Twitch Emotes:
✅ 5 Twitch Emotes (WEBM format) (static) PNG

Orange Cat Lofi Sunset Coffee Twitch Sub Badges:
✅ 3 Twitch Sub Badges (WEBM format) (static) PNG

Orange Cat Lofi Sunset Coffee Stream Labels:
✅ 4 Animated Stream Labels (animated & static) Webm/PNG

Orange Cat Lofi Sunset Coffee Wallpapers/Background:
✅ 2 Wallpapers (1 Animated, 1 Static) (animated & static) Webm/PNG

Orange Cat Lofi Sunset Coffee Stinger Transition:
✅ Animated Stinger Transition (.WEBM transparent)

Orange Cat Lofi Sunset Coffee Social Media Kit (BANNERS)
✅ social media Kit (Twitch, Twitter, Kick, YouTube Headers) (PNG format)

Tutorial:
✅ PDF Tutorial (How to install your overlays)

Feel free to ask me to add something to this package if something is missing here for your stream.
Color and font changes are not accepted.

• Please Note: This item is licensed for personal use only. Commercial use, resale, or distribution to third parties or other platforms is strictly prohibited.

If you have any questions or encounter any issues with this product, please feel free to contact me anytime.

Orange Cat Lofi Sunset Coffee Animated twitch overlay By:
CozyJsStudio => https://cozyjsstudio.etsy.com

🖌️Tools Used: Adobe Photoshop, Adobe Firefly AI, Adobe After Effect, and Adobe Illustrator🖌️



✅If you want to bring your unique vision to life with a fully tailored stream package, please check out my custom commission listing here:

✅Custom Animated Twitch Stream Overlay Full Pack Bundle | OBS Alerts, Screens, Emotes, Badges

🔗 https://cozyjsstudio.etsy.com/listing/4500763545",24.6,USD,5,"Overlay_Orange_Cat,Stream_Cat_sunset,Orange_Cat_Overlays,Orange_Cat_Twitch,Orange_Cat_Overlay,Stream_Overlay,Twitch_Overlay,Coffee_Overlay,Sakura_Overlay,Cat_Package,Orange_Cat__Stream,Cat_overlay_pack,Cat_twitch_pack",,https://i.etsystatic.com/61635066/r/il/fb39bb/8034286055/il_fullxfull.8034286055_fqqi.jpg,https://i.etsystatic.com/61635066/r/il/7e452f/8032972187/il_fullxfull.8032972187_nqt8.jpg,https://i.etsystatic.com/61635066/r/il/aed578/8032873353/il_fullxfull.8032873353_fo6v.jpg,https://i.etsystatic.com/61635066/r/il/2eb869/8032886209/il_fullxfull.8032886209_4wm1.jpg,https://i.etsystatic.com/61635066/r/il/086cc2/7984931468/il_fullxfull.7984931468_tnd7.jpg,https://i.etsystatic.com/61635066/r/il/df2da5/7984932266/il_fullxfull.7984932266_so0s.jpg,https://i.etsystatic.com/61635066/r/il/c53b2f/7985529192/il_fullxfull.7985529192_bh4h.jpg,https://i.etsystatic.com/61635066/r/il/a179fa/7984932272/il_fullxfull.7984932272_2ex0.jpg,https://i.etsystatic.com/61635066/r/il/a4a187/8034286929/il_fullxfull.8034286929_htz0.jpg,https://i.etsystatic.com/61635066/r/il/794de8/7985030224/il_fullxfull.7985030224_e302.jpg,,,,,,,,,,
"Galaxy Eyes Cat Animated Stream Pack | Magical Forest Night Sky Overlay (Digital Download)","Galaxy Eyes Cat Animated Stream Package | Forest Twitch Overlay | YouTube | kick overlays, Cat Overlay Animated Stream Package, Sakura Overlay Animated Stream Package, Stream Overlay, Animated Overlay, Twitch Overlay, Cat overlay, Cat twitch, Gaming Setup Overlays

Galaxy Eyes Cat Stream Overlays:
INSTANT DIGITAL DOWNLOAD
This is a digital product, nothing physical will be shipped.

• What will you get?
When you purchase this product, you’ll get a .PDF file containing a direct link to a Google Drive folder with the complete package.

Package Includes:
Galaxy Eyes Cat Screens:
4 Static & 3 Animation Version Screens:
✅ Starting Soon (animated & static) 
✅ Be Right Back (animated & static) 
✅ Stream Ending (animated & static) 
✅ Offline Screen (static) (.PNG format)

Galaxy Eyes Cat Overlays/Intermission:
✅ 4 Animated Just Chatting / Intermission Screens: 16:9 (1080x1920) (animated & static) WEBm/PNG

Galaxy Eyes Cat Facecams :
✅ 2 Animated Facecam Overlay (animated & static)  WEBm/PNG

Galaxy Eyes Cat Panels:
✅ 28 Panels (.PNG format)

Galaxy Eyes Cat Twitch Emotes:
✅ 5 Twitch Emotes (.PNG format)

Galaxy Eyes Cat Sub Badges:
✅ 3 Sub Badges (.PNG format)

Galaxy Eyes Cat Alerts:
✅ 6 Animated Alerts (WEBM format) (animated & static) WEBm/PNG

Galaxy Eyes Cat Stream Labels:
✅ 4 Animated Stream Labels (animated & static) WEBm/PNG

Wallpapers/Background:
✅ 2 Wallpapers (1 Animated, 1 Static) (animated & static) WEBm/PNG

Galaxy Eyes Cat Stinger Transition:
✅ Animated Stinger Transition (. WEBM transparent)

Galaxy Eyes Cat Social Media Kit (BANNERS)
✅ social media Kit (Twitch, Twitter, Kick, YouTube Headers) (PNG format)

Tutorial:
✅ PDF Tutorial (How to install your overlays) 

Feel free to ask me to add something to this package if something is missing here for your stream.
I can also add a translation, if you need, write to me. (Latin characters only)
Color and font changes are not accepted.

• Please Note: This item is licensed for personal use only. Commercial use, resale, or distribution to third parties or other platforms is strictly prohibited.

If you have any questions or encounter any issues with this product, please feel free to contact me anytime.

Galaxy Eyes Cat Animated twitch overlay By:
CozyJsStudio => https://cozyjsstudio.etsy.com

🖌️Tools Used: Adobe Photoshop, Adobe Firefly AI, Adobe After Effect, and Adobe Illustrator🖌️



✅If you want to bring your unique vision to life with a fully tailored stream package, please check out my custom commission listing here:

✅Custom Animated Twitch Stream Overlay Full Pack Bundle | OBS Alerts, Screens, Emotes, Badges

🔗 https://cozyjsstudio.etsy.com/listing/4500763545",25.6,USD,5,"Stream_Overlay,Twitch_Overlay,Cat_Twitch_Overlay,Stream_Overlay_Cat,Galaxy_Cat_Overlay,Magic_Twitch_Package,Cozy_Stream_Overlay,Animated_Stream_Pack,Night_Forest_Overlay,Black_Cat_Overlay,Cute_Twitch_Overlays,Starry_Sky_Overlay,Lofi_Twitch_Setup",,https://i.etsystatic.com/61635066/r/il/f1da15/7971694548/il_fullxfull.7971694548_3gne.jpg,https://i.etsystatic.com/61635066/r/il/0b4178/8019585737/il_fullxfull.8019585737_fj3d.jpg,https://i.etsystatic.com/61635066/r/il/bdd467/8019558097/il_fullxfull.8019558097_mb7j.jpg,https://i.etsystatic.com/61635066/r/il/322a92/8019579843/il_fullxfull.8019579843_qw2w.jpg,https://i.etsystatic.com/61635066/r/il/a0e993/7971607354/il_fullxfull.7971607354_919o.jpg,https://i.etsystatic.com/61635066/r/il/98b958/7971608140/il_fullxfull.7971608140_dhhw.jpg,https://i.etsystatic.com/61635066/r/il/c639d8/8020013995/il_fullxfull.8020013995_fum0.jpg,https://i.etsystatic.com/61635066/r/il/1ce81a/8019643267/il_fullxfull.8019643267_3sw0.jpg,https://i.etsystatic.com/61635066/r/il/8d0fa1/8019642921/il_fullxfull.8019642921_ikex.jpg,https://i.etsystatic.com/61635066/r/il/a27325/7971694152/il_fullxfull.7971694152_5r6o.jpg,,,,,,,,,,
"Animated Twitch Overlay Pack | Cozy Gamer Room, Starry Sky (Digital Download)","Animated Pack Twitch Overlay Cozy Gamer Room  | Purple Midnight Starry Sky | Overlays for OBS | Aesthetic Black Cat 

Stream Overlay :
INSTANT DIGITAL DOWNLOAD
This is a digital product, nothing physical will be shipped .

This animated stream overlay pack is designed for Twitch, YouTube, and Kick. The Blossom Fox theme features a cute fox aesthetic with animated and static elements for a complete stream setup.

What you receive ?
After purchase, you will receive a PDF file with a direct link to a Google Drive folder containing the full package.

Package Includes :
Screens :
4 Static & 3 Animation Version Screens :
✅ Starting Soon (animated+static)
✅ Be Right Back (animated+static)
✅ Stream Ending (animated+static)
✅ Offline Screen (static) (.PNG format)

Overlays/Intermission :
✅ 4 Animated Just Chatting / Intermission Screens : 16:9 (1080x1920) (animated+static) Webm/PNG

Facecam :
✅ 2 Animated Facecam Overlay (animated+static) Webm/PNG

Panels :
✅ 27 Panels (.PNG format)

Alerts :
✅ 13 Animated Alerts (WEBM format) (animated+static) Webm/PNG

Twitch Emotes :
✅ 5 Twitch Emotes (WEBM format) (static) PNG

Twitch Sub-Badges :
✅ 3 Twitch Sub-Badges (WEBM format) (static) PNG

Stream Labels :
✅ 6 Animated Stream Labels (animated+static) Webm/PNG

Wallpapers/Background :
✅ 4 Wallpapers (2 Animated, 2 Static) (animated+static) Webm/PNG

Stinger Transition :
✅ Animated Stinger Transition (.WEBM transparent)

Social Media Kit (BANNERS)
✅ Social Media Kit (Twitch, Twitter, Kick, YouTube Headers) (PNG format)

Tutorial :
✅ PDF Tutorial (How to install your overlays)


Feel free to ask me to add something to this package if something is missing here for your stream.
Color and font changes are not accepted.

• Please Note: This item is licensed for personal use only. Commercial use, resale, or distribution to third parties or other platforms is strictly prohibited.

If you have any questions or encounter any issues with this product, please feel free to contact me anytime.

Animated twitch overlay By :
CozyJsStudio => https://cozyjsstudio.etsy.com

🖌️Tools Used: Adobe Photoshop, Adobe Firefly AI, Adobe After Effect, and Adobe Illustrator🖌️



✅If you want to bring your unique vision to life with a fully tailored stream package, please check out my custom commission listing here:

✅Custom Animated Twitch Stream Overlay Full Pack Bundle | OBS Alerts, Screens, Emotes, Badges

🔗 https://cozyjsstudio.etsy.com/listing/4500763545",24.6,USD,6,"Cat_twitch_overlay,twitch_overlay_pack,cat_twitch,Animated_Pack,Cozy_Gamer_Room,Purple_Midnight,Starry_Sky,Overlays_for_OBS,Aesthetic_Black_Cat,samurai_twitch,japanese_overlay,Sakura_overlay,Twitch_japanese",,https://i.etsystatic.com/61635066/r/il/26e058/7570981459/il_fullxfull.7570981459_sndd.jpg,https://i.etsystatic.com/61635066/r/il/88aa59/7523040242/il_fullxfull.7523040242_reop.jpg,https://i.etsystatic.com/61635066/r/il/4a6aae/7523081328/il_fullxfull.7523081328_ebn2.jpg,https://i.etsystatic.com/61635066/r/il/c4e4a4/7523082178/il_fullxfull.7523082178_ougg.jpg,https://i.etsystatic.com/61635066/r/il/eae8db/7570977503/il_fullxfull.7570977503_clo9.jpg,https://i.etsystatic.com/61635066/r/il/20a339/7523034120/il_fullxfull.7523034120_ktn0.jpg,https://i.etsystatic.com/61635066/r/il/206f52/7523038302/il_fullxfull.7523038302_k8ez.jpg,https://i.etsystatic.com/61635066/r/il/de1050/7523037956/il_fullxfull.7523037956_ths9.jpg,https://i.etsystatic.com/61635066/r/il/f0fb14/7570977521/il_fullxfull.7570977521_q8w6.jpg,https://i.etsystatic.com/61635066/r/il/e8929e/7523040232/il_fullxfull.7523040232_qprp.jpg,,,,,,,,,,
"Bunny Cloud Jars Twitch Badges | Kawaii Sub Bits Icons (Digital Download)","Bunny Cloud Jars Twitch Badges | Cute Bunny Sub Bits & Channel Point Icons | Twitch Discord Bundle All Sizes
Give your subs something to fall in love with six Cute Bunny inside glowing glass jars.
Perfect for cozy, kawaii, and lofi-style Twitch channels looking for a soft, magical badge set your community will actually want to level up for.

INSTANT DIGITAL DOWNLOAD
This is a digital product nothing physical will be shipped.
What will you get?
When you purchase this product, you'll get a .PDF file containing a direct link to a Google Drive folder with the complete package.

Package Includes Cute Bunny Sub Badges:
✅ x6 Sub Badges Cute Bunny
✅ All sizes included For Sub Badges (18x18, 36x36, 72x72 px)
✅ All sizes included For Emotes: 28x28, 56x56, 112x112 px 
✅+ Bonus 200x200 px
✅ .PNG format, transparent background
✅ Ready to upload directly to Twitch subscriber badge tiers
Compatible with: Twitch (subscriber badges), and easily adaptable for Kick, YouTube Membership badges, or Discord roles on request.


Please Note: This item is licensed for personal use only. Commercial use, resale, or distribution to third parties or other platforms is strictly prohibited.
If you have any questions or run into issues with your files, feel free to contact me anytime.

Animated Twitch Overlay & Assets By: CozyJsStudio → https://cozyjsstudio.etsy.com
🖌️ Tools Used: Adobe Photoshop, Adobe Firefly AI🖌️

✅ Want a fully matching overlay package (Starting Soon, alerts, panels, emotes) to go with these badges? Check out my custom commission listing:
🔗https://cozyjsstudio.etsy.com/listing/4500763545",6.49,USD,16,"bunny_cloud_jars,bunny_badges,bunny_twitch,twitch_badges,sub_badges,bit_badges,channel_points,discord_icons,cute_badges,stream_badges,kawaii_badges,badge_bundle,twitch_reward",,https://i.etsystatic.com/61635066/r/il/4fc320/8254487324/il_fullxfull.8254487324_q975.jpg,https://i.etsystatic.com/61635066/r/il/1d8200/8302400853/il_fullxfull.8302400853_p98e.jpg,https://i.etsystatic.com/61635066/r/il/7ef637/8302408577/il_fullxfull.8302408577_7nz1.jpg,https://i.etsystatic.com/61635066/r/il/7a2155/8302399473/il_fullxfull.8302399473_b0ff.jpg,https://i.etsystatic.com/61635066/r/il/2cc961/8302408277/il_fullxfull.8302408277_5jud.jpg,https://i.etsystatic.com/61635066/r/il/77d5f2/8302399719/il_fullxfull.8302399719_ezg3.jpg,https://i.etsystatic.com/61635066/r/il/9151df/8254526204/il_fullxfull.8254526204_2c9y.jpg,https://i.etsystatic.com/61635066/r/il/4ef9f9/8302399119/il_fullxfull.8302399119_50xr.jpg,https://i.etsystatic.com/61635066/r/il/b6413c/8302407977/il_fullxfull.8302407977_iuyo.jpg,https://i.etsystatic.com/61635066/r/il/02dbc7/8302408287/il_fullxfull.8302408287_jio5.jpg,,,,,,,,,,
"Wildflower Jars Twitch Badges | Cottage Sub Bits Icons (Digital Download)","Wildflower Jars Twitch Badges | Cute Cottage Sub Bits & Channel Point Icons | Twitch Discord Bundle All Sizes
Give your subs something to fall in love with six Wildflower Jars. 
Perfect for cozy, kawaii, and lofi-style Twitch channels looking for a soft, magical badge set your community will actually want to level up for.

INSTANT DIGITAL DOWNLOAD
This is a digital product — nothing physical will be shipped.
What will you get?
When you purchase this product, you'll get a .PDF file containing a direct link to a Google Drive folder with the complete package.

Package Includes —Wildflower Jars Sub Badges:
✅ x6 Sub Badges Wildflower Jars
✅ All sizes included For Sub Badges (18x18, 36x36, 72x72 px)
✅ All sizes included For Emotes: 28x28, 56x56, 112x112 px 
✅+ Bonus 200x200 px
✅ .PNG format, transparent background
✅ Ready to upload directly to Twitch subscriber badge tiers
Compatible with: Twitch (subscriber badges), and easily adaptable for Kick, YouTube Membership badges, or Discord roles on request.


Please Note: This item is licensed for personal use only. Commercial use, resale, or distribution to third parties or other platforms is strictly prohibited.
If you have any questions or run into issues with your files, feel free to contact me anytime.

Animated Twitch Overlay & Assets By: CozyJsStudio → https://cozyjsstudio.etsy.com
🖌️ Tools Used: Adobe Photoshop, Adobe Firefly AI🖌️

✅ Want a fully matching overlay package (Starting Soon, alerts, panels, emotes) to go with these badges? Check out my custom commission listing:
🔗https://cozyjsstudio.etsy.com/listing/4500763545",6.49,USD,18,"wildflower_jars,cottage_badges,cottage_twitch,twitch_badges,sub_badges,bit_badges,channel_points,discord_icons,cute_badges,stream_badges,kawaii_badges,badge_bundle,twitch_reward",,https://i.etsystatic.com/61635066/r/il/ae267d/8266838880/il_fullxfull.8266838880_nvvs.jpg,https://i.etsystatic.com/61635066/r/il/86343b/8266857070/il_fullxfull.8266857070_pkus.jpg,https://i.etsystatic.com/61635066/r/il/17a799/8266857124/il_fullxfull.8266857124_5lt1.jpg,https://i.etsystatic.com/61635066/r/il/1505d9/8266836428/il_fullxfull.8266836428_j1ld.jpg,https://i.etsystatic.com/61635066/r/il/5f503f/8266835618/il_fullxfull.8266835618_rd7g.jpg,https://i.etsystatic.com/61635066/r/il/51b9bf/8266856612/il_fullxfull.8266856612_95q6.jpg,https://i.etsystatic.com/61635066/r/il/5ee751/8314749263/il_fullxfull.8314749263_f261.jpg,https://i.etsystatic.com/61635066/r/il/fa28d5/8314769533/il_fullxfull.8314769533_ozzv.jpg,https://i.etsystatic.com/61635066/r/il/d25fea/8266836328/il_fullxfull.8266836328_o4ru.jpg,https://i.etsystatic.com/61635066/r/il/93e5e2/8266856790/il_fullxfull.8266856790_hhae.jpg,,,,,,,,,,
"Fox Glow Jars Twitch Badges | Sleepy Fox Sub Bits, Channel Point Icons (Digital Download)","Fox Glow Jars Twitch Badges | Cute Fox Sub Bits & Channel Point Icons | Twitch Discord Bundle All Sizes
Give your subs something to fall in love with six sleepy Foxs curled up inside glowing glass jars, each one cradling a crescent moon or star and drifting on a little cloud under a dreamy purple night sky. 
Perfect for cozy, kawaii, and lofi-style Twitch channels looking for a soft, magical badge set your community will actually want to level up for.

INSTANT DIGITAL DOWNLOAD
This is a digital product — nothing physical will be shipped.
What will you get?
When you purchase this product, you'll get a .PDF file containing a direct link to a Google Drive folder with the complete package.

Package Includes — Cozy Fox Jars Sub Badges:
✅ x6 Sub Badges 
✅ All sizes included For Sub Badges (18x18, 36x36, 72x72 px)
✅ All sizes included For Emotes: 28x28, 56x56, 112x112 px 
✅+ Bonus 200x200 px
✅ .PNG format, transparent background
✅ Ready to upload directly to Twitch subscriber badge tiers
Compatible with: Twitch (subscriber badges), and easily adaptable for Kick, YouTube Membership badges, or Discord roles on request.


Please Note: This item is licensed for personal use only. Commercial use, resale, or distribution to third parties or other platforms is strictly prohibited.
If you have any questions or run into issues with your files, feel free to contact me anytime.

Animated Twitch Overlay & Assets By: CozyJsStudio → https://cozyjsstudio.etsy.com
🖌️ Tools Used: Adobe Photoshop, Adobe Firefly AI🖌️

✅ Want a fully matching overlay package (Starting Soon, alerts, panels, emotes) to go with these badges? Check out my custom commission listing:
🔗https://cozyjsstudio.etsy.com/listing/4500763545",6.49,USD,18,"fox_glow_jars,fox_badges,fox_twitch,twitch_badges,sub_badges,bit_badges,channel_points,discord_icons,cute_badges,stream_badges,kawaii_badges,badge_bundle,twitch_reward",,https://i.etsystatic.com/61635066/r/il/90708e/8298612917/il_fullxfull.8298612917_rqt2.jpg,https://i.etsystatic.com/61635066/r/il/423d82/8250701542/il_fullxfull.8250701542_3iaa.jpg,https://i.etsystatic.com/61635066/r/il/ead3ae/8298703293/il_fullxfull.8298703293_mo0z.jpg,https://i.etsystatic.com/61635066/r/il/48cb74/8250700806/il_fullxfull.8250700806_mwtn.jpg,https://i.etsystatic.com/61635066/r/il/350c71/8250701070/il_fullxfull.8250701070_jzqc.jpg,https://i.etsystatic.com/61635066/r/il/c0691c/8250694700/il_fullxfull.8250694700_m7sk.jpg,https://i.etsystatic.com/61635066/r/il/ddf36f/8298608515/il_fullxfull.8298608515_7o4p.jpg,https://i.etsystatic.com/61635066/r/il/6d1e3c/8250701354/il_fullxfull.8250701354_ebzu.jpg,https://i.etsystatic.com/61635066/r/il/0018aa/8298610463/il_fullxfull.8298610463_n5cm.jpg,https://i.etsystatic.com/61635066/r/il/211234/8298604001/il_fullxfull.8298604001_5ge9.jpg,,,,,,,,,,
"Y2K Spooky Cat Animated Overlay | Twitch Overlay | YouTube | Kick | Goth Halloween Overlays","Y2K Spooky Cat Overlay Animated Stream Package
Stream Overlay, Animated Overlay, Twitch Overlay, Crow overlay, 

Y2K Spooky Cat Stream Overlays:
INSTANT DIGITAL DOWNLOAD
This is a digital product, nothing physical will be shipped.

• What will you get?
When you purchase this product, you’ll get a .PDF file containing a direct link to a Google Drive folder with the complete package.

Package Includes:
Y2K Spooky Cat Screens:
4 Static & 3 Animation Version Screens:
✅ Starting Soon (animated+static) 
✅ Be Right Back (animated+static) 
✅ Stream Ending (animated+static) 
✅ Offline Screen (static) (.PNG format)

Y2K Spooky Cat Overlays/Intermission:
✅ 4 Animated Just Chatting / Intermission Screens: 16:9 (1080x1920) (animated+static) Webm/PNG

Y2K Spooky Cat Facecam :
✅ 2 Animated Facecam Overlay (animated+static)  Webm/PNG

Y2K Spooky Cat Panels:
✅ 27 Panels (.PNG format)

Y2K Spooky Cat Twitch Emotes:
✅ 5 Twitch Emotes (.PNG format)

Y2K Spooky Cat Sub Badges:
✅ 3 Sub Badges (.PNG format)

Y2K Spooky CatAlerts :
✅ 6 Animated Alerts (WEBM format) (animated+static) Webm/PNG

Y2K Spooky Cat Stream Labels:
✅ 4 Animated Stream Labels (animated+static) Webm/PNG

Wallpapers/Background:
✅ 2 Wallpapers (1 Animated, 1 Static) (animated+static) Webm/PNG

Y2K Spooky Cat Stinger Transition:
✅ Animated Stinger Transition (.WEBM transparent)

Y2K Spooky Cat Social Media Kit (BANNERS)
✅ Social Media Kit (Twitch, Twitter, Kick, YouTube Headers) (PNG format)

Tutorial :
✅ PDF Tutorial (How to install your overlays)


Feel free to ask me to add something to this package if something is missing here for your stream.
I can also add a translation, if you need, write to me. (Latin characters only)
Color and font changes are not accepted.

• Please Note: This item is licensed for personal use only. Commercial use, resale, or distribution to third parties or other platforms is strictly prohibited.

If you have any questions or encounter any issues with this product, please feel free to contact me anytime.

Y2K Spooky Cat Animated twitch overlay By :
CozyJsStudio => https://cozyjsstudio.etsy.com

🖌️Tools Used: Adobe Photoshop, Adobe Firefly AI, Adobe After Effect, and Adobe Illustrator🖌️



✅If you want to bring your unique vision to life with a fully tailored stream package, please check out my custom commission listing here:

✅Custom Animated Twitch Stream Overlay Full Pack Bundle | OBS Alerts, Screens, Emotes, Badges

🔗 https://cozyjsstudio.etsy.com/listing/4500763545",23.6,USD,6,"Twitch_Overlay_cat,Stream_Overlay_cat,Stream_Overlay,Twitch_Overlay,Sakura_Overlay,gothic_Overlay,Spooky_Cat_Twitch,Spooky_Overlay,Halloween_Twitch,Cat_Twitch_Overlay,Witch_Cat_Twitch,Spooky_Witch_Overlay,Goth_Halloween",,https://i.etsystatic.com/61635066/r/il/69d58c/8198518705/il_fullxfull.8198518705_n9zb.jpg,https://i.etsystatic.com/61635066/r/il/629e99/8150589170/il_fullxfull.8150589170_7xt7.jpg,https://i.etsystatic.com/61635066/r/il/c51b9d/8150578792/il_fullxfull.8150578792_fmig.jpg,https://i.etsystatic.com/61635066/r/il/14592b/8150578714/il_fullxfull.8150578714_d9ki.jpg,https://i.etsystatic.com/61635066/r/il/68f00a/8198487917/il_fullxfull.8198487917_d2e1.jpg,https://i.etsystatic.com/61635066/r/il/02a179/8150572956/il_fullxfull.8150572956_p8az.jpg,https://i.etsystatic.com/61635066/r/il/5ff669/8150573220/il_fullxfull.8150573220_27f9.jpg,https://i.etsystatic.com/61635066/r/il/dc3438/8150571368/il_fullxfull.8150571368_m4v0.jpg,https://i.etsystatic.com/61635066/r/il/b95e2f/8150579262/il_fullxfull.8150579262_l4u0.jpg,https://i.etsystatic.com/61635066/r/il/fdf2f9/8150588618/il_fullxfull.8150588618_d0jq.jpg,,,,,,,,,,
"Otter Overlay Animated Stream Package: Twitch, YouTube, Kick | Setup Room Sakura Overlays","Otter Overlay Animated Stream Package: Twitch, YouTube, Kick | Setup Room Sakura Overlays Animated Otter & Sakura stream package preview for Twitch, YouTube, and Kick. This cherry blossom stream pack features a pastel pink Japanese gaming setup room aesthetic. Perfect for a cozy black, white, and pink Sakura Twitch aesthetic! Elevate your stream with these cute, animated overlays.

Otter Stream Overlays:
INSTANT DIGITAL DOWNLOAD
This is a digital product, nothing physical will be shipped.

• What will you get?
When you purchase this product, you’ll get a .PDF file containing a direct link to a Google Drive folder with the complete package.

Package Includes:
Otter Screens:
4 Static & 3 Animation Version Screens:
✅ Starting Soon (animated & static)
✅ Be Right Back (animated & static)
✅ Stream Ending (animated & static)
✅ Offline Screen (static) (.PNG format)

Otter Overlays/Intermission:
✅ 4 Animated Just Chatting / Intermission Screens: 16:9 (1080x1920) (animated & static) WEBm/PNG

Otter Facecams :
✅ 2 Animated Facecam Overlay (animated & static) WEBm/PNG

Otter Panels:
✅ 28 Panels (.PNG format)

Otter Twitch Emotes:
✅ 5 Twitch Emotes (.PNG format)

Otter Sub Badges:
✅ 3 Sub Badges (.PNG format)

Otter Alerts:
✅ 6 Animated Alerts (WEBM format) (animated & static) WEBm/PNG

Otter Stream Labels:
✅ 4 Animated Stream Labels (animated & static) WEBm/PNG

Wallpapers/Background:
✅ 2 Wallpapers (1 Animated, 1 Static) (animated & static) WEBm/PNG

Otter Stinger Transition:
✅ Animated Stinger Transition (. WEBM transparent)

Otter Social Media Kit (BANNERS)
✅ social media Kit (Twitch, Twitter, Kick, YouTube Headers) (PNG format)

Tutorial:
✅ PDF Tutorial (How to install your overlays)

Feel free to ask me to add something to this package if something is missing here for your stream.
I can also add a translation, if you need, write to me. (Latin characters only)
Color and font changes are not accepted.

• Please Note: This item is licensed for personal use only. Commercial use, resale, or distribution to third parties or other platforms is strictly prohibited.

If you have any questions or encounter any issues with this product, please feel free to contact me anytime.

Otter Animated twitch overlay By:
CozyJsStudio => https://cozyjsstudio.etsy.com

🖌️Tools Used: Adobe Photoshop, Adobe Firefly AI, Adobe After Effect, and Adobe Illustrator🖌️



✅If you want to bring your unique vision to life with a fully tailored stream package, please check out my custom commission listing here:

✅Custom Animated Twitch Stream Overlay Full Pack Bundle | OBS Alerts, Screens, Emotes, Badges

🔗 https://cozyjsstudio.etsy.com/listing/4500763545",24.6,USD,6,"twitch_overlay,twitch_overlays,twitch_overlay_anime,stream_overlays,stream_overlay,Sakura_overlay,Setup_Overlay,Otter_Overlay,Otter_Twitch,Otter_Overlays,Sakura_Dreams,Cherry_Blossom_Theme,Sakura_Petals_Stream",,https://i.etsystatic.com/61635066/r/il/76a964/7928779136/il_fullxfull.7928779136_apkb.jpg,https://i.etsystatic.com/61635066/r/il/fa8b9d/7976736877/il_fullxfull.7976736877_3hot.jpg,https://i.etsystatic.com/61635066/r/il/e6f7b0/7928757222/il_fullxfull.7928757222_d39h.jpg,https://i.etsystatic.com/61635066/r/il/776890/7976709215/il_fullxfull.7976709215_m9gt.jpg,https://i.etsystatic.com/61635066/r/il/61b0ce/7976723357/il_fullxfull.7976723357_efu8.jpg,https://i.etsystatic.com/61635066/r/il/71ab70/7928769646/il_fullxfull.7928769646_1w8e.jpg,https://i.etsystatic.com/61635066/r/il/805f84/7976712845/il_fullxfull.7976712845_n114.jpg,https://i.etsystatic.com/61635066/r/il/8bc36a/7928774138/il_fullxfull.7928774138_ncrc.jpg,https://i.etsystatic.com/61635066/r/il/293328/7976712739/il_fullxfull.7976712739_oxfc.jpg,https://i.etsystatic.com/61635066/r/il/d7dd40/7976735343/il_fullxfull.7976735343_8wfh.jpg,,,,,,,,,,
"Whimsical Witch's Library Cats Animated Overlay | Twitch Overlay | YouTube | Kick | Goth Halloween Overlays","Whimsical Witch's Library Cats Overlay Animated Stream Package
Stream Overlay, Animated Overlay, Twitch Overlay, Halloween overlay, 

Whimsical Witch's Library Cats Stream Overlays:
INSTANT DIGITAL DOWNLOAD
This is a digital product, nothing physical will be shipped.

• What will you get?
When you purchase this product, you’ll get a .PDF file containing a direct link to a Google Drive folder with the complete package.

Package Includes:
Whimsical Witch's Library Cats Screens:
4 Static & 3 Animation Version Screens:
✅ Starting Soon (animated+static) 
✅ Be Right Back (animated+static) 
✅ Stream Ending (animated+static) 
✅ Offline Screen (static) (.PNG format)

Whimsical Witch's Library Cats Overlays/Intermission:
✅ 4 Animated Just Chatting / Intermission Screens: 16:9 (1080x1920) (animated+static) Webm/PNG

Whimsical Witch's Library Cats Facecam :
✅ 2 Animated Facecam Overlay (animated+static)  Webm/PNG

Whimsical Witch's Library Cats Panels :
✅ 27 Panels (.PNG format)

Whimsical Witch's Library Cats Sub Badges:
✅ 3 Sub Badges (.PNG format)

Whimsical Witch's Library Cats Alerts:
✅ 6 Animated Alerts (WEBM format) (animated+static) Webm/PNG

Whimsical Witch's Library Cats Stream Labels:
✅ 4 Animated Stream Labels (animated+static) Webm/PNG

Wallpapers/Background :
✅ 2 Wallpapers (1 Animated, 1 Static) (animated+static) Webm/PNG

Whimsical Witch's Library Cats Stinger Transition:
✅ Animated Stinger Transition (.WEBM transparent)

Whimsical Witch's Library Cats Social Media Kit (BANNERS)
✅ Social Media Kit (Twitch, Twitter, Kick, YouTube Headers) (PNG format)

Tutorial :
✅ PDF Tutorial (How to install your overlays)


Feel free to ask me to add something to this package if something is missing here for your stream.
I can also add a translation, if you need, write to me. (Latin characters only)
Color and font changes are not accepted.

• Please Note: This item is licensed for personal use only. Commercial use, resale, or distribution to third parties or other platforms is strictly prohibited.

If you have any questions or encounter any issues with this product, please feel free to contact me anytime.

Whimsical Witch's Library Cats Animated twitch overlay By:
CozyJsStudio => https://cozyjsstudio.etsy.com

🖌️Tools Used: Adobe Photoshop, Adobe Firefly AI, Adobe After Effect, and Adobe Illustrator🖌️



✅If you want to bring your unique vision to life with a fully tailored stream package, please check out my custom commission listing here:

✅Custom Animated Twitch Stream Overlay Full Pack Bundle | OBS Alerts, Screens, Emotes, Badges

🔗 https://cozyjsstudio.etsy.com/listing/4500763545",23.6,USD,6,"Twitch_Overlay_cat,Stream_Overlay_cat,Stream_Overlay,Twitch_Overlay,gothic_Overlay,Spooky_Cat_Twitch,Spooky_Overlay,Halloween_Twitch,Cat_Twitch_Overlay,Witch_Cat_Twitch,Spooky_Witch_Overlay,Witch's_Library_Cats,Witch_cat_overlay",,https://i.etsystatic.com/61635066/r/il/1b174e/8212663465/il_fullxfull.8212663465_12ej.jpg,https://i.etsystatic.com/61635066/r/il/7a6e2e/8212666061/il_fullxfull.8212666061_1e59.jpg,https://i.etsystatic.com/61635066/r/il/6c05d9/8212648815/il_fullxfull.8212648815_tf8p.jpg,https://i.etsystatic.com/61635066/r/il/213569/8212657953/il_fullxfull.8212657953_4g6m.jpg,https://i.etsystatic.com/61635066/r/il/a0d995/8164717064/il_fullxfull.8164717064_gcdz.jpg,https://i.etsystatic.com/61635066/r/il/3e6a1a/8212649497/il_fullxfull.8212649497_i9e0.jpg,https://i.etsystatic.com/61635066/r/il/5fe0bf/8164717384/il_fullxfull.8164717384_rcjt.jpg,https://i.etsystatic.com/61635066/r/il/af9258/8212657407/il_fullxfull.8212657407_mgim.jpg,https://i.etsystatic.com/61635066/r/il/d20ad9/8212666413/il_fullxfull.8212666413_922e.jpg,https://i.etsystatic.com/61635066/r/il/6303e4/8164716622/il_fullxfull.8164716622_dguq.jpg,,,,,,,,,,
"Moonlit Samurai Animated Stream Package: Twitch Overlay, YouTube, Kick | Japanese Overlays","Moonlit Samurai Animated Stream Package
Stream Overlay, Animated Overlay, Twitch Overlay, Japanese overlays, 
---
Save 40+ hours ! Get your stream looking professional in under 30 minutes.
---
⭐ WHY CHOOSE THIS PACKAGE? ⭐
✅ 60+ Premium Items Included (see list below)
✅ Multiple File Formats (WEBM, PNG, MOV)
✅ Instant Download - Go Live TODAY
✅ Easy Setup Tutorial Included
✅ Works with OBS, Streamlabs, & All Major Software
---
📦 WHAT'S INCLUDED (60+ ITEMS): 📦

ANIMATED OVERLAYS:
Screens :
4 Static & 3 Animation Version Screens :
✅ Starting Soon (animated+static) 
✅ Be Right Back (animated+static) 
✅ Stream Ending (animated+static) 
✅ Offline Screen (static) (.PNG format)

ANIMATED ALERTS:
 6 Animated Alerts (WEBM format) (animated+static) Webm/PNG
✅ Follow Alert (Animated)
✅ Subscribe Alert (Animated)
✅ Donation Alert (Animated)
✅ Raid Alert (Animated)
✅ Host Alert (Animated)

STREAM ESSENTIALS:
✅ 27 Panels (.PNG format)
✅ 6 Sub-Badges (.PNG format)
✅ 2 Animated Facecam Overlay (animated+static)  Webm/PNG
✅ 4 Animated Just Chatting / Intermission Screens : 16:9 (1080x1920) (animated+static) Webm/PNG
✅ 2 Wallpapers /Background (1 Animated, 1 Static) (animated+static) Webm/PNG
✅ Animated Stinger Transition (.WEBM transparent)
✅ 4 Animated Stream Labels (animated+static) Webm/PNG
✅ Social Media Kit (BANNERS for :  Twitch, Twitter, Kick, YouTube Headers) (PNG format)
---
BONUS ITEMS:
✅ OBS/Streamlabs setup tutorial (PDF)
---
⚡ INSTANT DELIVERY: ⚡
Files delivered immediately after purchase via Etsy download
No waiting, no emails - start streaming in 30 minutes!
---
🎯 PERFECT FOR: 
• New streamers building their brand
• Experienced streamers refreshing their look
• Multi-platform creators (Twitch, YouTube, Kick)
• Gamers, chatters, IRL streamers
---
🛠️ TECHNICAL SPECS: 
• Format: WEBM (animated), PNG (static)
• Resolution: 1920x1080 (Full HD)
• Compatible: OBS, Streamlabs, all major software
---
   AFTER PURCHASE:
1. Download files instantly
2. Watch our 5-minute setup tutorial
3. Import into OBS/Streamlabs
4. Go live with professional setup!
---
⭐ LOVED BY STREAMERS! ⭐
---
❓ QUESTIONS? ❓
Message us anytime! We typically respond within 2 hours.

---
⚠️ IMPORTANT NOTES:
• Digital download - no physical items shipped
• Files are for personal streaming use
• Not for resale or redistribution
• Instant delivery - check your Etsy downloads
---
:) Created by Cozy Js Studio : 
https://cozyjsstudio.etsy.com

🖌️Tools Used: Adobe Photoshop, Adobe Firefly AI, Adobe After Effect, and Adobe Illustrator🖌️



✅If you want to bring your unique vision to life with a fully tailored stream package, please check out my custom commission listing here:

✅Custom Animated Twitch Stream Overlay Full Pack Bundle | OBS Alerts, Screens, Emotes, Badges

🔗 https://cozyjsstudio.etsy.com/listing/4500763545",24.6,USD,6,"japanese_overlay,japanese_overlays,Twitch_japanese,Japan_Overlay,Japan_Overlays,Samurai_overlay,Samurai_Overlays,stream_overlay,stream_overlays,Twitch_Overlay,Twitch_Overlays,twitch_overlay_anime,samurai_twitch",,https://i.etsystatic.com/61635066/r/il/15bcaa/7553109646/il_fullxfull.7553109646_i5lk.jpg,https://i.etsystatic.com/61635066/r/il/601e9b/7601053629/il_fullxfull.7601053629_n9k2.jpg,https://i.etsystatic.com/61635066/r/il/5dded9/7601050693/il_fullxfull.7601050693_3d7h.jpg,https://i.etsystatic.com/61635066/r/il/95ee68/7601053051/il_fullxfull.7601053051_205m.jpg,https://i.etsystatic.com/61635066/r/il/774548/7553105084/il_fullxfull.7553105084_m2c0.jpg,https://i.etsystatic.com/61635066/r/il/df8e1e/7601052065/il_fullxfull.7601052065_dotj.jpg,https://i.etsystatic.com/61635066/r/il/c4bfdc/7553108266/il_fullxfull.7553108266_8gw2.jpg,https://i.etsystatic.com/61635066/r/il/631ae1/7601051581/il_fullxfull.7601051581_3bc0.jpg,https://i.etsystatic.com/61635066/r/il/3a3e3b/7553108070/il_fullxfull.7553108070_nkmw.jpg,https://i.etsystatic.com/61635066/r/il/9db598/7601052323/il_fullxfull.7601052323_3dam.jpg,,,,,,,,,,
"Purple Moon Sakura Animated Stream Package: Twitch Overlay, YouTube, Kick | Japanese Overlays","Purple Moon Sakura Animated Stream Package
Stream Overlay, Animated Overlay, Twitch Overlay, Sakura overlay, Japanese Overlay

Stream Overlays :
INSTANT DIGITAL DOWNLOAD
This is a digital product, nothing physical will be shipped .

• What you will get?
When you purchase this product, you’ll get a .PDF file containing a direct link to a Google Drive folder with the complete package.

Package Includes :
Screens :
4 Static & 3 Animation Version Screens :
✅ Starting Soon (animated+static) 
✅ Be Right Back (animated+static) 
✅ Stream Ending (animated+static) 
✅ Offline Screen (static) (.PNG format)

Overlays/Intermission :
✅ 4 Animated Just Chatting / Intermission Screens : 16:9 (1080x1920) (animated+static) Webm/PNG

Facecam :
✅ 2 Animated Facecam Overlay (animated+static)  Webm/PNG

Panels :
✅ 27 Panels (.PNG format)

Alerts :
✅ 12 Animated Alerts (WEBM format) (animated+static) Webm/PNG

Stream Labels :
✅ 4 Animated Stream Labels (animated+static) Webm/PNG

Wallpapers/Background :
✅ 2 Wallpapers (1 Animated, 1 Static) (animated+static) Webm/PNG

Stinger Transition :
✅ Animated Stinger Transition (.WEBM transparent)

Social Media Kit (BANNERS)
✅ Social Media Kit (Twitch, Twitter, Kick, YouTube Headers) (PNG format)

Tutorial :
✅ PDF Tutorial (How to install your overlays) 

Feel free to ask me to add something to this package if something is missing here for your stream.
I can also add a translation, if you need, write to me. (Latin characters only)
Color and font changes are not accepted.

• Please Note: This item is licensed for personal use only. Commercial use, resale, or distribution to third parties or other platforms is strictly prohibited.

If you have any questions or encounter any issues with this product, please feel free to contact me anytime.

Animated Stream Overlays By :
CozyJsStudio

🖌️Tools Used: Adobe Photoshop, Adobe Firefly AI, Adobe After Effect, and Adobe Illustrator🖌️



✅If you want to bring your unique vision to life with a fully tailored stream package, please check out my custom commission listing here:

✅Custom Animated Twitch Stream Overlay Full Pack Bundle | OBS Alerts, Screens, Emotes, Badges

🔗 https://cozyjsstudio.etsy.com/listing/4500763545",30.6,USD,8,"japanese_overlay,japanese_overlays,Twitch_japanese,Japan_Overlay,Japan_Overlays,Samurai_overlay,Samurai_Overlays,stream_overlay,stream_overlays,Twitch_Overlay,Twitch_Overlays,samurai_twitch,twitch_overlay_anime",,https://i.etsystatic.com/61635066/r/il/ad0828/7555559757/il_fullxfull.7555559757_mtlj.jpg,https://i.etsystatic.com/61635066/r/il/a8e16a/7507617324/il_fullxfull.7507617324_egq7.jpg,https://i.etsystatic.com/61635066/r/il/d30b19/7507613586/il_fullxfull.7507613586_jddq.jpg,https://i.etsystatic.com/61635066/r/il/988a88/7507613588/il_fullxfull.7507613588_pvxw.jpg,https://i.etsystatic.com/61635066/r/il/945a73/7555555937/il_fullxfull.7555555937_jyzt.jpg,https://i.etsystatic.com/61635066/r/il/7d5907/7555555943/il_fullxfull.7555555943_sd31.jpg,https://i.etsystatic.com/61635066/r/il/e57041/7507613082/il_fullxfull.7507613082_7cvy.jpg,https://i.etsystatic.com/61635066/r/il/801fbc/7555557129/il_fullxfull.7555557129_hzia.jpg,https://i.etsystatic.com/61635066/r/il/ce79b2/7555561691/il_fullxfull.7555561691_9itg.jpg,https://i.etsystatic.com/61635066/r/il/845689/7507616616/il_fullxfull.7507616616_5qyk.jpg,,,,,,,,,,
"Cherry Blossom Animated Stream Package: Twitch Overlay, YouTube, Kick | Sakura Overlays","Cherry Blossom Animated Stream Package
Stream Overlay, Twitch Overlay, Sakura Overlays, Cherry Blossom Overlay

Stream Overlays :
INSTANT DIGITAL DOWNLOAD
This is a digital product, nothing physical will be shipped .

• What you will get?
When you purchase this product, you’ll get a .PDF file containing a direct link to a Google Drive folder with the complete package.

Package Includes :
Screens :
4 Static & 3 Animation Version Screens :
✅ Starting Soon (animated+static)
✅ Be Right Back (animated+static)
✅ Stream Ending (animated+static)
✅ Offline Screen (static) (.PNG format)

Overlays/Intermission :
✅ 4 Animated Just Chatting / Intermission Screens : 16:9 (1080x1920) (animated+static) Webm/PNG

Facecam :
✅ 2 Animated Facecam Overlay (animated+static) Webm/PNG

Panels :
✅ 27 Panels (.PNG format)

Alerts :
✅ 12 Animated Alerts (WEBM format) (animated+static) Webm/PNG

Stream Labels :
✅ 4 Animated Stream Labels (animated+static) Webm/PNG

Wallpapers/Background :
✅ 2 Wallpapers (1 Animated, 1 Static) (animated+static) Webm/PNG

Stinger Transition :
✅ Animated Stinger Transition (.WEBM transparent)

Social Media Kit (BANNERS)
✅ Social Media Kit (Twitch, Twitter, Kick, YouTube Headers) (PNG format)

Tutorial :
✅ PDF Tutorial (How to install your overlays)

Feel free to ask me to add something to this package if something is missing here for your stream.
I can also add a translation, if you need, write to me. (Latin characters only)
Color and font changes are not accepted.

• Please Note: This item is licensed for personal use only. Commercial use, resale, or distribution to third parties or other platforms is strictly prohibited.

If you have any questions or encounter any issues with this product, please feel free to contact me anytime.

Animated Stream Overlays By :
CozyJsStudio => https://cozyjsstudio.etsy.com

🖌️Tools Used: Adobe Photoshop, Adobe Firefly AI, Adobe After Effect, and Adobe Illustrator🖌️



✅If you want to bring your unique vision to life with a fully tailored stream package, please check out my custom commission listing here:

✅Custom Animated Twitch Stream Overlay Full Pack Bundle | OBS Alerts, Screens, Emotes, Badges

🔗 https://cozyjsstudio.etsy.com/listing/4500763545",24.6,USD,3,"twitch_overlay,stream_overlay,pink_overlay,cherry_blossom,sakura_overlay,cherry_overlay,cute_pink_overlay,pink_aesthetic,pink_stream_pack,purple_overlay,stream_twitch,samurai_twitch,twitch_overlay_anime",,https://i.etsystatic.com/61635066/r/il/090930/7555294611/il_fullxfull.7555294611_93gh.jpg,https://i.etsystatic.com/61635066/r/il/df4d9f/7555294459/il_fullxfull.7555294459_km36.jpg,https://i.etsystatic.com/61635066/r/il/0997f2/7555294925/il_fullxfull.7555294925_msg6.jpg,https://i.etsystatic.com/61635066/r/il/f794c1/7507351498/il_fullxfull.7507351498_5tx2.jpg,https://i.etsystatic.com/61635066/r/il/302ca2/7555294551/il_fullxfull.7555294551_gen3.jpg,https://i.etsystatic.com/61635066/r/il/d67393/7555295051/il_fullxfull.7555295051_irnd.jpg,https://i.etsystatic.com/61635066/r/il/2a72ff/7507353376/il_fullxfull.7507353376_4qla.jpg,https://i.etsystatic.com/61635066/r/il/e539e1/7555295227/il_fullxfull.7555295227_8lm9.jpg,https://i.etsystatic.com/61635066/r/il/5e9ad3/7555295299/il_fullxfull.7555295299_4ilq.jpg,https://i.etsystatic.com/61635066/r/il/bba905/7507354840/il_fullxfull.7507354840_pdy6.jpg,,,,,,,,,,
"Cherry Blossom Animated TikTok Stream Overlay Package, TikTok Overlays (Digital Download)","Cherry Blossom Animated Stream Package TIKTOK Streaming Overlay Package | Tiktok Live Animated Overlays | TikTok Stream Overlay | Webcam Overlays | Alerts | Tiktok Live Streaming



INSTANT DIGITAL DOWNLOAD
This is a digital product, nothing physical will be shipped .

• What you will get?
When you purchase this product, you’ll get a .PDF file containing a direct link to a Google Drive folder with the complete package.



Package Includes :

10 Animated Stream overlays 9:16, 1080x1920: Webm/PNG
X3 ANIMATED SCREENS + STATIC OFFLINE

STARTING (animated + static) 
PAUSE (animated + static) 
ENDING (animated + static) 
OFFLINE ( static) 

X4 ANIMATED AND STATIC ALERTS :

New subscriber (animated + static) Webm/PNG
New follower (animated + static) Webm/PNG
New gift  (animated + static) Webm/PNG
New Donation animated + static) Webm/PNG


X2 ANIMATED AND STATIC FACECAM :

FACECAM (animated + static) Webm/PNG


- 1x Stinger Transition ANIMATED (Webm)

X2 Walpapers 1 Animated + 1 Static

𝐃𝐞𝐭𝐚𝐢𝐥 𝐅𝐢𝐧𝐚𝐥 𝐏𝐫𝐨𝐝𝐮𝐜𝐭
Video Resolution: 1080x1920
Frame Rate: 60fps
Format: Webm + PNG + MP4
Language : English ONLY English ( If you need Different Language, please contact me )
Audio/Music/Sound : Not Included
Animated Looping : Included
File Type : Instant digital download



• Please Note: This item is licensed for personal use only. Commercial use, resale, or distribution to third parties or other platforms is strictly prohibited.

If you have any questions or encounter any issues with this product, please feel free to contact me anytime.



CozyJsStudio

🖌️Tools Used: Adobe Photoshop, Adobe Firefly AI, Adobe After Effect, and Adobe Illustrator🖌️



✅If you want to bring your unique vision to life with a fully tailored stream package, please check out my custom commission listing here:

✅Custom Animated Twitch Stream Overlay Full Pack Bundle | OBS Alerts, Screens, Emotes, Badges

🔗 https://cozyjsstudio.etsy.com/listing/4500763545",18.6,USD,6,"Sakura_Cherry,Cherry_Blossom,Sakura_Overlay,christmas_overlay,Blossom_overlay,Sakura_Overlays,Vertical_Overlay,tiktok_overlay,Tiktok_Stream,tiktok_overlays,Overlay_Tiktok,Tiktok_Streaming,Vertical_Overlays",,https://i.etsystatic.com/61635066/r/il/1dda52/7426286422/il_fullxfull.7426286422_m3ri.jpg,https://i.etsystatic.com/61635066/r/il/fc4984/7426295988/il_fullxfull.7426295988_9vvf.jpg,https://i.etsystatic.com/61635066/r/il/a654e2/7474220617/il_fullxfull.7474220617_3pf5.jpg,https://i.etsystatic.com/61635066/r/il/950c21/7426299972/il_fullxfull.7426299972_c4a5.jpg,https://i.etsystatic.com/61635066/r/il/715154/7474225091/il_fullxfull.7474225091_ybyh.jpg,https://i.etsystatic.com/61635066/r/il/1172ae/7426299416/il_fullxfull.7426299416_sz3d.jpg,https://i.etsystatic.com/61635066/r/il/cefc84/7426300890/il_fullxfull.7426300890_t0zm.jpg,https://i.etsystatic.com/61635066/r/il/57e1c3/7426301810/il_fullxfull.7426301810_o1bo.jpg,https://i.etsystatic.com/61635066/r/il/d72510/7426302650/il_fullxfull.7426302650_iyd4.jpg,https://i.etsystatic.com/61635066/r/il/57aa1d/7426301772/il_fullxfull.7426301772_p10f.jpg,,,,,,,,,,
"Lavender Spring Rabbit Animated Stream Package | Bunny Twitch Overlay | YouTube | kick overlays","Lavender Spring Rabbit Animated Stream Package | Rabbits Twitch Overlay | YouTube | kick overlays, Rabbit Overlay Animated Stream Package
Stream Overlay, Animated Overlay, Twitch Overlay, Rabbit overlay, Rabbit twitch, Gaming Setup Overlays

Rabbit Stream Overlays:
INSTANT DIGITAL DOWNLOAD
This is a digital product, nothing physical will be shipped.

• What will you get?
When you purchase this product, you’ll get a .PDF file containing a direct link to a Google Drive folder with the complete package.

Package Includes:
Rabbit Screens:
4 Static & 3 Animation Version Screens:
✅ Starting Soon (animated & static)
✅ Be Right Back (animated & static)
✅ Stream Ending (animated & static)
✅ Offline Screen (static) (.PNG format)

Rabbit Overlays/Intermission:
✅ 4 Animated Just Chatting / Intermission Screens: 16:9 (1080x1920) (animated & static) WEBm/PNG

Rabbit Facecams :
✅ 2 Animated Facecam Overlay (animated & static) WEBm/PNG

Rabbit Panels:
✅ 28 Panels (.PNG format)

Rabbit Twitch Emotes:
✅ 5 Twitch Emotes (.PNG format)

Rabbit Sub Badges:
✅ 3 Sub Badges (.PNG format)

Rabbit Alerts:
✅ 6 Animated Alerts (WEBM format) (animated & static) WEBm/PNG

Rabbit Stream Labels:
✅ 4 Animated Stream Labels (animated & static) WEBm/PNG

Wallpapers/Background:
✅ 2 Wallpapers (1 Animated, 1 Static) (animated & static) WEBm/PNG

Rabbit Stinger Transition:
✅ Animated Stinger Transition (. WEBM transparent)

Rabbit Social Media Kit (BANNERS)
✅ social media Kit (Twitch, Twitter, Kick, YouTube Headers) (PNG format)

Tutorial:
✅ PDF Tutorial (How to install your overlays)

Feel free to ask me to add something to this package if something is missing here for your stream.
I can also add a translation, if you need, write to me. (Latin characters only)
Color and font changes are not accepted.

• Please Note: This item is licensed for personal use only. Commercial use, resale, or distribution to third parties or other platforms is strictly prohibited.

If you have any questions or encounter any issues with this product, please feel free to contact me anytime.

Rabbit Animated twitch overlay by:
CozyJsStudio => https://cozyjsstudio.etsy.com

🖌️Tools Used: Adobe Photoshop, Adobe Firefly AI, Adobe After Effect, and Adobe Illustrator🖌️



✅If you want to bring your unique vision to life with a fully tailored stream package, please check out my custom commission listing here:

✅Custom Animated Twitch Stream Overlay Full Pack Bundle | OBS Alerts, Screens, Emotes, Badges

🔗 https://cozyjsstudio.etsy.com/listing/4500763545",24.6,USD,6,"Rabbit_Overlay,Rabbit_Twitch,Stream_Overlay,Twitch_Overlay,Magic_Overlay,Black_Rabbit_Overlay,Rabbit_Twitch_Pack,Cute_Overlays,Cozy_Overlay,neon_overlay,Overlay_Rabbit,Stream_Rabbit,Bunny_Overlay",,https://i.etsystatic.com/61635066/r/il/7080d0/7959822653/il_fullxfull.7959822653_flh5.jpg,https://i.etsystatic.com/61635066/r/il/0ec63c/7911819106/il_fullxfull.7911819106_c9yo.jpg,https://i.etsystatic.com/61635066/r/il/ad1fc0/7959725763/il_fullxfull.7959725763_tsh3.jpg,https://i.etsystatic.com/61635066/r/il/0de880/7959723321/il_fullxfull.7959723321_m3w4.jpg,https://i.etsystatic.com/61635066/r/il/6ddce7/7911769636/il_fullxfull.7911769636_jhpp.jpg,https://i.etsystatic.com/61635066/r/il/5cb0b2/7959727081/il_fullxfull.7959727081_3pa2.jpg,https://i.etsystatic.com/61635066/r/il/c1077a/7959778415/il_fullxfull.7959778415_7jk0.jpg,https://i.etsystatic.com/61635066/r/il/d6fb8c/7911775460/il_fullxfull.7911775460_djpo.jpg,https://i.etsystatic.com/61635066/r/il/ab1ab6/7911817260/il_fullxfull.7911817260_h20e.jpg,https://i.etsystatic.com/61635066/r/il/ba1d1f/7911866936/il_fullxfull.7911866936_5rf6.jpg,,,,,,,,,,
"Train Sunset Otter Overlay Animated Stream Package: For Twitch, YouTube, Kick | Coffee overlays","Train Sunset Otter Overlay Animated Stream Package
Stream Overlay, Animated Overlay, Twitch Overlay, Coffee overlay, 

Otter Stream Overlays :
INSTANT DIGITAL DOWNLOAD
This is a digital product, nothing physical will be shipped .

• What you will get?
When you purchase this product, you’ll get a .PDF file containing a direct link to a Google Drive folder with the complete package.

Package Includes :
Otter Screens :
4 Static & 3 Animation Version Screens :
✅ Starting Soon (animated+static) 
✅ Be Right Back (animated+static) 
✅ Stream Ending (animated+static) 
✅ Offline Screen (static) (.PNG format)

Otter Overlays/Intermission :
✅ 4 Animated Just Chatting / Intermission Screens : 16:9 (1080x1920) (animated+static) Webm/PNG

Otter Facecam :
✅ 2 Animated Facecam Overlay (animated+static)  Webm/PNG

Otter Panels :
✅ 30 Panels (.PNG format)

Otter Twitch Emotes :
✅ 5 Twitch Emotes (.PNG format)

Otter Sub Badges :
✅ 3 Sub Badges (.PNG format)

Otter Alerts :
✅ 6 Animated Alerts (WEBM format) (animated+static) Webm/PNG

Otter Stream Labels :
✅ 4 Animated Stream Labels (animated+static) Webm/PNG

Wallpapers/Background :
✅ 2 Wallpapers (1 Animated, 1 Static) (animated+static) Webm/PNG

Otter Stinger Transition :
✅ Animated Stinger Transition (.WEBM transparent)

Otter Social Media Kit (BANNERS)
✅ Social Media Kit (Twitch, Twitter, Kick, YouTube Headers) (PNG format)

Tutorial :
✅ PDF Tutorial (How to install your overlays) 

Feel free to ask me to add something to this package if something is missing here for your stream.
I can also add a translation, if you need, write to me. (Latin characters only)
Color and font changes are not accepted.

• Please Note: This item is licensed for personal use only. Commercial use, resale, or distribution to third parties or other platforms is strictly prohibited.

If you have any questions or encounter any issues with this product, please feel free to contact me anytime.

Note: My design process combines manual digital craftsmanship with AI-enhanced tools to achieve the perfect balance of detail, color, and quality.

Otter Twitch Overlay 
By :
CozyJsStudio => https://cozyjsstudio.etsy.com

🖌️Tools Used: Adobe Photoshop, Adobe Firefly AI, Adobe After Effect, and Adobe Illustrator🖌️



✅If you want to bring your unique vision to life with a fully tailored stream package, please check out my custom commission listing here:

✅Custom Animated Twitch Stream Overlay Full Pack Bundle | OBS Alerts, Screens, Emotes, Badges

🔗 https://cozyjsstudio.etsy.com/listing/4500763545",24.6,USD,5,"Otter_Twitch_Overlay,Twitch_Overlay_Otter,Stream_Overlay_Otter,Coffee_Overlay,Coffee_Twitch,Otter_Overlay,Stream_Overlay,Twitch_Overlay,Otter_Twitch_Pack,Otter_Twitch,Sakura_Overlay,Train_Overlay,Train_Otter",,https://i.etsystatic.com/61635066/r/il/e0d40c/7998970704/il_fullxfull.7998970704_dtbu.jpg,https://i.etsystatic.com/61635066/r/il/3b2709/8046914931/il_fullxfull.8046914931_j3i7.jpg,https://i.etsystatic.com/61635066/r/il/eaf8eb/8038333341/il_fullxfull.8038333341_qzze.jpg,https://i.etsystatic.com/61635066/r/il/f58e2c/7990396110/il_fullxfull.7990396110_kf8o.jpg,https://i.etsystatic.com/61635066/r/il/1525bd/8038332281/il_fullxfull.8038332281_nkmv.jpg,https://i.etsystatic.com/61635066/r/il/ed31a0/7990394536/il_fullxfull.7990394536_o67q.jpg,https://i.etsystatic.com/61635066/r/il/99ef4e/7998970056/il_fullxfull.7998970056_5lmh.jpg,https://i.etsystatic.com/61635066/r/il/700157/8038333569/il_fullxfull.8038333569_9yd4.jpg,https://i.etsystatic.com/61635066/r/il/ec720f/7998964380/il_fullxfull.7998964380_ixqb.jpg,https://i.etsystatic.com/61635066/r/il/275e09/7998969568/il_fullxfull.7998969568_q0i6.jpg,,,,,,,,,,
"Cozy Frog Jars Twitch Sub Badges | Kawaii Emotes, Channel Points (Digital Download)","Cozy Cats Jars Twitch Sub Badges | Kawaii Cat Loyalty Badges | Pastel Night Sky | Instant Download
Give your subs something to fall in love with six Cozy Frog curled up inside glowing glass jars.
Perfect for cozy, kawaii, and lofi-style Twitch channels looking for a soft, magical badge set your community will actually want to level up for.

INSTANT DIGITAL DOWNLOAD
This is a digital product  nothing physical will be shipped.
What will you get?
When you purchase this product, you'll get a .PDF file containing a direct link to a Google Drive folder with the complete package.

Package Includes  Cozy Frog Jars Sub Badges:
✅ x6 Sub Badges Cozy Frog Jars
✅ All sizes included For Sub Badges (18x18, 36x36, 72x72 px)
✅ All sizes included For Emotes: 28x28, 56x56, 112x112 px 
✅+ Bonus 200x200 px
✅ .PNG format, transparent background
✅ Ready to upload directly to Twitch subscriber badge tiers
Compatible with: Twitch (subscriber badges), and easily adaptable for Kick, YouTube Membership badges, or Discord roles on request.


Please Note: This item is licensed for personal use only. Commercial use, resale, or distribution to third parties or other platforms is strictly prohibited.
If you have any questions or run into issues with your files, feel free to contact me anytime.

Animated Twitch Overlay & Assets By: CozyJsStudio → https://cozyjsstudio.etsy.com
🖌️ Tools Used: Adobe Photoshop, Adobe Firefly AI🖌️

✅ Want a fully matching overlay package (Starting Soon, alerts, panels, emotes) to go with these badges? Check out my custom commission listing:
🔗https://cozyjsstudio.etsy.com/listing/4500763545",6.49,USD,18,"lily_frog_jars,frog_badges,frog_twitch,twitch_badges,sub_badges,bit_badges,channel_points,discord_icons,cute_badges,stream_badges,kawaii_badges,badge_bundle,twitch_reward",,https://i.etsystatic.com/61635066/r/il/f93a43/8277752687/il_fullxfull.8277752687_cdqk.jpg,https://i.etsystatic.com/61635066/r/il/207002/8229838970/il_fullxfull.8229838970_38z7.jpg,https://i.etsystatic.com/61635066/r/il/84ec1b/8229835848/il_fullxfull.8229835848_no6a.jpg,https://i.etsystatic.com/61635066/r/il/4d545b/8229827732/il_fullxfull.8229827732_2cmb.jpg,https://i.etsystatic.com/61635066/r/il/85e08d/8229828860/il_fullxfull.8229828860_rksr.jpg,,,,,,,,,,,,,,,
"Magical Celestial Bedroom Animated Overlay | Twitch Overlay | YouTube | Kick |Dreamy Moon & Stars Overlays","Magical Celestial Bedroom Overlay Animated Stream Package
Stream Overlay, Animated Overlay, Twitch Overlay, lo-fi Forest overlay, 

Magical Celestial Bedroom Stream Overlays:
INSTANT DIGITAL DOWNLOAD
This is a digital product, nothing physical will be shipped.

• What will you get?
When you purchase this product, you’ll get a .PDF file containing a direct link to a Google Drive folder with the complete package.

Package Includes:
Magical Celestial Bedroom Screens:
4 Static & 3 Animation Version Screens:
✅ Starting Soon (animated+static) 
✅ Be Right Back (animated+static) 
✅ Stream Ending (animated+static) 
✅ Offline Screen (static) (.PNG format)

Magical Celestial Bedroom Overlays/Intermission:
✅ 4 Animated Just Chatting / Intermission Screens: 16:9 (1080x1920) (animated+static) Webm/PNG

Magical Celestial Bedroom Facecam :
✅ 2 Animated Facecam Overlay (animated+static)  Webm/PNG

Magical Celestial Bedroom Panels:
✅ 30 Panels (.PNG format)

Magical Celestial Bedroom Alerts:
✅ 6 Animated Alerts (WEBM format) (animated+static) Webm/PNG

Magical Celestial Bedroom Stream Labels:
✅ 4 Animated Stream Labels (animated+static) Webm/PNG

Wallpapers/Background:
✅ 2 Wallpapers (1 Animated, 1 Static) (animated+static) Webm/PNG

Magical Celestial Bedroom Stinger Transition:
✅ Animated Stinger Transition (.WEBM transparent)

Magical Celestial Bedroom Social Media Kit (BANNERS)
✅ social media Kit (Twitch, Twitter, Kick, YouTube Headers) (PNG format)

Magical Celestial Bedroom Sub Badges :
✅ +200 Sub Badges Bonus (.PNG format)

Tutorial:
✅ PDF Tutorial (How to install your overlays) 


Feel free to ask me to add something to this package if something is missing here for your stream.
I can also add a translation, if you need, write to me. (Latin characters only)
Color and font changes are not accepted.

• Please Note: This item is licensed for personal use only. Commercial use, resale, or distribution to third parties or other platforms is strictly prohibited.

If you have any questions or encounter any issues with this product, please feel free to contact me anytime.

Animated twitch overlay By :
CozyJsStudio => https://cozyjsstudio.etsy.com

🖌️Tools Used: Adobe Photoshop, Adobe Firefly AI, Adobe After Effect, and Adobe Illustrator🖌️



✅If you want to bring your unique vision to life with a fully tailored stream package, please check out my custom commission listing here:

✅Custom Animated Twitch Stream Overlay Full Pack Bundle | OBS Alerts, Screens, Emotes, Badges

🔗 https://cozyjsstudio.etsy.com/listing/4500763545",24.6,USD,5,"cozy_stream_overlay,twitch_overlay_cozy,twitch_overlay,vtuber_room,animated_overlay,stream_overlay,animated_twitch_pack,vtuber_overlay,Celestial_Overlay,Magical_Stream,Witchy_Twitch_Pack,Dreamy_Aesthetic,Cozy_Lofi_Room",,https://i.etsystatic.com/61635066/r/il/aa3dad/8111284118/il_fullxfull.8111284118_2umq.jpg,https://i.etsystatic.com/61635066/r/il/8928d6/8111283510/il_fullxfull.8111283510_7qrh.jpg,https://i.etsystatic.com/61635066/r/il/c62354/8159173595/il_fullxfull.8159173595_p6n2.jpg,https://i.etsystatic.com/61635066/r/il/3b1315/8159185307/il_fullxfull.8159185307_1q2w.jpg,https://i.etsystatic.com/61635066/r/il/046f87/8159183457/il_fullxfull.8159183457_tc4p.jpg,https://i.etsystatic.com/61635066/r/il/149cdb/8111271254/il_fullxfull.8111271254_jvrg.jpg,https://i.etsystatic.com/61635066/r/il/a2bcee/8159176355/il_fullxfull.8159176355_l4i3.jpg,https://i.etsystatic.com/61635066/r/il/11bcdc/8159319037/il_fullxfull.8159319037_97yd.jpg,https://i.etsystatic.com/61635066/r/il/24f65b/8111390888/il_fullxfull.8111390888_h0x0.jpg,https://i.etsystatic.com/61635066/r/il/497eb4/8159299289/il_fullxfull.8159299289_k2eu.jpg,,,,,,,,,,
"Sakura Wolf Setup Animated Stream Package: For Twitch Overlay, YouTube, Kick | Wolf Overlays","Sakura Setup Wolf Animated Stream Package | Wolfs Twitch Overlay | YouTube | kick overlays, Wolf Overlay Animated Stream Package, Sakura Overlay Animated Stream Package, Stream Overlay, Animated Overlay, Twitch Overlay, Wolf overlay, Wolf twitch, Gaming Setup Overlays

Wolf Stream Overlays:
INSTANT DIGITAL DOWNLOAD
This is a digital product, nothing physical will be shipped.

• What will you get?
When you purchase this product, you’ll get a .PDF file containing a direct link to a Google Drive folder with the complete package.

Package Includes:
Wolf Screens:
4 Static & 3 Animation Version Screens:
✅ Starting Soon (animated & static) 
✅ Be Right Back (animated & static) 
✅ Stream Ending (animated & static) 
✅ Offline Screen (static) (.PNG format)

Wolf Overlays/Intermission:
✅ 4 Animated Just Chatting / Intermission Screens: 16:9 (1080x1920) (animated & static) WEBm/PNG

Wolf Facecams :
✅ 2 Animated Facecam Overlay (animated & static)  WEBm/PNG

Wolf Panels:
✅ 28 Panels (.PNG format)

Wolf Twitch Emotes:
✅ 5 Twitch Emotes (.PNG format)

Wolf Sub Badges:
✅ 3 Sub Badges (.PNG format)

Wolf Alerts:
✅ 6 Animated Alerts (WEBM format) (animated & static) WEBm/PNG

Wolf Stream Labels:
✅ 4 Animated Stream Labels (animated & static) WEBm/PNG

Wallpapers/Background:
✅ 2 Wallpapers (1 Animated, 1 Static) (animated & static) WEBm/PNG

Wolf Stinger Transition:
✅ Animated Stinger Transition (. WEBM transparent)

Wolf Social Media Kit (BANNERS)
✅ social media Kit (Twitch, Twitter, Kick, YouTube Headers) (PNG format)

Tutorial:
✅ PDF Tutorial (How to install your overlays) 

Feel free to ask me to add something to this package if something is missing here for your stream.
I can also add a translation, if you need, write to me. (Latin characters only)
Color and font changes are not accepted.

• Please Note: This item is licensed for personal use only. Commercial use, resale, or distribution to third parties or other platforms is strictly prohibited.

If you have any questions or encounter any issues with this product, please feel free to contact me anytime.

Wolf Animated twitch overlay By:
CozyJsStudio => https://cozyjsstudio.etsy.com

🖌️Tools Used: Adobe Photoshop, Adobe Firefly AI, Adobe After Effect, and Adobe Illustrator🖌️



✅If you want to bring your unique vision to life with a fully tailored stream package, please check out my custom commission listing here:

✅Custom Animated Twitch Stream Overlay Full Pack Bundle | OBS Alerts, Screens, Emotes, Badges

🔗 https://cozyjsstudio.etsy.com/listing/4500763545",22.6,USD,3,"twitch_overlay,twitch_overlays,stream_overlays,Sakura_overlay,Wolf_Overlays,Wolf_Twitch_Overlay,Twitch_Overlay_Wolf,Stream_Overlay_Wolf,Wolf_Overlay,Wolf_Twitch,Wolf_Twitch_Pack,neon_overlay,Sakura_Setup_overlay",,https://i.etsystatic.com/61635066/r/il/207433/8010828929/il_fullxfull.8010828929_1jws.jpg,https://i.etsystatic.com/61635066/r/il/a0dc89/8010840565/il_fullxfull.8010840565_ds1z.jpg,https://i.etsystatic.com/61635066/r/il/c0d879/7962914886/il_fullxfull.7962914886_8nyh.jpg,https://i.etsystatic.com/61635066/r/il/5b2735/8010870257/il_fullxfull.8010870257_tjiq.jpg,https://i.etsystatic.com/61635066/r/il/1689af/8010869939/il_fullxfull.8010869939_f1lt.jpg,https://i.etsystatic.com/61635066/r/il/b5ad6d/8010848401/il_fullxfull.8010848401_m58z.jpg,https://i.etsystatic.com/61635066/r/il/3d1874/7962868950/il_fullxfull.7962868950_l3nn.jpg,https://i.etsystatic.com/61635066/r/il/3fc59c/7962886554/il_fullxfull.7962886554_5918.jpg,https://i.etsystatic.com/61635066/r/il/39f61d/8010822753/il_fullxfull.8010822753_hez5.jpg,https://i.etsystatic.com/61635066/r/il/8acaf7/8010842575/il_fullxfull.8010842575_2uqx.jpg,,,,,,,,,,
"Cozy Midnight Garden Animated Overlay | Twitch Overlay | YouTube | Kick | lo-fi Forest Overlays","Cozy Midnight Garden Overlay Animated Stream Package
Stream Overlay, Animated Overlay, Twitch Overlay, lo-fi Forest overlay, 

Cozy Midnight Garden Stream Overlays:
INSTANT DIGITAL DOWNLOAD
This is a digital product, nothing physical will be shipped.

• What will you get?
When you purchase this product, you’ll get a .PDF file containing a direct link to a Google Drive folder with the complete package.

Package Includes:
Cozy Midnight Garden Screens:
4 Static & 3 Animation Version Screens:
✅ Starting Soon (animated+static) 
✅ Be Right Back (animated+static) 
✅ Stream Ending (animated+static) 
✅ Offline Screen (static) (.PNG format)

Cozy Midnight Garden Overlays/Intermission:
✅ 4 Animated Just Chatting / Intermission Screens: 16:9 (1080x1920) (animated+static) Webm/PNG

Cozy Midnight Garden Facecam :
✅ 2 Animated Facecam Overlay (animated+static)  Webm/PNG

Cozy Midnight Garden Panels:
✅ 30 Panels (.PNG format)

Cozy Midnight Garden Alerts:
✅ 6 Animated Alerts (WEBM format) (animated+static) Webm/PNG

Cozy Midnight Garden Stream Labels:
✅ 4 Animated Stream Labels (animated+static) Webm/PNG

Wallpapers/Background:
✅ 2 Wallpapers (1 Animated, 1 Static) (animated+static) Webm/PNG

Cozy Midnight Garden Stinger Transition:
✅ Animated Stinger Transition (.WEBM transparent)

Cozy Midnight Garden Social Media Kit (BANNERS)
✅ social media Kit (Twitch, Twitter, Kick, YouTube Headers) (PNG format)

Cozy Midnight Garden Sub Badges :
✅ 8 Sub Badges (.PNG format)
✅ +200 Sub Badges Bonus (.PNG format)

Tutorial:
✅ PDF Tutorial (How to install your overlays) 


Feel free to ask me to add something to this package if something is missing here for your stream.
I can also add a translation, if you need, write to me. (Latin characters only)
Color and font changes are not accepted.

• Please Note: This item is licensed for personal use only. Commercial use, resale, or distribution to third parties or other platforms is strictly prohibited.

If you have any questions or encounter any issues with this product, please feel free to contact me anytime.

Animated twitch overlay By :
CozyJsStudio => https://cozyjsstudio.etsy.com

🖌️Tools Used: Adobe Photoshop, Adobe Firefly AI, Adobe After Effect, and Adobe Illustrator🖌️



✅If you want to bring your unique vision to life with a fully tailored stream package, please check out my custom commission listing here:

✅Custom Animated Twitch Stream Overlay Full Pack Bundle | OBS Alerts, Screens, Emotes, Badges

🔗 https://cozyjsstudio.etsy.com/listing/4500763545",24.6,USD,5,"cozy_stream_overlay,twitch_overlay_cozy,twitch_overlay,vtuber_room,animated_overlay,stream_overlay,animated_twitch_pack,animated_screens,forest_glow_mystic,calm_fantasy,calm_twitch_overlay,vtuber_overlay,cottagecore_Overlay",,https://i.etsystatic.com/61635066/r/il/59584f/8014637362/il_fullxfull.8014637362_bp9a.jpg,https://i.etsystatic.com/61635066/r/il/d6c787/8058298671/il_fullxfull.8058298671_1e4e.jpg,https://i.etsystatic.com/61635066/r/il/df3bff/8010125394/il_fullxfull.8010125394_n67r.jpg,https://i.etsystatic.com/61635066/r/il/9768a2/8058045915/il_fullxfull.8058045915_gsen.jpg,https://i.etsystatic.com/61635066/r/il/6fcf36/8058156259/il_fullxfull.8058156259_rtih.jpg,https://i.etsystatic.com/61635066/r/il/722e81/8010127126/il_fullxfull.8010127126_eium.jpg,https://i.etsystatic.com/61635066/r/il/66d567/8058046815/il_fullxfull.8058046815_agff.jpg,https://i.etsystatic.com/61635066/r/il/02bb07/8014678250/il_fullxfull.8014678250_fk8v.jpg,https://i.etsystatic.com/61635066/r/il/ae1955/8058307393/il_fullxfull.8058307393_m7h1.jpg,https://i.etsystatic.com/61635066/r/il/d76c2c/8010346394/il_fullxfull.8010346394_nnqg.jpg,,,,,,,,,,
"Halloween Witch Animated Overlay | Twitch Overlay | YouTube | Kick | Goth Pumpkin Overlays","Halloween Witch Animated Overlay | Twitch Overlay | YouTube | Kick | Goth Pumpkin Overlays
Stream Overlay, Animated Overlay, Twitch Overlay, Halloween overlay, 

Halloween Witch Stream Overlays:
INSTANT DIGITAL DOWNLOAD
This is a digital product, nothing physical will be shipped.

• What will you get?
When you purchase this product, you’ll get a .PDF file containing a direct link to a Google Drive folder with the complete package.

Package Includes:
Halloween Witch Screens:
4 Static & 3 Animation Version Screens:
✅ Starting Soon (animated+static) 
✅ Be Right Back (animated+static) 
✅ Stream Ending (animated+static) 
✅ Offline Screen (static) (.PNG format)

Halloween Witch Overlays/Intermission:
✅ 4 Animated Just Chatting / Intermission Screens: 16:9 (1080x1920) (animated+static) Webm/PNG

Halloween Witch Facecam :
✅ 2 Animated Facecam Overlay (animated+static)  Webm/PNG

Halloween Witch Panels:
✅ 27 Panels (.PNG format)


+200 Sub Badges:
✅ +200 Sub Badges (.PNG format)

Halloween Witch Alerts:
✅ 6 Animated Alerts (WEBM format) (animated+static) Webm/PNG

Halloween Witch Stream Labels:
✅ 4 Animated Stream Labels (animated+static) Webm/PNG

Wallpapers/Background:
✅ 2 Wallpapers (1 Animated, 1 Static) (animated+static) Webm/PNG

Halloween Witch Stinger Transition :
✅ Animated Stinger Transition (.WEBM transparent)

Halloween Witch Social Media Kit (BANNERS)
✅ Social Media Kit (Twitch, Twitter, Kick, YouTube Headers) (PNG format)

Tutorial:
✅ PDF Tutorial (How to install your overlays)


Feel free to ask me to add something to this package if something is missing here for your stream.
I can also add a translation, if you need, write to me. (Latin characters only)
Color and font changes are not accepted.

• Please Note: This item is licensed for personal use only. Commercial use, resale, or distribution to third parties or other platforms is strictly prohibited.

If you have any questions or encounter any issues with this product, please feel free to contact me anytime.

Halloween Witch Animated twitch overlay By:
CozyJsStudio => https://cozyjsstudio.etsy.com

🖌️Tools Used: Adobe Photoshop, Adobe Firefly AI, Adobe After Effect, and Adobe Illustrator🖌️



✅If you want to bring your unique vision to life with a fully tailored stream package, please check out my custom commission listing here:

✅Custom Animated Twitch Stream Overlay Full Pack Bundle | OBS Alerts, Screens, Emotes, Badges

🔗 https://cozyjsstudio.etsy.com/listing/4500763545",23.6,USD,7,"Twitch_Overlay_cat,Stream_Overlay,Twitch_Overlay,Sakura_Overlay,gothic_Overlay,Spooky_Overlay,Halloween_Twitch,Spooky_Witch_Overlay,Goth_Halloween,Pumpkin_Twitch,witch_twitch,halloween_witch,Gothic_Halloween",,https://i.etsystatic.com/61635066/r/il/9008fb/8204512208/il_fullxfull.8204512208_8fbm.jpg,https://i.etsystatic.com/61635066/r/il/64b4b0/8204489294/il_fullxfull.8204489294_5das.jpg,https://i.etsystatic.com/61635066/r/il/c83efd/8204486898/il_fullxfull.8204486898_pqfh.jpg,https://i.etsystatic.com/61635066/r/il/9e7fe4/8204507488/il_fullxfull.8204507488_l41u.jpg,https://i.etsystatic.com/61635066/r/il/9a0f61/8204526012/il_fullxfull.8204526012_omht.jpg,https://i.etsystatic.com/61635066/r/il/87f90a/8252422947/il_fullxfull.8252422947_70y8.jpg,https://i.etsystatic.com/61635066/r/il/0a1b72/8252403189/il_fullxfull.8252403189_q2zx.jpg,https://i.etsystatic.com/61635066/r/il/90a73e/8204490156/il_fullxfull.8204490156_psps.jpg,https://i.etsystatic.com/61635066/r/il/8b3b6f/8252406887/il_fullxfull.8252406887_pqjh.jpg,https://i.etsystatic.com/61635066/r/il/f57318/8204509972/il_fullxfull.8204509972_t8c8.jpg,,,,,,,,,,
"Royal Purple Night Animated Stream Package: Twitch Overlay, YouTube, Kick | Dark Elegant Overlays","Royal Purple Night Animated Stream Package
Stream Overlay, Animated Overlay, Twitch Overlay, Dark Elegant overlay,

Stream Overlays :
INSTANT DIGITAL DOWNLOAD
This is a digital product, nothing physical will be shipped .

• What you will get?
When you purchase this product, you’ll get a .PDF file containing a direct link to a Google Drive folder with the complete package.

Package Includes :
Screens :
4 Static & 3 Animation Version Screens :
✅ Starting Soon (animated+static)
✅ Be Right Back (animated+static)
✅ Stream Ending (animated+static)
✅ Offline Screen (static) (.PNG format)

Overlays/Intermission :
✅ 4 Animated Just Chatting / Intermission Screens : 16:9 (1080x1920) (animated+static) Webm/PNG

Facecam :
✅ 2 Animated Facecam Overlay (animated+static) Webm/PNG

Panels :
✅ 27 Panels (.PNG format)

Alerts :
✅ 12 Animated Alerts (WEBM format) (animated+static) Webm/PNG

Stream Labels :
✅ 4 Animated Stream Labels (animated+static) Webm/PNG

Wallpapers/Background :
✅ 2 Wallpapers (1 Animated, 1 Static) (animated+static) Webm/PNG

Stinger Transition :
✅ Animated Stinger Transition (.WEBM transparent)

Social Media Kit (BANNERS)
✅ Social Media Kit (Twitch, Twitter, Kick, YouTube Headers) (PNG format)

Tutorial :
✅ PDF Tutorial (How to install your overlays)

Feel free to ask me to add something to this package if something is missing here for your stream.
I can also add a translation, if you need, write to me. (Latin characters only)
Color and font changes are not accepted.

• Please Note: This item is licensed for personal use only. Commercial use, resale, or distribution to third parties or other platforms is strictly prohibited.

If you have any questions or encounter any issues with this product, please feel free to contact me anytime.

🖌️Tools Used: Adobe Photoshop, Adobe Firefly AI, Adobe After Effect, and Adobe Illustrator🖌️



✅If you want to bring your unique vision to life with a fully tailored stream package, please check out my custom commission listing here:

✅Custom Animated Twitch Stream Overlay Full Pack Bundle | OBS Alerts, Screens, Emotes, Badges

🔗 https://cozyjsstudio.etsy.com/listing/4500763545",31.6,USD,4,"Stream_Overlay,package_stream,stream_vtuber,vtuber_stream_pack,royal_twitch_overlay,Gift_for_Her,Purple_Overlay,night_aesthetic,animated_stream_pack,purple_gold_twitch,Twitch_Overlay,stream_overlay_rose,overlay_purple",,https://i.etsystatic.com/61635066/r/il/2add26/7555325791/il_fullxfull.7555325791_axhs.jpg,https://i.etsystatic.com/61635066/r/il/cd7523/7555325833/il_fullxfull.7555325833_rf7s.jpg,https://i.etsystatic.com/61635066/r/il/3742ed/7507383968/il_fullxfull.7507383968_s79a.jpg,https://i.etsystatic.com/61635066/r/il/99de01/7555325587/il_fullxfull.7555325587_1tmv.jpg,https://i.etsystatic.com/61635066/r/il/bb39b7/7507383820/il_fullxfull.7507383820_7y9g.jpg,https://i.etsystatic.com/61635066/r/il/94848a/7507383516/il_fullxfull.7507383516_4oln.jpg,https://i.etsystatic.com/61635066/r/il/936d75/7555325437/il_fullxfull.7555325437_3qgk.jpg,https://i.etsystatic.com/61635066/r/il/4fd828/7555325549/il_fullxfull.7555325549_q97h.jpg,https://i.etsystatic.com/61635066/r/il/a883d2/7555325439/il_fullxfull.7555325439_eg95.jpg,https://i.etsystatic.com/61635066/r/il/2109d7/7507383514/il_fullxfull.7507383514_76ef.jpg,,,,,,,,,,
"Festival Animated Stream Package : Twitch Overlay, YouTube, Kick, Purple Overlays","Festival Animated Stream Package : Twitch Overlay, YouTube, Kick, Purple Overlays Animated Stream Package
Stream Overlay, Animated Overlay, Twitch Overlay, overlays
Stream Overlay :
INSTANT DIGITAL DOWNLOAD
This is a digital product, nothing physical will be shipped .

This animated stream overlay pack is designed for Twitch, YouTube, and Kick. The Blossom Fox theme features a cute fox aesthetic with animated and static elements for a complete stream setup.

What you receive ?
After purchase, you will receive a PDF file with a direct link to a Google Drive folder containing the full package.

Package Includes :
Screens :
4 Static & 3 Animation Version Screens :
✅ Starting Soon (animated+static)
✅ Be Right Back (animated+static)
✅ Stream Ending (animated+static)
✅ Offline Screen (static) (.PNG format)

Overlays/Intermission :
✅ 4 Animated Just Chatting / Intermission Screens : 16:9 (1080x1920) (animated+static) Webm/PNG

Facecam :
✅ 2 Animated Facecam Overlay (animated+static) Webm/PNG

Panels :
✅ 27 Panels (.PNG format)

Alerts :
✅ 6 Animated Alerts (WEBM format) (animated+static) Webm/PNG

Stream Labels :
✅ 4 Animated Stream Labels (animated+static) Webm/PNG

Wallpapers/Background :
✅ 2 Wallpapers (1 Animated, 1 Static) (animated+static) Webm/PNG

Stinger Transition :
✅ Animated Stinger Transition (.WEBM transparent)

Social Media Kit (BANNERS)
✅ Social Media Kit (Twitch, Twitter, Kick, YouTube Headers) (PNG format)

Tutorial :
✅ PDF Tutorial (How to install your overlays)

Feel free to ask me to add something to this package if something is missing here for your stream.
Color and font changes are not accepted.

• Please Note: This item is licensed for personal use only. Commercial use, resale, or distribution to third parties or other platforms is strictly prohibited.

If you have any questions or encounter any issues with this product, please feel free to contact me anytime.

Animated twitch overlay By :
CozyJsStudio => https://cozyjsstudio.etsy.com
--------
CozyJsStudio

🖌️Tools Used: Adobe Photoshop, Adobe Firefly AI, Adobe After Effect, and Adobe Illustrator🖌️



✅If you want to bring your unique vision to life with a fully tailored stream package, please check out my custom commission listing here:

✅Custom Animated Twitch Stream Overlay Full Pack Bundle | OBS Alerts, Screens, Emotes, Badges

🔗 https://cozyjsstudio.etsy.com/listing/4500763545",24.6,USD,6,"New_Year_overlay,Overlay_Christmas,Christmas_Overlay,Snow_overlay,Newyear_Overlay,Christmas_Theme,holiday_overlay,christmas_stream,Christmas_Overlays,twitch_overlay,stream_overlay,Christmas_twitch,Christmas_streaming",,https://i.etsystatic.com/61635066/r/il/4f373a/7365131058/il_fullxfull.7365131058_i23d.jpg,https://i.etsystatic.com/61635066/r/il/3dadb4/7413067991/il_fullxfull.7413067991_opue.jpg,https://i.etsystatic.com/61635066/r/il/a0e1d5/7413046179/il_fullxfull.7413046179_s0gp.jpg,https://i.etsystatic.com/61635066/r/il/b38f45/7413045887/il_fullxfull.7413045887_s55v.jpg,https://i.etsystatic.com/61635066/r/il/817004/7365129986/il_fullxfull.7365129986_fpjy.jpg,https://i.etsystatic.com/61635066/r/il/df78b0/7413045163/il_fullxfull.7413045163_nz8x.jpg,https://i.etsystatic.com/61635066/r/il/681214/7365129742/il_fullxfull.7365129742_l4sc.jpg,https://i.etsystatic.com/61635066/r/il/8a05f9/7365160570/il_fullxfull.7365160570_oi34.jpg,https://i.etsystatic.com/61635066/r/il/371342/7365160544/il_fullxfull.7365160544_pu52.jpg,https://i.etsystatic.com/61635066/r/il/5bf00f/7413045155/il_fullxfull.7413045155_pr9e.jpg,,,,,,,,,,
"Animated Kawaii Cat Stream Pack | Pastel Ladybug CRT Twitch Overlay (Digital Download)","Animated Pastel Kawaii Cat Stream Pack | Cute Ladybug CRT Twitch Overlay | YouTube | kick overlays | Cozy Pink Gaming  

Cute Pastel Kawaii Cat Ladybug Stream Overlay:
INSTANT DIGITAL DOWNLOAD
This is a digital product, nothing physical will be shipped.

• What will you get?
When you purchase this product, you’ll get a .PDF file containing a direct link to a Google Drive folder with the complete package.

Package Includes:
Cute Pastel Kawaii Cat Ladybug Screens :
4 Static & 3 Animation Version Screens :
✅ Starting Soon (animated+static)
✅ Be Right Back (animated+static)
✅ Stream Ending (animated+static)
✅ Offline Screen (static) (.PNG format)

Cute Pastel Kawaii Cat Ladybug Overlays/Intermission :
✅ 4 Animated Just Chatting / Intermission Screens : 16:9 (1080x1920) (animated+static) Webm/PNG

Cute Pastel Kawaii Cat Ladybug Facecam :
✅ 2 Animated Facecam Overlay (animated+static) Webm/PNG

Cute Pastel Kawaii Cat Ladybug Panels:
✅ 27 Panels (.PNG format)

Cute Pastel Kawaii Cat Ladybug Alerts :
✅ 6 Animated Alerts (WEBM format) (animated+static) Webm/PNG

Cat Forest Magic Twitch Sub Badges :
✅ 3 Twitch Sub Badges (WEBM format) (static) PNG

Cute Pastel Kawaii Cat Ladybug Stream Labels :
✅ 4 Stream Labels (static) PNG

Cute Pastel Kawaii Cat Ladybug Wallpapers/Background :
✅ 2 Wallpapers (1 Animated, 1 Static) (animated+static) Webm/PNG

Cat Forest Magic Stinger Transition :
✅ Animated Stinger Transition (.WEBM transparent)

Cute Pastel Kawaii Cat Ladybug Social Media Kit (BANNERS)
✅ Social Media Kit (Twitch, Twitter, Kick, YouTube Headers) (PNG format)

Tutorial :
✅ PDF Tutorial (How to install your overlays)

Feel free to ask me to add something to this package if something is missing here for your stream.
Color and font changes are not accepted.

• Please Note: This item is licensed for personal use only. Commercial use, resale, or distribution to third parties or other platforms is strictly prohibited.

If you have any questions or encounter any issues with this product, please feel free to contact me anytime.

If you want to bring your unique vision to life with a fully tailored stream package, please check out my custom commission listing here:

✅Custom Animated Twitch Stream Overlay Full Pack Bundle | OBS Alerts, Screens, Emotes, Badges

🔗 https://cozyjsstudio.etsy.com/listing/4500763545

Cute Pastel Kawaii Cat Ladybug Animated twitch overlay By:
CozyJsStudio => https://cozyjsstudio.etsy.com


🖌️Tools Used: Adobe Photoshop, Adobe Firefly AI, Adobe After Effect, and Adobe Illustrator🖌️",24.6,USD,6,"twitch_overlay,twitch_overlays,twitch_overlay_anime,stream_overlays,stream_overlay,Sakura_overlay,Twitch_Forest,Cats_Overlay,Cat_Overlay,Cat_Twitch,Cats_Overlays,Cats_Twitch,Ladybug_CRT_CAT",,https://i.etsystatic.com/61635066/r/il/10c221/8244277569/il_fullxfull.8244277569_nk0y.jpg,https://i.etsystatic.com/61635066/r/il/91c503/8244287321/il_fullxfull.8244287321_qx7v.jpg,https://i.etsystatic.com/61635066/r/il/dc0d92/8244270853/il_fullxfull.8244270853_ewor.jpg,https://i.etsystatic.com/61635066/r/il/d9a533/8196351058/il_fullxfull.8196351058_22g1.jpg,https://i.etsystatic.com/61635066/r/il/dc1781/8244259179/il_fullxfull.8244259179_di7a.jpg,https://i.etsystatic.com/61635066/r/il/25dc2c/8244259065/il_fullxfull.8244259065_cr1d.jpg,https://i.etsystatic.com/61635066/r/il/6a8cfc/8196339790/il_fullxfull.8196339790_fym1.jpg,https://i.etsystatic.com/61635066/r/il/11f1a3/8196352088/il_fullxfull.8196352088_8thv.jpg,https://i.etsystatic.com/61635066/r/il/cf92fa/8196365228/il_fullxfull.8196365228_pizk.jpg,https://i.etsystatic.com/61635066/r/il/5a2ad2/8196337430/il_fullxfull.8196337430_aq0r.jpg,,,,,,,,,,
"Witcher Sakura Animated Stream Package | Twitch Overlay | YouTube | Kick | lo-fi Gothic Elf Overlays","Witcher Sakura Animated Stream Package | Twitch Overlay | YouTube | Kick | lo-fi Gothic Overlays Animated Overlay, Twitch Overlay, elf Overlays

Stream Overlay:
INSTANT DIGITAL DOWNLOAD
This is a digital product, nothing physical will be shipped.

• What will you get?
When you purchase this product, you’ll get a .PDF file containing a direct link to a Google Drive folder with the complete package.

Package Includes:
Screens:
4 Static & 3 Animation Version Screens :
✅ Starting Soon (animated+static)
✅ Be Right Back (animated+static)
✅ Stream Ending (animated+static)
✅ Offline Screen (static) (.PNG format)

Overlays/Intermission :
✅ 4 Animated Just Chatting / Intermission Screens: 16:9 (1080x1920) (animated+static) Webm/PNG

Facecam :
✅ 2 Animated Facecam Overlay (animated+static) Webm/PNG

Panels:
✅ 27 Panels (.PNG format)

Alerts :
✅ 6 Animated Alerts (WEBM format) (animated+static) Webm/PNG

Twitch Sub-Badges :
✅ 3 Twitch Sub-Badges (WEBM format) (static) PNG

Stream Labels :
✅ 4 Animated Stream Labels (animated+static) Webm/PNG

Wallpapers/Background :
✅ 2 Wallpapers (1 Animated, 1 Static) (animated+static) Webm/PNG

Stinger Transition :
✅ Animated Stinger Transition (.WEBM transparent)

Social Media Kit (BANNERS)
✅ Social Media Kit (Twitch, Twitter, Kick, YouTube Headers) (PNG format)

Tutorial:
✅ PDF Tutorial (How to install your overlays)

Feel free to ask me to add something to this package if something is missing here for your stream.
Color and font changes are not accepted.

• Please Note: This item is licensed for personal use only. Commercial use, resale, or distribution to third parties or other platforms is strictly prohibited.

If you have any questions or encounter any issues with this product, please feel free to contact me anytime.

Animated twitch overlay By:
CozyJsStudio => https://cozyjsstudio.etsy.com

🖌️Tools Used: Adobe Photoshop, Adobe Firefly AI, Adobe After Effect, and Adobe Illustrator🖌️



✅If you want to bring your unique vision to life with a fully tailored stream package, please check out my custom commission listing here:

✅Custom Animated Twitch Stream Overlay Full Pack Bundle | OBS Alerts, Screens, Emotes, Badges

🔗 https://cozyjsstudio.etsy.com/listing/4500763545",24.6,USD,7,"twitch_overlay,stream_overlay,twitch_overlay_anime,stream_overlays,twitch_package,vtuber_overlay,anime_overlay,japan_overlay,lofi_overlay,Witcher_Sakura,Witcher_overlay,Sakura_overlay,Elf_overlay",,https://i.etsystatic.com/61635066/r/il/90c3cb/8237200075/il_fullxfull.8237200075_811j.jpg,https://i.etsystatic.com/61635066/r/il/dea808/8188606102/il_fullxfull.8188606102_gl1r.jpg,https://i.etsystatic.com/61635066/r/il/47849e/8236533283/il_fullxfull.8236533283_3khu.jpg,https://i.etsystatic.com/61635066/r/il/7b4739/8189273126/il_fullxfull.8189273126_1fap.jpg,https://i.etsystatic.com/61635066/r/il/4986f5/8236525285/il_fullxfull.8236525285_8s5d.jpg,https://i.etsystatic.com/61635066/r/il/f7ef48/8188588850/il_fullxfull.8188588850_qgoc.jpg,https://i.etsystatic.com/61635066/r/il/5a854c/8236516809/il_fullxfull.8236516809_9yea.jpg,https://i.etsystatic.com/61635066/r/il/7a10ed/8236517899/il_fullxfull.8236517899_opyx.jpg,https://i.etsystatic.com/61635066/r/il/5c585e/8237197555/il_fullxfull.8237197555_m6br.jpg,https://i.etsystatic.com/61635066/r/il/858f9c/8236534331/il_fullxfull.8236534331_qd54.jpg,,,,,,,,,,
"Midnight Cozy Cat Orange Animated Stream Package: Twitch Overlay, YouTube, Kick, Cats Overlays","Midnight Cozy Cat Orange Animated Stream Package: Twitch Overlay, YouTube, Kick, Cats Overlays, Stream Overlay, Animated Overlay, Twitch Overlay, overlays


INSTANT DIGITAL DOWNLOAD
This is a digital product, nothing physical will be shipped .

• What you will get?
When you purchase this product, you’ll get a .PDF file containing a direct link to a Google Drive folder with the complete package.

Package Includes :
• 3 Animated Screens  (1920x1080)
• 1 Static Offline Screen (1920x1080, .jpg)
• 4 Animated Just Chatting / Intermission Screens (1920x1080, WEBM transparent)
• 2 Animated Facecam Overlays (WEBM transparent)
• 27 Panels (PNG format)
• 6 Animated Alerts (.WEBM format)
• 4 Animated Stream Labels (.WEBM format)
• 2 Wallpapers (1 Animated, 1 Static)
• Animated Stinger Transition (.WEBM transparent)
• Social Media Kit (Twitch, Twitter, Kick, YouTube Headers)
• PDF Tutorial (How to install your overlays)

• Please Note: This item is licensed for personal use only. Commercial use, resale, or distribution to third parties or other platforms is strictly prohibited.

If you have any questions or encounter any issues with this product, please feel free to contact me anytime.

CozyJsStudio

🖌️Tools Used: Adobe Photoshop, Adobe Firefly AI, Adobe After Effect, and Adobe Illustrator🖌️



✅If you want to bring your unique vision to life with a fully tailored stream package, please check out my custom commission listing here:

✅Custom Animated Twitch Stream Overlay Full Pack Bundle | OBS Alerts, Screens, Emotes, Badges

🔗 https://cozyjsstudio.etsy.com/listing/4500763545",24.6,USD,7,"stream_overlay,stream_overlays,twitch_overlay,twitch_overlays,stream_package,cat_overlay,YouTube,Kick,Cats_Overlays,Midnight_Cozy_Cat,Orange_Overlay,Twitch_Cats,Stream_cat",,https://i.etsystatic.com/61635066/r/il/5ebbc0/7464226226/il_fullxfull.7464226226_7cb1.jpg,https://i.etsystatic.com/61635066/r/il/62d825/7512157989/il_fullxfull.7512157989_aivc.jpg,https://i.etsystatic.com/61635066/r/il/a395ad/7464220832/il_fullxfull.7464220832_omli.jpg,https://i.etsystatic.com/61635066/r/il/37892c/7512149601/il_fullxfull.7512149601_1w29.jpg,https://i.etsystatic.com/61635066/r/il/23c96b/7464219378/il_fullxfull.7464219378_kfk1.jpg,https://i.etsystatic.com/61635066/r/il/6b0391/7512152437/il_fullxfull.7512152437_nrga.jpg,https://i.etsystatic.com/61635066/r/il/c066fc/7464219392/il_fullxfull.7464219392_snlf.jpg,https://i.etsystatic.com/61635066/r/il/3d83dc/7512154315/il_fullxfull.7512154315_5tye.jpg,https://i.etsystatic.com/61635066/r/il/e2e207/7464220836/il_fullxfull.7464220836_4g7a.jpg,https://i.etsystatic.com/61635066/r/il/e4221c/7464226358/il_fullxfull.7464226358_b3p5.jpg,,,,,,,,,,
"Halloween Cat Animated Overlay Pack | Twitch Overlay | YouTube | Kick | Lofi Pastel Overlays","Halloween Cat Overlay Animated Stream Package
Stream Overlay, Animated Overlay, Twitch Overlay, Crow overlay, 

Halloween Cat Stream Overlays:
INSTANT DIGITAL DOWNLOAD
This is a digital product, nothing physical will be shipped.

• What will you get?
When you purchase this product, you’ll get a .PDF file containing a direct link to a Google Drive folder with the complete package.

Package Includes:
Halloween Cat Screens:
4 Static & 3 Animation Version Screens:
✅ Starting Soon (animated+static) 
✅ Be Right Back (animated+static) 
✅ Stream Ending (animated+static) 
✅ Offline Screen (static) (.PNG format)

Halloween Cat Overlays/Intermission:
✅ 4 Animated Just Chatting / Intermission Screens: 16:9 (1080x1920) (animated+static) Webm/PNG

Halloween Cat Facecam :
✅ 2 Animated Facecam Overlay (animated+static)  Webm/PNG

Halloween Cat Panels:
✅ 27 Panels (.PNG format)

Gift Sub Badges:
✅ +200 Sub Badges (.PNG format)

Halloween Cat Alerts:
✅ 6 Animated Alerts (WEBM format) (animated+static) Webm/PNG

Halloween Cat Stream Labels:
✅ 4 Animated Stream Labels (animated+static) Webm/PNG

Wallpapers/Background:
✅ 2 Wallpapers (1 Animated, 1 Static) (animated+static) Webm/PNG

Halloween Cat Stinger Transition:
✅ Animated Stinger Transition (.WEBM transparent)

Halloween Cat Social Media Kit (BANNERS)
✅ Social Media Kit (Twitch, Twitter, Kick, YouTube Headers) (PNG format)

Tutorial :
✅ PDF Tutorial (How to install your overlays)


Feel free to ask me to add something to this package if something is missing here for your stream.
I can also add a translation, if you need, write to me. (Latin characters only)
Color and font changes are not accepted.

• Please Note: This item is licensed for personal use only. Commercial use, resale, or distribution to third parties or other platforms is strictly prohibited.

If you have any questions or encounter any issues with this product, please feel free to contact me anytime.

Y2K Spooky Cat Animated twitch overlay By :
CozyJsStudio => https://cozyjsstudio.etsy.com

🖌️Tools Used: Adobe Photoshop, Adobe Firefly AI, Adobe After Effect, and Adobe Illustrator🖌️



✅If you want to bring your unique vision to life with a fully tailored stream package, please check out my custom commission listing here:

✅Custom Animated Twitch Stream Overlay Full Pack Bundle | OBS Alerts, Screens, Emotes, Badges

🔗 https://cozyjsstudio.etsy.com/listing/4500763545",23.6,USD,7,"Twitch_Overlay_cat,Stream_Overlay_cat,Stream_Overlay,Twitch_Overlay,Sakura_Overlay,gothic_Overlay,Spooky_Cat_Twitch,Spooky_Overlay,Halloween_Twitch,Cat_Twitch_Overlay,Witch_Cat_Twitch,Spooky_Witch_Overlay,Halloween_Cat",,https://i.etsystatic.com/61635066/r/il/9e34bb/8218274619/il_fullxfull.8218274619_9sfm.jpg,https://i.etsystatic.com/61635066/r/il/8739a2/8170279222/il_fullxfull.8170279222_ay55.jpg,https://i.etsystatic.com/61635066/r/il/f56695/8170264822/il_fullxfull.8170264822_qyh8.jpg,https://i.etsystatic.com/61635066/r/il/82c301/8170263218/il_fullxfull.8170263218_awgz.jpg,https://i.etsystatic.com/61635066/r/il/06d481/8170263408/il_fullxfull.8170263408_596q.jpg,https://i.etsystatic.com/61635066/r/il/6c36d0/8218267537/il_fullxfull.8218267537_ny12.jpg,https://i.etsystatic.com/61635066/r/il/66d96c/8170266762/il_fullxfull.8170266762_mry5.jpg,https://i.etsystatic.com/61635066/r/il/a865b9/8170280700/il_fullxfull.8170280700_dau0.jpg,https://i.etsystatic.com/61635066/r/il/ec101d/8218197255/il_fullxfull.8218197255_pnd1.jpg,https://i.etsystatic.com/61635066/r/il/957b9c/8170279928/il_fullxfull.8170279928_m1xw.jpg,,,,,,,,,,
"Sakura Fox Setup Animated Stream Package: For Twitch Overlay, YouTube, Kick | Fox Overlays","Sakura Setup Fox Animated Stream Package | Foxs Twitch Overlay | YouTube | kick overlays, Fox Overlay Animated Stream Package, Sakura Overlay Animated Stream Package, Stream Overlay, Animated Overlay, Twitch Overlay, Fox overlay, Fox twitch, Gaming Setup Overlays

Fox Stream Overlays:
INSTANT DIGITAL DOWNLOAD
This is a digital product, nothing physical will be shipped.

• What will you get?
When you purchase this product, you’ll get a .PDF file containing a direct link to a Google Drive folder with the complete package.

Package Includes:
Fox Screens:
4 Static & 3 Animation Version Screens:
✅ Starting Soon (animated & static) 
✅ Be Right Back (animated & static) 
✅ Stream Ending (animated & static) 
✅ Offline Screen (static) (.PNG format)

Fox Overlays/Intermission:
✅ 4 Animated Just Chatting / Intermission Screens: 16:9 (1080x1920) (animated & static) WEBm/PNG

Fox Facecams :
✅ 2 Animated Facecam Overlay (animated & static)  WEBm/PNG

Fox Panels:
✅ 28 Panels (.PNG format)

Fox Twitch Emotes:
✅ 5 Twitch Emotes (.PNG format)

Fox Sub Badges:
✅ 3 Sub Badges (.PNG format)

Fox Alerts:
✅ 6 Animated Alerts (WEBM format) (animated & static) WEBm/PNG

Fox Stream Labels:
✅ 4 Animated Stream Labels (animated & static) WEBm/PNG

Wallpapers/Background:
✅ 2 Wallpapers (1 Animated, 1 Static) (animated & static) WEBm/PNG

Fox Stinger Transition:
✅ Animated Stinger Transition (. WEBM transparent)

Fox Social Media Kit (BANNERS)
✅ social media Kit (Twitch, Twitter, Kick, YouTube Headers) (PNG format)

Tutorial:
✅ PDF Tutorial (How to install your overlays) 

Feel free to ask me to add something to this package if something is missing here for your stream.
I can also add a translation, if you need, write to me. (Latin characters only)
Color and font changes are not accepted.

• Please Note: This item is licensed for personal use only. Commercial use, resale, or distribution to third parties or other platforms is strictly prohibited.

If you have any questions or encounter any issues with this product, please feel free to contact me anytime.

Fox Animated twitch overlay By:
CozyJsStudio => https://cozyjsstudio.etsy.com

🖌️Tools Used: Adobe Photoshop, Adobe Firefly AI, Adobe After Effect, and Adobe Illustrator🖌️



✅If you want to bring your unique vision to life with a fully tailored stream package, please check out my custom commission listing here:

✅Custom Animated Twitch Stream Overlay Full Pack Bundle | OBS Alerts, Screens, Emotes, Badges

🔗 https://cozyjsstudio.etsy.com/listing/4500763545",24.6,USD,7,"twitch_overlay,twitch_overlays,stream_overlays,Sakura_overlay,neon_overlay,Sakura_Setup_overlay,Fox_Overlays,Fox_Twitch_Overlay,Twitch_Overlay_Fox,Stream_Overlay_Fox,Fox_Overlay,Fox_Twitch,Fox_Twitch_Pack",,https://i.etsystatic.com/61635066/r/il/7d3bb4/8019522845/il_fullxfull.8019522845_b2zl.jpg,https://i.etsystatic.com/61635066/r/il/4c64d7/7971589148/il_fullxfull.7971589148_nnbq.jpg,https://i.etsystatic.com/61635066/r/il/c0d879/7962914886/il_fullxfull.7962914886_8nyh.jpg,https://i.etsystatic.com/61635066/r/il/5b2735/8010870257/il_fullxfull.8010870257_tjiq.jpg,https://i.etsystatic.com/61635066/r/il/1689af/8010869939/il_fullxfull.8010869939_f1lt.jpg,https://i.etsystatic.com/61635066/r/il/b45c0c/7969819060/il_fullxfull.7969819060_3trm.jpg,https://i.etsystatic.com/61635066/r/il/b5ad6d/8010848401/il_fullxfull.8010848401_m58z.jpg,https://i.etsystatic.com/61635066/r/il/55b639/8017768079/il_fullxfull.8017768079_4rej.jpg,https://i.etsystatic.com/61635066/r/il/3fc59c/7962886554/il_fullxfull.7962886554_5918.jpg,https://i.etsystatic.com/61635066/r/il/afafc1/8019527283/il_fullxfull.8019527283_3c8d.jpg,,,,,,,,,,
"Lavender Spring Cat Animated Stream Package | Cats Twitch Overlay | YouTube | kick overlays","Lavender Spring Cat Animated Stream Package | Cats Twitch Overlay | YouTube | kick overlays, Cat Overlay Animated Stream Package
Stream Overlay, Animated Overlay, Twitch Overlay, cat overlay, cat twitch, Gaming Setup Overlays

Cat Stream Overlays:
INSTANT DIGITAL DOWNLOAD
This is a digital product, nothing physical will be shipped.

• What will you get?
When you purchase this product, you’ll get a .PDF file containing a direct link to a Google Drive folder with the complete package.

Package Includes:
Cat Screens:
4 Static & 3 Animation Version Screens:
✅ Starting Soon (animated & static) 
✅ Be Right Back (animated & static) 
✅ Stream Ending (animated & static) 
✅ Offline Screen (static) (.PNG format)

Cat Overlays/Intermission:
✅ 4 Animated Just Chatting / Intermission Screens: 16:9 (1080x1920) (animated & static) WEBm/PNG

Cat Facecams :
✅ 2 Animated Facecam Overlay (animated & static)  WEBm/PNG

Cat Panels:
✅ 28 Panels (.PNG format)

Cat Twitch Emotes:
✅ 5 Twitch Emotes (.PNG format)

Cat Sub Badges:
✅ 3 Sub Badges (.PNG format)

Cat Alerts:
✅ 6 Animated Alerts (WEBM format) (animated & static) WEBm/PNG

Cat Stream Labels:
✅ 4 Animated Stream Labels (animated & static) WEBm/PNG

Wallpapers/Background:
✅ 2 Wallpapers (1 Animated, 1 Static) (animated & static) WEBm/PNG

Cat Stinger Transition:
✅ Animated Stinger Transition (. WEBM transparent)

Cat Social Media Kit (BANNERS)
✅ social media Kit (Twitch, Twitter, Kick, YouTube Headers) (PNG format)

Tutorial:
✅ PDF Tutorial (How to install your overlays) 

Feel free to ask me to add something to this package if something is missing here for your stream.
I can also add a translation, if you need, write to me. (Latin characters only)
Color and font changes are not accepted.

• Please Note: This item is licensed for personal use only. Commercial use, resale, or distribution to third parties or other platforms is strictly prohibited.

If you have any questions or encounter any issues with this product, please feel free to contact me anytime.

Cat Animated twitch overlay By:
CozyJsStudio => https://cozyjsstudio.etsy.com

🖌️Tools Used: Adobe Photoshop, Adobe Firefly AI, Adobe After Effect, and Adobe Illustrator🖌️



✅If you want to bring your unique vision to life with a fully tailored stream package, please check out my custom commission listing here:

✅Custom Animated Twitch Stream Overlay Full Pack Bundle | OBS Alerts, Screens, Emotes, Badges

🔗 https://cozyjsstudio.etsy.com/listing/4500763545",24.6,USD,5,"Cat_Twitch_Overlay,Twitch_Overlay_Cat,Stream_Overlay_Cat,Cat_Overlay,Cat_Twitch,Stream_Overlay,Twitch_Overlay,Magic_Overlay,Black_Cat_Overlay,Cat_Twitch_Pack,Cute_Overlays,Cozy_Overlay,neon_overlay",,https://i.etsystatic.com/61635066/r/il/4edf40/7911696648/il_fullxfull.7911696648_oick.jpg,https://i.etsystatic.com/61635066/r/il/0f3da3/7959586793/il_fullxfull.7959586793_mevp.jpg,https://i.etsystatic.com/61635066/r/il/f2729f/7959629957/il_fullxfull.7959629957_kv9n.jpg,https://i.etsystatic.com/61635066/r/il/7afa49/7959640159/il_fullxfull.7959640159_quug.jpg,https://i.etsystatic.com/61635066/r/il/a35702/7911677812/il_fullxfull.7911677812_tjno.jpg,https://i.etsystatic.com/61635066/r/il/b617d8/7911679208/il_fullxfull.7911679208_k92z.jpg,https://i.etsystatic.com/61635066/r/il/23fc2e/7959583437/il_fullxfull.7959583437_mr0n.jpg,https://i.etsystatic.com/61635066/r/il/293147/7959630703/il_fullxfull.7959630703_8y1g.jpg,https://i.etsystatic.com/61635066/r/il/454ab3/7959586657/il_fullxfull.7959586657_t69t.jpg,https://i.etsystatic.com/61635066/r/il/db50a9/7959646741/il_fullxfull.7959646741_gl0j.jpg,,,,,,,,,,
"Star Pink Animated Stream Package | Galaxy Celestial Twitch Overlay (Digital Download)","Star Bloom Animated Stream Package
Stream Overlay, Animated Overlay, Twitch Overlay, Dark Elegant overlay,

Stream Overlays :
INSTANT DIGITAL DOWNLOAD
This is a digital product, nothing physical will be shipped .

• What you will get?
When you purchase this product, you’ll get a .PDF file containing a direct link to a Google Drive folder with the complete package.

Package Includes :
Screens :
4 Static & 3 Animation Version Screens :
✅ Starting Soon (animated+static)
✅ Be Right Back (animated+static)
✅ Stream Ending (animated+static)
✅ Offline Screen (static) (.PNG format)

Overlays/Intermission :
✅ 4 Animated Just Chatting / Intermission Screens : 16:9 (1080x1920) (animated+static) Webm/PNG

Facecam :
✅ 2 Animated Facecam Overlay (animated+static) Webm/PNG

Panels :
✅ 27 Panels (.PNG format)

Alerts :
✅ 12 Animated Alerts (WEBM format) (animated+static) Webm/PNG

Stream Labels :
✅ 4 Animated Stream Labels (animated+static) Webm/PNG

Wallpapers/Background :
✅ 4 Wallpapers (2 Animated, 2 Static) (animated+static) Webm/PNG

Stinger Transition :
✅ Animated Stinger Transition (.WEBM transparent)

Social Media Kit (BANNERS)
✅ Social Media Kit (Twitch, Twitter, Kick, YouTube Headers) (PNG format)

Tutorial :
✅ PDF Tutorial (How to install your overlays)

Feel free to ask me to add something to this package if something is missing here for your stream.
I can also add a translation, if you need, write to me. (Latin characters only)
Color and font changes are not accepted.

• Please Note: This item is licensed for personal use only. Commercial use, resale, or distribution to third parties or other platforms is strictly prohibited.

If you have any questions or encounter any issues with this product, please feel free to contact me anytime.

🖌️Tools Used: Adobe Photoshop, Adobe Firefly AI, Adobe After Effect, and Adobe Illustrator🖌️



✅If you want to bring your unique vision to life with a fully tailored stream package, please check out my custom commission listing here:

✅Custom Animated Twitch Stream Overlay Full Pack Bundle | OBS Alerts, Screens, Emotes, Badges

🔗 https://cozyjsstudio.etsy.com/listing/4500763545",30.6,USD,5,"twitch_overlay,stream_overlay,Rose_Blossom,Stream_Pack,Star_Overlay,Pink_Overlay,Streaming_Assets,Dark_Souls,Galaxy_Overlay,Celestial_Overlays,Sakura_overlay,Japan_Overlay,samurai_twitch",,https://i.etsystatic.com/61635066/r/il/299a1b/7507371086/il_fullxfull.7507371086_mfqy.jpg,https://i.etsystatic.com/61635066/r/il/d70afc/7555313087/il_fullxfull.7555313087_iw6y.jpg,https://i.etsystatic.com/61635066/r/il/af41ff/7507372976/il_fullxfull.7507372976_j4gi.jpg,https://i.etsystatic.com/61635066/r/il/3e2a94/7507371950/il_fullxfull.7507371950_t64t.jpg,https://i.etsystatic.com/61635066/r/il/c7d782/7555313313/il_fullxfull.7555313313_5258.jpg,https://i.etsystatic.com/61635066/r/il/adb651/7507371196/il_fullxfull.7507371196_ghy5.jpg,https://i.etsystatic.com/61635066/r/il/591b6e/7507372210/il_fullxfull.7507372210_ke1z.jpg,https://i.etsystatic.com/61635066/r/il/5ad45c/7555313151/il_fullxfull.7555313151_sbqv.jpg,https://i.etsystatic.com/61635066/r/il/3c0c9e/7555314195/il_fullxfull.7555314195_bo2w.jpg,https://i.etsystatic.com/61635066/r/il/c6e908/7555314359/il_fullxfull.7555314359_d6uc.jpg,,,,,,,,,,
"Matcha Wolf Animated Stream Package: For Twitch Overlay, YouTube, Kick | Wolf Overlays","Matcha Wolf Animated Stream Package | Matcha Wolfs Twitch Overlay | YouTube | kick overlays, Matcha Wolf Overlay Animated Stream Package
Stream Overlay, Animated Overlay, Twitch Overlay, Matcha Wolf overlay, Matcha Wolf twitch, Gaming Setup Overlays

Matcha Wolf Stream Overlays:
INSTANT DIGITAL DOWNLOAD
This is a digital product, nothing physical will be shipped.

• What will you get?
When you purchase this product, you’ll get a .PDF file containing a direct link to a Google Drive folder with the complete package.

Package Includes:
Matcha Wolf Screens:
4 Static & 3 Animation Version Screens:
✅ Starting Soon (animated & static)
✅ Be Right Back (animated & static)
✅ Stream Ending (animated & static)
✅ Offline Screen (static) (.PNG format)

Matcha Wolf Overlays/Intermission:
✅ 4 Animated Just Chatting / Intermission Screens: 16:9 (1080x1920) (animated & static) WEBm/PNG

Matcha Wolf Facecams :
✅ 2 Animated Facecam Overlay (animated & static) WEBm/PNG

Matcha Wolf Panels:
✅ 28 Panels (.PNG format)

Matcha Wolf Twitch Emotes:
✅ 5 Twitch Emotes (.PNG format)

Matcha Wolf Sub Badges:
✅ 3 Sub Badges (.PNG format)

Matcha Wolf Alerts:
✅ 6 Animated Alerts (WEBM format) (animated & static) WEBm/PNG

Matcha Wolf Stream Labels:
✅ 4 Animated Stream Labels (animated & static) WEBm/PNG

Wallpapers/Background:
✅ 2 Wallpapers (1 Animated, 1 Static) (animated & static) WEBm/PNG

Matcha Wolf Stinger Transition:
✅ Animated Stinger Transition (. WEBM transparent)

Matcha Wolf Social Media Kit (BANNERS)
✅ social media Kit (Twitch, Twitter, Kick, YouTube Headers) (PNG format)

Tutorial:
✅ PDF Tutorial (How to install your overlays)

Feel free to ask me to add something to this package if something is missing here for your stream.
I can also add a translation, if you need, write to me. (Latin characters only)
Color and font changes are not accepted.

• Please Note: This item is licensed for personal use only. Commercial use, resale, or distribution to third parties or other platforms is strictly prohibited.

If you have any questions or encounter any issues with this product, please feel free to contact me anytime.

Matcha Wolf Animated twitch overlay By:
CozyJsStudio => https://cozyjsstudio.etsy.com

🖌️Tools Used: Adobe Photoshop, Adobe Firefly AI, Adobe After Effect, and Adobe Illustrator🖌️



✅If you want to bring your unique vision to life with a fully tailored stream package, please check out my custom commission listing here:

✅Custom Animated Twitch Stream Overlay Full Pack Bundle | OBS Alerts, Screens, Emotes, Badges

🔗 https://cozyjsstudio.etsy.com/listing/4500763545",22.6,USD,7,"twitch_overlay,twitch_overlays,twitch_overlay_anime,stream_overlays,stream_overlay,Matcha_Twitch,japanese_overlay,Sakura_overlay,Twitch_Matcha,Setup_Overlay,Wolf_Overlay,Wolf_Twitch,Wolf_Overlays",,https://i.etsystatic.com/61635066/r/il/f53bf5/7967202381/il_fullxfull.7967202381_1o3d.jpg,https://i.etsystatic.com/61635066/r/il/ee274f/7967198047/il_fullxfull.7967198047_fntt.jpg,https://i.etsystatic.com/61635066/r/il/b6c0f1/7919257172/il_fullxfull.7919257172_82jg.jpg,https://i.etsystatic.com/61635066/r/il/ae59dd/7967210361/il_fullxfull.7967210361_fcta.jpg,https://i.etsystatic.com/61635066/r/il/9c987f/7919241796/il_fullxfull.7919241796_g6bj.jpg,https://i.etsystatic.com/61635066/r/il/823cbc/7967180903/il_fullxfull.7967180903_3ahp.jpg,https://i.etsystatic.com/61635066/r/il/a016f9/7919181208/il_fullxfull.7919181208_4qq6.jpg,https://i.etsystatic.com/61635066/r/il/7e97e6/7967206721/il_fullxfull.7967206721_ewa7.jpg,https://i.etsystatic.com/61635066/r/il/263ab2/7967210515/il_fullxfull.7967210515_b4yj.jpg,https://i.etsystatic.com/61635066/r/il/9478dd/7919237826/il_fullxfull.7919237826_7yqc.jpg,,,,,,,,,,
"Spooky Witch Cat Animated Overlay | Twitch Overlay | YouTube | Kick | Goth Halloween Overlays","Spooky Witch Cat Overlay Animated Stream Package
Stream Overlay, Animated Overlay, Twitch Overlay, Crow overlay, 

Spooky Witch Cat Stream Overlays :
INSTANT DIGITAL DOWNLOAD
This is a digital product, nothing physical will be shipped .

• What you will get?
When you purchase this product, you’ll get a .PDF file containing a direct link to a Google Drive folder with the complete package.

Package Includes :
Spooky Witch Cat Screens :
4 Static & 3 Animation Version Screens :
✅ Starting Soon (animated+static) 
✅ Be Right Back (animated+static) 
✅ Stream Ending (animated+static) 
✅ Offline Screen (static) (.PNG format)

Spooky Witch Cat Overlays/Intermission :
✅ 4 Animated Just Chatting / Intermission Screens : 16:9 (1080x1920) (animated+static) Webm/PNG

Spooky Witch Cat Facecam :
✅ 2 Animated Facecam Overlay (animated+static)  Webm/PNG

Spooky Witch Cat Panels :
✅ 27 Panels (.PNG format)

Spooky Witch Cat Twitch Emotes :
✅ 5 Twitch Emotes (.PNG format)

Spooky Witch Cat Sub Badges :
✅ 3 Sub Badges (.PNG format)

Spooky Witch Cat Alerts :
✅ 6 Animated Alerts (WEBM format) (animated+static) Webm/PNG

Spooky Witch Cat Stream Labels :
✅ 4 Animated Stream Labels (animated+static) Webm/PNG

Wallpapers/Background :
✅ 2 Wallpapers (1 Animated, 1 Static) (animated+static) Webm/PNG

Spooky Witch Cat Stinger Transition :
✅ Animated Stinger Transition (.WEBM transparent)

Spooky Witch Cat Social Media Kit (BANNERS)
✅ Social Media Kit (Twitch, Twitter, Kick, YouTube Headers) (PNG format)

Tutorial :
✅ PDF Tutorial (How to install your overlays)


Feel free to ask me to add something to this package if something is missing here for your stream.
I can also add a translation, if you need, write to me. (Latin characters only)
Color and font changes are not accepted.

• Please Note: This item is licensed for personal use only. Commercial use, resale, or distribution to third parties or other platforms is strictly prohibited.

If you have any questions or encounter any issues with this product, please feel free to contact me anytime.

Spooky Witch Cat Animated twitch overlay By :
CozyJsStudio => https://cozyjsstudio.etsy.com

🖌️Tools Used: Adobe Photoshop, Adobe Firefly AI, Adobe After Effect, and Adobe Illustrator🖌️



✅If you want to bring your unique vision to life with a fully tailored stream package, please check out my custom commission listing here:

✅Custom Animated Twitch Stream Overlay Full Pack Bundle | OBS Alerts, Screens, Emotes, Badges

🔗 https://cozyjsstudio.etsy.com/listing/4500763545",23.6,USD,7,"Twitch_Overlay_cat,Stream_Overlay_cat,Stream_Overlay,Twitch_Overlay,Sakura_Overlay,gothic_Overlay,Spooky_Cat_Twitch,Spooky_Overlay,Halloween_Twitch,Cat_Twitch_Overlay,Witch_Cat_Twitch,Spooky_Witch_Overlay,Goth_Halloween",,https://i.etsystatic.com/61635066/r/il/75bae2/8196268417/il_fullxfull.8196268417_d5zu.jpg,https://i.etsystatic.com/61635066/r/il/b20a4c/8196269193/il_fullxfull.8196269193_avo5.jpg,https://i.etsystatic.com/61635066/r/il/2f896f/8148308682/il_fullxfull.8148308682_847b.jpg,https://i.etsystatic.com/61635066/r/il/42b2db/8196251861/il_fullxfull.8196251861_jwoi.jpg,https://i.etsystatic.com/61635066/r/il/1ea8fa/8148315768/il_fullxfull.8148315768_fana.jpg,https://i.etsystatic.com/61635066/r/il/dfb31b/8148315812/il_fullxfull.8148315812_jeax.jpg,https://i.etsystatic.com/61635066/r/il/0121b9/8148318734/il_fullxfull.8148318734_n0jr.jpg,https://i.etsystatic.com/61635066/r/il/d967c6/8196248669/il_fullxfull.8196248669_49r7.jpg,https://i.etsystatic.com/61635066/r/il/dbdab2/8148319952/il_fullxfull.8148319952_bt6n.jpg,https://i.etsystatic.com/61635066/r/il/f2cd58/8196274797/il_fullxfull.8196274797_lliz.jpg,,,,,,,,,,
"Sakura Cat Animated Stream Overlay Pack (Twitch/YouTube/Kick) | Cats Overlays","Bring a cozy anime vibe to your stream with this Sakura Cat Animated Stream Overlay Pack , a complete set of Twitch, YouTube overlays, Full Stream Package , screens, and alerts to make your channel stand out.

Stream Overlay :
INSTANT DIGITAL DOWNLOAD
This is a digital product, nothing physical will be shipped .

• What you will get?
When you purchase this product, you’ll get a .PDF file containing a direct link to a Google Drive folder with the complete package.

Package Includes :
Screens :
4 Static & 3 Animation Version Screens :
✅ Starting Soon (animated+static) 
✅ Be Right Back (animated+static) 
✅ Stream Ending (animated+static) 
✅ Offline Screen (static) (.PNG format)

Overlays/Intermission :
✅ 2 Animated Just Chatting / Intermission Screens : 16:9 (1080x1920) (animated+static) Webm/PNG

Facecam :
✅ 2 Animated Facecam Overlay (animated+static)  Webm/PNG

Panels :
✅ 27 Panels (.PNG format)

Alerts :
✅ 6 Animated Alerts (WEBM format) (animated+static) Webm/PNG

Twitch Emotes :
✅ 5 Twitch Emotes (WEBM format) (static) PNG

Twitch Sub-badges :
✅ 3 Twitch Sub-badges (WEBM format) (static) PNG

Stream Labels :
✅ 4 Animated Stream Labels (animated+static) Webm/PNG

Wallpapers/Background :
✅ 2 Wallpapers (1 Animated, 1 Static) (animated+static) Webm/PNG

Stinger Transition :
✅ Animated Stinger Transition (.WEBM transparent)

Social Media Kit (BANNERS)
✅ Social Media Kit (Twitch, Twitter, Kick, YouTube Headers) (PNG format)

Tutorial :
✅ PDF Tutorial (How to install your overlays) 

Feel free to ask me to add something to this package if something is missing here for your stream.
Color and font changes are not accepted.

• Please Note: This item is licensed for personal use only. Commercial use, resale, or distribution to third parties or other platforms is strictly prohibited.

If you have any questions or encounter any issues with this product, please feel free to contact me anytime.

Animated twitch overlay By :
CozyJsStudio => https://cozyjsstudio.etsy.com

🖌️Tools Used: Adobe Photoshop, Adobe Firefly AI, Adobe After Effect, and Adobe Illustrator🖌️



✅If you want to bring your unique vision to life with a fully tailored stream package, please check out my custom commission listing here:

✅Custom Animated Twitch Stream Overlay Full Pack Bundle | OBS Alerts, Screens, Emotes, Badges

🔗 https://cozyjsstudio.etsy.com/listing/4500763545",29.6,USD,7,"twitch_overlay,twitch_overlays,anime_twitch_overlay,vtuber_overlay,cute_twitch_overlay,sakura_overlay,anime_stream_overlay,animated_stream_pack,vtuber_stream_pack,cat_twitch_overlay,sakura_twitch,kawaii_twitch,japanese_twitch",,https://i.etsystatic.com/61635066/r/il/88a884/7724019599/il_fullxfull.7724019599_74oy.jpg,https://i.etsystatic.com/61635066/r/il/9e1eba/7676072430/il_fullxfull.7676072430_noyq.jpg,https://i.etsystatic.com/61635066/r/il/7e52fc/7676056082/il_fullxfull.7676056082_eosh.jpg,https://i.etsystatic.com/61635066/r/il/9e093c/7724015235/il_fullxfull.7724015235_b0u7.jpg,https://i.etsystatic.com/61635066/r/il/295308/7724010921/il_fullxfull.7724010921_euap.jpg,https://i.etsystatic.com/61635066/r/il/d95196/7724014381/il_fullxfull.7724014381_4prs.jpg,https://i.etsystatic.com/61635066/r/il/010870/7724015313/il_fullxfull.7724015313_n4ut.jpg,https://i.etsystatic.com/61635066/r/il/ecb838/7676074460/il_fullxfull.7676074460_m1eu.jpg,https://i.etsystatic.com/61635066/r/il/85dbe1/7676074916/il_fullxfull.7676074916_qwc8.jpg,https://i.etsystatic.com/61635066/r/il/d21819/7676076002/il_fullxfull.7676076002_fsmy.jpg,,,,,,,,,,
"Train Sunset Monkey Overlay Animated Stream Package: For Twitch, YouTube, Kick | Coffee overlays","Train Sunset Monkey Overlay Animated Stream Package
Stream Overlay, Animated Overlay, Twitch Overlay, Coffee overlay, 

Monkey Stream Overlays:
INSTANT DIGITAL DOWNLOAD
This is a digital product, nothing physical will be shipped.

• What will you get?
When you purchase this product, you’ll get a .PDF file containing a direct link to a Google Drive folder with the complete package.

Package Includes:
Monkey Screens:
4 Static & 3 Animation Version Screens:
✅ Starting Soon (animated+static) 
✅ Be Right Back (animated+static) 
✅ Stream Ending (animated+static) 
✅ Offline Screen (static) (.PNG format)

Monkey Overlays/Intermission:
✅ 4 Animated Just Chatting / Intermission Screens: 16:9 (1080x1920) (animated+static) Webm/PNG

Monkey Facecam :
✅ 2 Animated Facecam Overlay (animated+static)  Webm/PNG

Monkey Panels:
✅ 30 Panels (.PNG format)

Monkey Twitch Emotes:
✅ 5 Twitch Emotes (.PNG format)

Monkey Sub Badges:
✅ 3 Sub Badges (.PNG format)

Monkey Alerts:
✅ 6 Animated Alerts (WEBM format) (animated+static) Webm/PNG

Monkey Stream Labels:
✅ 4 Animated Stream Labels (animated+static) Webm/PNG

Wallpapers/Background :
✅ 2 Wallpapers (1 Animated, 1 Static) (animated+static) Webm/PNG

Monkey Stinger Transition:
✅ Animated Stinger Transition (.WEBM transparent)

Monkey Social Media Kit (BANNERS)
✅ social media Kit (Twitch, Twitter, Kick, YouTube Headers) (PNG format)

Tutorial:
✅ PDF Tutorial (How to install your overlays) 

Feel free to ask me to add something to this package if something is missing here for your stream.
I can also add a translation, if you need, write to me. (Latin characters only)
Color and font changes are not accepted.

• Please Note: This item is licensed for personal use only. Commercial use, resale, or distribution to third parties or other platforms is strictly prohibited.

If you have any questions or encounter any issues with this product, please feel free to contact me anytime.

Note: My design process combines manual digital craftsmanship with AI-enhanced tools to achieve the perfect balance of detail, color, and quality.

Monkey Twitch Overlay 
By:
CozyJsStudio => https://cozyjsstudio.etsy.com

🖌️Tools Used: Adobe Photoshop, Adobe Firefly AI, Adobe After Effect, and Adobe Illustrator🖌️



✅If you want to bring your unique vision to life with a fully tailored stream package, please check out my custom commission listing here:

✅Custom Animated Twitch Stream Overlay Full Pack Bundle | OBS Alerts, Screens, Emotes, Badges

🔗 https://cozyjsstudio.etsy.com/listing/4500763545",24.6,USD,5,"Coffee_Overlay,Coffee_Twitch,Monkey_Overlay,Stream_Overlay,Twitch_Overlay,Monkey_Twitch_Pack,Monkey_Twitch,Sakura_Overlay,Train_Overlay,Train_Monkey,Overlay_Monkey,Stream_Monkey,Sunset_Twitch",,https://i.etsystatic.com/61635066/r/il/197a8d/7998905040/il_fullxfull.7998905040_on5z.jpg,https://i.etsystatic.com/61635066/r/il/4d6011/7996914144/il_fullxfull.7996914144_l9gv.jpg,https://i.etsystatic.com/61635066/r/il/eaf8eb/8038333341/il_fullxfull.8038333341_qzze.jpg,https://i.etsystatic.com/61635066/r/il/f58e2c/7990396110/il_fullxfull.7990396110_kf8o.jpg,https://i.etsystatic.com/61635066/r/il/1525bd/8038332281/il_fullxfull.8038332281_nkmv.jpg,https://i.etsystatic.com/61635066/r/il/1cb081/7996914888/il_fullxfull.7996914888_flp8.jpg,https://i.etsystatic.com/61635066/r/il/ed31a0/7990394536/il_fullxfull.7990394536_o67q.jpg,https://i.etsystatic.com/61635066/r/il/9a591d/7998901382/il_fullxfull.7998901382_fcx5.jpg,https://i.etsystatic.com/61635066/r/il/700157/8038333569/il_fullxfull.8038333569_9yd4.jpg,https://i.etsystatic.com/61635066/r/il/67d06b/7996915526/il_fullxfull.7996915526_74st.jpg,,,,,,,,,,
"Sakura Panda Animated Stream Overlay Pack (Twitch/YouTube/Kick) | Pandas Overlays","Bring a cozy anime vibe to your stream with this Sakura Panda Animated Stream Overlay Pack , a complete set of Twitch, YouTube overlays, Full Stream Package , screens, and alerts to make your channel stand out.

Stream Overlay :
INSTANT DIGITAL DOWNLOAD
This is a digital product, nothing physical will be shipped .

• What you will get?
When you purchase this product, you’ll get a .PDF file containing a direct link to a Google Drive folder with the complete package.

Package Includes :
Screens :
4 Static & 3 Animation Version Screens :
✅ Starting Soon (animated+static)
✅ Be Right Back (animated+static)
✅ Stream Ending (animated+static)
✅ Offline Screen (static) (.PNG format)

Overlays/Intermission :
✅ 2 Animated Just Chatting / Intermission Screens : 16:9 (1080x1920) (animated+static) Webm/PNG

Facecam :
✅ 2 Animated Facecam Overlay (animated+static) Webm/PNG

Panels :
✅ 27 Panels (.PNG format)

Alerts :
✅ 6 Animated Alerts (WEBM format) (animated+static) Webm/PNG

Twitch Emotes :
✅ 5 Twitch Emotes (WEBM format) (static) PNG

Twitch Sub-badges :
✅ 6 Twitch Sub-badges (WEBM format) (static) PNG

Stream Labels :
✅ 4 Animated Stream Labels (animated+static) Webm/PNG

Wallpapers/Background :
✅ 2 Wallpapers (1 Animated, 1 Static) (animated+static) Webm/PNG

Stinger Transition :
✅ Animated Stinger Transition (.WEBM transparent)

Social Media Kit (BANNERS)
✅ Social Media Kit (Twitch, Twitter, Kick, YouTube Headers) (PNG format)

Tutorial :
✅ PDF Tutorial (How to install your overlays)

Feel free to ask me to add something to this package if something is missing here for your stream.
Color and font changes are not accepted.

• Please Note: This item is licensed for personal use only. Commercial use, resale, or distribution to third parties or other platforms is strictly prohibited.

If you have any questions or encounter any issues with this product, please feel free to contact me anytime.

Animated twitch overlay By :
CozyJsStudio => https://cozyjsstudio.etsy.com

🖌️Tools Used: Adobe Photoshop, Adobe Firefly AI, Adobe After Effect, and Adobe Illustrator🖌️



✅If you want to bring your unique vision to life with a fully tailored stream package, please check out my custom commission listing here:

✅Custom Animated Twitch Stream Overlay Full Pack Bundle | OBS Alerts, Screens, Emotes, Badges

🔗 https://cozyjsstudio.etsy.com/listing/4500763545",27.6,USD,7,"twitch_overlay,twitch_overlays,anime_twitch_overlay,Panda_overlay,cute_twitch_overlay,Panda_Twitch,Panda_Overlays,Japan_Overlay,Sakura_overlay,Twitch_japanese,panda_twitch_overlay,stream_overlays,stream_overlay",,https://i.etsystatic.com/61635066/r/il/d25dda/7695876678/il_fullxfull.7695876678_lufo.jpg,https://i.etsystatic.com/61635066/r/il/46cdd3/7695846706/il_fullxfull.7695846706_e3ky.jpg,https://i.etsystatic.com/61635066/r/il/1b67b0/7743805621/il_fullxfull.7743805621_43en.jpg,https://i.etsystatic.com/61635066/r/il/becfe5/7695844250/il_fullxfull.7695844250_8qa0.jpg,https://i.etsystatic.com/61635066/r/il/ce4ba9/7743807053/il_fullxfull.7743807053_i50x.jpg,https://i.etsystatic.com/61635066/r/il/90dd26/7743804467/il_fullxfull.7743804467_mom2.jpg,https://i.etsystatic.com/61635066/r/il/102c0a/7695862038/il_fullxfull.7695862038_il2g.jpg,https://i.etsystatic.com/61635066/r/il/0cf5c7/7695866512/il_fullxfull.7695866512_dvkl.jpg,https://i.etsystatic.com/61635066/r/il/08ca07/7743792221/il_fullxfull.7743792221_bjt2.jpg,https://i.etsystatic.com/61635066/r/il/39bc09/7743812597/il_fullxfull.7743812597_a1j9.jpg,,,,,,,,,,
"Silent Wolf Twitch Screens | Overlay Pack | Wolf Forest Overlays","Silent Wolf Animated Stream Package
Stream Overlay, Animated Overlay, wolf  screens , Starting Soon, Be Right Back, Stream Ending, Stream Offline
------------------------------------
For Full Premium Pack => Silent Wolf Animated Stream Package: For Twitch Overlay, YouTube, Kick | wolf emotes I Twitch Overlay | Twitch Overlay | Animated Overlay | Stream Overlay Twitch : https://cozyjsstudio.etsy.com/listing/4429185127
------------------------------------
Stream Screen, Wolf Forest Overlays :
INSTANT DIGITAL DOWNLOAD
This is a digital product, nothing physical will be shipped .

• What you will get?
When you purchase this product, you’ll get a .PDF file containing a direct link to a Google Drive folder with the complete package.

=>What You’ll Receive:
Package Includes :
Screens :
3 Animation Version Screens & 4 Static :
✅ Starting Soon (animated+static)
✅ Be Right Back (animated+static)
✅ Stream Ending (animated+static)
✅ Stream Offline (static) (.PNG format) X2


Feel free to ask me to add something to this package if something is missing here for your stream.
Color and font changes are not accepted.

• Please Note: This item is licensed for personal use only. Commercial use, resale, or distribution to third parties or other platforms is strictly prohibited.

If you have any questions or encounter any issues with this product, please feel free to contact me anytime.

Twitch Screens By :
COZYJSSTUDIO => https://cozyjsstudio.etsy.com

🖌️Tools Used: Adobe Photoshop, Adobe Firefly AI, Adobe After Effect, and Adobe Illustrator🖌️



✅If you want to bring your unique vision to life with a fully tailored stream package, please check out my custom commission listing here:

✅Custom Animated Twitch Stream Overlay Full Pack Bundle | OBS Alerts, Screens, Emotes, Badges

🔗 https://cozyjsstudio.etsy.com/listing/4500763545",13.6,USD,7,"wolf_emotes,Winter_Wolf_Stream,Wolf_Twitch_Stream,wolf_overlay,wolf_stream_overlay,Wolf_Streaming,Moonlit_Wolf_overlay,Night_Wolf_Stream,stream_package,twitch_overlay,stream_overlay,wolf_overlays,twitch_wolf_overlay",,https://i.etsystatic.com/61635066/r/il/47eff9/7539835150/il_fullxfull.7539835150_nqxm.jpg,https://i.etsystatic.com/61635066/r/il/be30a2/7587774145/il_fullxfull.7587774145_c1w3.jpg,https://i.etsystatic.com/61635066/r/il/d13e90/7539835154/il_fullxfull.7539835154_7qu2.jpg,https://i.etsystatic.com/61635066/r/il/e41a0b/7587774387/il_fullxfull.7587774387_jfto.jpg,https://i.etsystatic.com/61635066/r/il/bc661f/7539835508/il_fullxfull.7539835508_m5eb.jpg,https://i.etsystatic.com/61635066/r/il/cfc574/7587772049/il_fullxfull.7587772049_2xvo.jpg,https://i.etsystatic.com/61635066/r/il/502704/7587772055/il_fullxfull.7587772055_b91q.jpg,,,,,,,,,,,,,
"Star Bloom Animated TikTok Stream Overlay Package, TikTok Overlays (Digital Download)","Star Bloom Animated Stream Package TIKTOK Streaming Overlay Package | Tiktok Live Animated Overlays | TikTok Stream Overlay | Webcam Overlays | Alerts | Tiktok Live Streaming



INSTANT DIGITAL DOWNLOAD
This is a digital product, nothing physical will be shipped .

• What you will get?
When you purchase this product, you’ll get a .PDF file containing a direct link to a Google Drive folder with the complete package.



Package Includes :

 10 Animated Stream overlays 9:16, 1080x1920: Webm/PNG
X3 ANIMATED SCREENS + STATIC OFFLINE

STARTING (animated + static) 
PAUSE (animated + static) 
ENDING (animated + static) 
OFFLINE ( static) 

X4 ANIMATED AND STATIC ALERTS :

New subscriber (animated + static) Webm/PNG
New follower (animated + static) Webm/PNG
New gift  (animated + static) Webm/PNG
New Donation animated + static) Webm/PNG


X2 ANIMATED AND STATIC FACECAM :

FACECAM (animated + static) Webm/PNG


- 1x Stinger Transition ANIMATED (Webm)

X2 Walpapers 1 Animated + 1 Static

𝐃𝐞𝐭𝐚𝐢𝐥 𝐅𝐢𝐧𝐚𝐥 𝐏𝐫𝐨𝐝𝐮𝐜𝐭
Video Resolution: 1080x1920
Frame Rate: 60fps
Format: Webm + PNG + MP4
Language : English ONLY English ( If you need Different Language, please contact me )
Audio/Music/Sound : Not Included
Animated Looping : Included
File Type : Instant digital download



• Please Note: This item is licensed for personal use only. Commercial use, resale, or distribution to third parties or other platforms is strictly prohibited.

If you have any questions or encounter any issues with this product, please feel free to contact me anytime.



CozyJsStudio

🖌️Tools Used: Adobe Photoshop, Adobe Firefly AI, Adobe After Effect, and Adobe Illustrator🖌️



✅If you want to bring your unique vision to life with a fully tailored stream package, please check out my custom commission listing here:

✅Custom Animated Twitch Stream Overlay Full Pack Bundle | OBS Alerts, Screens, Emotes, Badges

🔗 https://cozyjsstudio.etsy.com/listing/4500763545",18.6,USD,7,"Pink_Tiktok_Overlay,Twilight_Bloom,tiktok_overlays,tiktok_overlay,Vertical_Overlay,Tiktok_Strea,Tiktok_Stream_Pink,Stream_Overlay,Tiktok_Streaming,Vertical_Overlays,Tiktok_Stream_Purple,Tiktok_Studio,tiktok_Stream_Pack",,https://i.etsystatic.com/61635066/r/il/99231c/7447487859/il_fullxfull.7447487859_hcro.jpg,https://i.etsystatic.com/61635066/r/il/7eec13/7399571472/il_fullxfull.7399571472_tkck.jpg,https://i.etsystatic.com/61635066/r/il/a0570b/7447487491/il_fullxfull.7447487491_bfsl.jpg,https://i.etsystatic.com/61635066/r/il/efcc06/7447487485/il_fullxfull.7447487485_muir.jpg,https://i.etsystatic.com/61635066/r/il/63a8b5/7399571182/il_fullxfull.7399571182_c934.jpg,https://i.etsystatic.com/61635066/r/il/8ab74c/7447486857/il_fullxfull.7447486857_9oo2.jpg,https://i.etsystatic.com/61635066/r/il/3a8346/7399571238/il_fullxfull.7399571238_30c7.jpg,https://i.etsystatic.com/61635066/r/il/a85b26/7447487285/il_fullxfull.7447487285_pwid.jpg,https://i.etsystatic.com/61635066/r/il/a69a1b/7447487287/il_fullxfull.7447487287_s8s0.jpg,,,,,,,,,,,
"Lavender Spring Red Panda Animated Stream Package | Panda Twitch Overlay | YouTube | kick overlays","Lavender Spring Red Panda Animated Stream Package | Red Pandas Twitch Overlay | YouTube | kick overlays, Red Panda Overlay Animated Stream Package
Stream Overlay, Animated Overlay, Twitch Overlay, Red Panda overlay, Red Panda twitch, Gaming Setup Overlays

Red Panda Stream Overlays:
INSTANT DIGITAL DOWNLOAD
This is a digital product, nothing physical will be shipped.

• What will you get?
When you purchase this product, you’ll get a .PDF file containing a direct link to a Google Drive folder with the complete package.

Package Includes:
Red Panda Screens:
4 Static & 3 Animation Version Screens:
✅ Starting Soon (animated & static)
✅ Be Right Back (animated & static)
✅ Stream Ending (animated & static)
✅ Offline Screen (static) (.PNG format)

Red Panda Overlays/Intermission:
✅ 4 Animated Just Chatting / Intermission Screens: 16:9 (1080x1920) (animated & static) WEBm/PNG

Red Panda Facecams :
✅ 2 Animated Facecam Overlay (animated & static) WEBm/PNG

Red Panda Panels:
✅ 28 Panels (.PNG format)

Red Panda Twitch Emotes:
✅ 5 Twitch Emotes (.PNG format)

Red Panda Sub Badges:
✅ 5 Sub Badges (.PNG format)

Red Panda Alerts:
✅ 6 Animated Alerts (WEBM format) (animated & static) WEBm/PNG

Red Panda Stream Labels:
✅ 4 Animated Stream Labels (animated & static) WEBm/PNG

Wallpapers/Background:
✅ 2 Wallpapers (1 Animated, 1 Static) (animated & static) WEBm/PNG

Red Panda Stinger Transition:
✅ Animated Stinger Transition (. WEBM transparent)

Red Panda Social Media Kit (BANNERS)
✅ social media Kit (Twitch, Twitter, Kick, YouTube Headers) (PNG format)

Tutorial:
✅ PDF Tutorial (How to install your overlays)

Feel free to ask me to add something to this package if something is missing here for your stream.
I can also add a translation, if you need, write to me. (Latin characters only)
Color and font changes are not accepted.

• Please Note: This item is licensed for personal use only. Commercial use, resale, or distribution to third parties or other platforms is strictly prohibited.

If you have any questions or encounter any issues with this product, please feel free to contact me anytime.

Red Panda Animated twitch overlay By:
CozyJsStudio => https://cozyjsstudio.etsy.com

🖌️Tools Used: Adobe Photoshop, Adobe Firefly AI, Adobe After Effect, and Adobe Illustrator🖌️



✅If you want to bring your unique vision to life with a fully tailored stream package, please check out my custom commission listing here:

✅Custom Animated Twitch Stream Overlay Full Pack Bundle | OBS Alerts, Screens, Emotes, Badges

🔗 https://cozyjsstudio.etsy.com/listing/4500763545",22.6,USD,6,"Twitch_Red_Panda,Overlay_Red_Panda,Red_Panda_Twitch,Stream_Overlay,Twitch_Overlay,Magic_Overlay,Cute_Overlays,Cozy_Overlay,neon_overlay,Panda_Overlay,Red_Panda_Overlay,Red_Panda,Red_Panda_Pack",,https://i.etsystatic.com/61635066/r/il/75d66e/7911948846/il_fullxfull.7911948846_9nlu.jpg,https://i.etsystatic.com/61635066/r/il/393034/7911959410/il_fullxfull.7911959410_gf15.jpg,https://i.etsystatic.com/61635066/r/il/d4cfde/7912011216/il_fullxfull.7912011216_64gf.jpg,https://i.etsystatic.com/61635066/r/il/f34e33/7912020294/il_fullxfull.7912020294_cmn5.jpg,https://i.etsystatic.com/61635066/r/il/b1827e/7959963101/il_fullxfull.7959963101_e0q6.jpg,https://i.etsystatic.com/61635066/r/il/3c64c3/7959967535/il_fullxfull.7959967535_1qn3.jpg,https://i.etsystatic.com/61635066/r/il/df5c5b/7959890377/il_fullxfull.7959890377_5d6p.jpg,https://i.etsystatic.com/61635066/r/il/bc6184/7959968443/il_fullxfull.7959968443_j73s.jpg,https://i.etsystatic.com/61635066/r/il/0eabe9/7959898165/il_fullxfull.7959898165_lkum.jpg,https://i.etsystatic.com/61635066/r/il/4b325a/7959914857/il_fullxfull.7959914857_qhs6.jpg,,,,,,,,,,
"Sakura Cat Animated Stream Package: Twitch Overlay, YouTube, Kick (Digital Download)","Sakura Moon Animated Stream Package
Stream Overlay, Animated Overlay, Twitch Overlay, Cat overlays, 

Stream Overlay :
INSTANT DIGITAL DOWNLOAD
This is a digital product, nothing physical will be shipped .

• What you will get?
When you purchase this product, you’ll get a .PDF file containing a direct link to a Google Drive folder with the complete package.

Package Includes :
Screens :
4 Static & 3 Animation Version Screens :
✅ Starting Soon (animated+static) 
✅ Be Right Back (animated+static) 
✅ Stream Ending (animated+static) 
✅ Offline Screen (static) (.PNG format)

Overlays/Intermission :
✅ 4 Animated Just Chatting / Intermission Screens : 16:9 (1080x1920) (animated+static) Webm/PNG

Facecam :
✅ 2 Animated Facecam Overlay (animated+static)  Webm/PNG

Panels :
✅ 27 Panels (.PNG format)

Alerts :
✅ 6 Animated Alerts (WEBM format) (animated+static) Webm/PNG

Stream Labels :
✅ 4 Animated Stream Labels (animated+static) Webm/PNG

Wallpapers/Background :
✅ 2 Wallpapers (1 Animated, 1 Static) (animated+static) Webm/PNG

Stinger Transition :
✅ Animated Stinger Transition (.WEBM transparent)

Social Media Kit (BANNERS)
✅ Social Media Kit (Twitch, Twitter, Kick, YouTube Headers) (PNG format)

Tutorial :
✅ PDF Tutorial (How to install your overlays) 

Feel free to ask me to add something to this package if something is missing here for your stream.
Color and font changes are not accepted.

• Please Note: This item is licensed for personal use only. Commercial use, resale, or distribution to third parties or other platforms is strictly prohibited.

If you have any questions or encounter any issues with this product, please feel free to contact me anytime.

Cat twitch overlay By :
https://cozyjsstudio.etsy.com
CozyJsStudio

🖌️Tools Used: Adobe Photoshop, Adobe Firefly AI, Adobe After Effect, and Adobe Illustrator🖌️



✅If you want to bring your unique vision to life with a fully tailored stream package, please check out my custom commission listing here:

✅Custom Animated Twitch Stream Overlay Full Pack Bundle | OBS Alerts, Screens, Emotes, Badges

🔗 https://cozyjsstudio.etsy.com/listing/4500763545",24.6,USD,7,"twitch_overlay,twitch_overlays,twitch_overlay_anime,Sakura_overlay,stream_overlay,samurai_twitch,japanese_overlay,japanese_overlays,Twitch_japanese,Japan_Overlay,Cat_Overlay,Cat_Twitch,Cat_Overlays",,https://i.etsystatic.com/61635066/r/il/9eb09b/7611888637/il_fullxfull.7611888637_tfx9.jpg,https://i.etsystatic.com/61635066/r/il/cd0af8/7563942944/il_fullxfull.7563942944_96lp.jpg,https://i.etsystatic.com/61635066/r/il/f91b22/7563938422/il_fullxfull.7563938422_hfcm.jpg,https://i.etsystatic.com/61635066/r/il/db3ad1/7563943578/il_fullxfull.7563943578_qqdf.jpg,https://i.etsystatic.com/61635066/r/il/84793a/7563940490/il_fullxfull.7563940490_1yoh.jpg,https://i.etsystatic.com/61635066/r/il/f76f06/7563940470/il_fullxfull.7563940470_nbm4.jpg,https://i.etsystatic.com/61635066/r/il/7e2c43/7563938244/il_fullxfull.7563938244_eyy2.jpg,https://i.etsystatic.com/61635066/r/il/c2e58a/7611886403/il_fullxfull.7611886403_niiz.jpg,https://i.etsystatic.com/61635066/r/il/af6b3c/7611885385/il_fullxfull.7611885385_5cfn.jpg,https://i.etsystatic.com/61635066/r/il/a23030/7563941482/il_fullxfull.7563941482_3ugw.jpg,,,,,,,,,,
"Lavender Spring Dog Animated Stream Package | Dog Twitch Overlay | YouTube | kick overlays","Lavender Spring Dog Animated Stream Package | Dogs Twitch Overlay | YouTube | kick overlays, Dog Overlay Animated Stream Package
Stream Overlay, Animated Overlay, Twitch Overlay, Dog overlay, Dog twitch, Gaming Setup Overlays

Dog Stream Overlays:
INSTANT DIGITAL DOWNLOAD
This is a digital product, nothing physical will be shipped.

• What will you get?
When you purchase this product, you’ll get a .PDF file containing a direct link to a Google Drive folder with the complete package.

Package Includes:
Dog Screens:
4 Static & 3 Animation Version Screens:
✅ Starting Soon (animated & static)
✅ Be Right Back (animated & static)
✅ Stream Ending (animated & static)
✅ Offline Screen (static) (.PNG format)

Dog Overlays/Intermission:
✅ 4 Animated Just Chatting / Intermission Screens: 16:9 (1080x1920) (animated & static) WEBm/PNG

Dog Facecams :
✅ 2 Animated Facecam Overlay (animated & static) WEBm/PNG

Dog Panels:
✅ 28 Panels (.PNG format)

Dog Twitch Emotes:
✅ 5 Twitch Emotes (.PNG format)

Dog Sub Badges:
✅ 3 Sub Badges (.PNG format)

Dog Alerts:
✅ 6 Animated Alerts (WEBM format) (animated & static) WEBm/PNG

Dog Stream Labels:
✅ 4 Animated Stream Labels (animated & static) WEBm/PNG

Wallpapers/Background:
✅ 2 Wallpapers (1 Animated, 1 Static) (animated & static) WEBm/PNG

Dog Stinger Transition:
✅ Animated Stinger Transition (. WEBM transparent)

Dog Social Media Kit (BANNERS)
✅ social media Kit (Twitch, Twitter, Kick, YouTube Headers) (PNG format)

Tutorial:
✅ PDF Tutorial (How to install your overlays)

Feel free to ask me to add something to this package if something is missing here for your stream.
I can also add a translation, if you need, write to me. (Latin characters only)
Color and font changes are not accepted.

• Please Note: This item is licensed for personal use only. Commercial use, resale, or distribution to third parties or other platforms is strictly prohibited.

If you have any questions or encounter any issues with this product, please feel free to contact me anytime.

Dog Animated twitch overlay By:
CozyJsStudio => https://cozyjsstudio.etsy.com

🖌️Tools Used: Adobe Photoshop, Adobe Firefly AI, Adobe After Effect, and Adobe Illustrator🖌️



✅If you want to bring your unique vision to life with a fully tailored stream package, please check out my custom commission listing here:

✅Custom Animated Twitch Stream Overlay Full Pack Bundle | OBS Alerts, Screens, Emotes, Badges

🔗 https://cozyjsstudio.etsy.com/listing/4500763545",24.6,USD,7,"Dog_Twitch_Overlay,Twitch_Overlay_Dog,Stream_Overlay_Dog,Dog_Overlay,Dog_Twitch,Stream_Overlay,Twitch_Overlay,Magic_Overlay,Black_Dog_Overlay,Dog_Twitch_Pack,Cute_Overlays,Cozy_Overlay,neon_overlay",,https://i.etsystatic.com/61635066/r/il/01a1d1/7912173856/il_fullxfull.7912173856_ijzd.jpg,https://i.etsystatic.com/61635066/r/il/31fa81/7960136963/il_fullxfull.7960136963_4tjn.jpg,https://i.etsystatic.com/61635066/r/il/bdd21a/7912197232/il_fullxfull.7912197232_gmqc.jpg,https://i.etsystatic.com/61635066/r/il/d54bf3/7912197698/il_fullxfull.7912197698_5k2e.jpg,https://i.etsystatic.com/61635066/r/il/a34199/7960139515/il_fullxfull.7960139515_qy06.jpg,https://i.etsystatic.com/61635066/r/il/0ed418/7960149593/il_fullxfull.7960149593_qb4e.jpg,https://i.etsystatic.com/61635066/r/il/a18948/7960124693/il_fullxfull.7960124693_tudf.jpg,https://i.etsystatic.com/61635066/r/il/6f7795/7960151931/il_fullxfull.7960151931_t1qe.jpg,https://i.etsystatic.com/61635066/r/il/83ef8e/7960119755/il_fullxfull.7960119755_3no8.jpg,https://i.etsystatic.com/61635066/r/il/21aafc/7912187470/il_fullxfull.7912187470_o47u.jpg,,,,,,,,,,
"Lofi Sunset Wolf Overlay Animated Stream Package: Cozy | Twitch, YouTube, Kick | Coffee Overlays","Wolf Lofi Sunset Aesthetic Animated Stream Package | Wolf Twitch Overlay Pack | YouTube | kick | Coffee Overlays

Wolf Twitch Overlay | Twitch Overlay Wolf | Overlay Wolf | Stream Wolf sunset |Wolf Overlays |Wolf Twitch |Wolf Overlay |Stream Overlay |Twitch Overlay |Twitch Coffee Overlay | Sakura Overlay| Wolf Package |Wolf Stream | Wolf overlay pack |Wolf twitch pack |Stream Overlay Wolf | White Wolf Overlay | Wolf Twitch | Wolf Overlay | Stream Overlay | Twitch Overlay

Wolf Lofi Sunset Coffee Stream Overlay:
INSTANT DIGITAL DOWNLOAD
This is a digital product, nothing physical will be shipped.

• What will you get?
When you purchase this product, you’ll get a .PDF file containing a direct link to a Google Drive folder with the complete package.

Package Includes:
Wolf Lofi Sunset Coffee Screens:
4 Static & 3 Animation Version Screens:
✅ Starting Soon (animated & static)
✅ Be Right Back (animated & static)
✅ Stream Ending (animated & static)
✅ Offline Screen (static) (.PNG format)

Wolf Lofi Sunset Coffee Overlays/Intermission:
✅ 2 Animated Just Chatting / Intermission Screens: 16:9 (1080x1920) (animated & static) Webm/PNG

Wolf Lofi Sunset Coffee Facecam :
✅ 2 Animated Facecam Overlay (animated & static) Webm/PNG

Wolf Lofi Sunset Coffee Panels :
✅ 30 Panels (.PNG format)

Wolf Lofi Sunset Coffee Alerts :
✅ 6 Animated Alerts (WEBM format) (animated & static) Webm/PNG

Wolf Lofi Sunset Coffee Twitch Emotes:
✅ 5 Twitch Emotes (WEBM format) (static) PNG

Wolf Lofi Sunset Coffee Twitch Sub Badges:
✅ 3 Twitch Sub Badges (WEBM format) (static) PNG

Wolf Lofi Sunset Coffee Stream Labels:
✅ 4 Animated Stream Labels (animated & static) Webm/PNG

Wolf Lofi Sunset Coffee Wallpapers/Background:
✅ 2 Wallpapers (1 Animated, 1 Static) (animated & static) Webm/PNG

Wolf Lofi Sunset Coffee Stinger Transition:
✅ Animated Stinger Transition (.WEBM transparent)

Wolf Lofi Sunset Coffee Social Media Kit (BANNERS)
✅ social media Kit (Twitch, Twitter, Kick, YouTube Headers) (PNG format)

Tutorial:
✅ PDF Tutorial (How to install your overlays)

Feel free to ask me to add something to this package if something is missing here for your stream.
Color and font changes are not accepted.

• Please Note: This item is licensed for personal use only. Commercial use, resale, or distribution to third parties or other platforms is strictly prohibited.

If you have any questions or encounter any issues with this product, please feel free to contact me anytime.

Wolf Lofi Sunset Coffee Animated twitch overlay By:
CozyJsStudio => https://cozyjsstudio.etsy.com

🖌️Tools Used: Adobe Photoshop, Adobe Firefly AI, Adobe After Effect, and Adobe Illustrator🖌️



✅If you want to bring your unique vision to life with a fully tailored stream package, please check out my custom commission listing here:

✅Custom Animated Twitch Stream Overlay Full Pack Bundle | OBS Alerts, Screens, Emotes, Badges

🔗 https://cozyjsstudio.etsy.com/listing/4500763545",22.6,USD,19,"Overlay_Wolf,Stream_Wolf_sunset,Wolf_Overlays,Wolf_Twitch,Wolf_Overlay,Stream_Overlay,Twitch_Overlay,Coffee_Overlay,Sakura_Overlay,Wolf_Package,Wolf_Stream,Wolf_overlay_pack,Wolf_twitch_pack",,https://i.etsystatic.com/61635066/r/il/b9e38a/8033760591/il_fullxfull.8033760591_rrof.jpg,https://i.etsystatic.com/61635066/r/il/d7a166/7985422806/il_fullxfull.7985422806_lekk.jpg,https://i.etsystatic.com/61635066/r/il/aed578/8032873353/il_fullxfull.8032873353_fo6v.jpg,https://i.etsystatic.com/61635066/r/il/2eb869/8032886209/il_fullxfull.8032886209_4wm1.jpg,https://i.etsystatic.com/61635066/r/il/086cc2/7984931468/il_fullxfull.7984931468_tnd7.jpg,https://i.etsystatic.com/61635066/r/il/df2da5/7984932266/il_fullxfull.7984932266_so0s.jpg,https://i.etsystatic.com/61635066/r/il/50870e/7985424420/il_fullxfull.7985424420_1dti.jpg,https://i.etsystatic.com/61635066/r/il/a179fa/7984932272/il_fullxfull.7984932272_2ex0.jpg,https://i.etsystatic.com/61635066/r/il/007c24/7985820648/il_fullxfull.7985820648_8q8d.jpg,https://i.etsystatic.com/61635066/r/il/7046a4/7985423068/il_fullxfull.7985423068_63l6.jpg,,,,,,,,,,
"Magical Moonlight Balcony Animated Overlay | Twitch Overlay | YouTube | Kick | Dark Fantasy Gothic VTuber Environment","Magical Moonlight Balcony Overlay Animated Stream Package
Stream Overlay, Animated Overlay, Twitch Overlay, lo-fi Forest overlay, 

Magical Moonlight Balcony Stream Overlays:
INSTANT DIGITAL DOWNLOAD
This is a digital product, nothing physical will be shipped.

• What will you get?
When you purchase this product, you’ll get a .PDF file containing a direct link to a Google Drive folder with the complete package.

Package Includes:
Magical Moonlight Balcony Screens:
4 Static & 3 Animation Version Screens:
✅ Starting Soon (animated+static) 
✅ Be Right Back (animated+static) 
✅ Stream Ending (animated+static) 
✅ Offline Screen (static) (.PNG format)

Magical Moonlight Balcony Overlays/Intermission:
✅ 4 Animated Just Chatting / Intermission Screens: 16:9 (1080x1920) (animated+static) Webm/PNG

Magical Moonlight Balcony Facecam :
✅ 2 Animated Facecam Overlay (animated+static)  Webm/PNG

Magical Moonlight Balcony Panels:
✅ 30 Panels (.PNG format)

Magical Moonlight Balcony Alerts:
✅ 6 Animated Alerts (WEBM format) (animated+static) Webm/PNG

Magical Moonlight Balcony Stream Labels:
✅ 4 Animated Stream Labels (animated+static) Webm/PNG

Wallpapers/Background:
✅ 2 Wallpapers (1 Animated, 1 Static) (animated+static) Webm/PNG

Magical Moonlight Balcony Stinger Transition:
✅ Animated Stinger Transition (.WEBM transparent)

Magical Moonlight Balcony Social Media Kit (BANNERS)
✅ social media Kit (Twitch, Twitter, Kick, YouTube Headers) (PNG format)

Magical Moonlight Balcony Sub Badges :
✅ +200 Sub Badges Bonus (.PNG format)

Tutorial:
✅ PDF Tutorial (How to install your overlays) 


Feel free to ask me to add something to this package if something is missing here for your stream.
I can also add a translation, if you need, write to me. (Latin characters only)
Color and font changes are not accepted.

• Please Note: This item is licensed for personal use only. Commercial use, resale, or distribution to third parties or other platforms is strictly prohibited.

If you have any questions or encounter any issues with this product, please feel free to contact me anytime.

Animated twitch overlay By :
CozyJsStudio => https://cozyjsstudio.etsy.com

🖌️Tools Used: Adobe Photoshop, Adobe Firefly AI, Adobe After Effect, and Adobe Illustrator🖌️



✅If you want to bring your unique vision to life with a fully tailored stream package, please check out my custom commission listing here:

✅Custom Animated Twitch Stream Overlay Full Pack Bundle | OBS Alerts, Screens, Emotes, Badges

🔗 https://cozyjsstudio.etsy.com/listing/4500763545",24.6,USD,7,"cozy_stream_overlay,twitch_overlay_cozy,twitch_overlay,vtuber_room,animated_overlay,stream_overlay,animated_twitch_pack,calm_fantasy,vtuber_overlay,magical_Overlay,magical_Garden,Dark_Fantasy_Gothic,Magical_Moon_Balcon",,https://i.etsystatic.com/61635066/r/il/612f51/8093363083/il_fullxfull.8093363083_3y2n.jpg,https://i.etsystatic.com/61635066/r/il/dfea3b/8045445458/il_fullxfull.8045445458_hsnl.jpg,https://i.etsystatic.com/61635066/r/il/3974f7/8045437734/il_fullxfull.8045437734_p6si.jpg,https://i.etsystatic.com/61635066/r/il/495f48/8045437284/il_fullxfull.8045437284_l58h.jpg,https://i.etsystatic.com/61635066/r/il/6107c9/8045417220/il_fullxfull.8045417220_snh7.jpg,https://i.etsystatic.com/61635066/r/il/0bf64d/8045440728/il_fullxfull.8045440728_609w.jpg,https://i.etsystatic.com/61635066/r/il/545b28/8045450610/il_fullxfull.8045450610_luk4.jpg,https://i.etsystatic.com/61635066/r/il/d76c2c/8010346394/il_fullxfull.8010346394_nnqg.jpg,https://i.etsystatic.com/61635066/r/il/15827d/8093353483/il_fullxfull.8093353483_1xfx.jpg,https://i.etsystatic.com/61635066/r/il/59509f/8093365139/il_fullxfull.8093365139_m2ls.jpg,,,,,,,,,,
"Magical Garden Animated Overlay | Twitch Overlay | YouTube | Kick | Cozy Night VTuber Environment","Magical Garden Overlay Animated Stream Package
Stream Overlay, Animated Overlay, Twitch Overlay, lo-fi Forest overlay, 

Magical Garden Stream Overlays:
INSTANT DIGITAL DOWNLOAD
This is a digital product, nothing physical will be shipped.

• What will you get?
When you purchase this product, you’ll get a .PDF file containing a direct link to a Google Drive folder with the complete package.

Package Includes:
Magical Garden Screens:
4 Static & 3 Animation Version Screens:
✅ Starting Soon (animated+static) 
✅ Be Right Back (animated+static) 
✅ Stream Ending (animated+static) 
✅ Offline Screen (static) (.PNG format)

Magical Garden Overlays/Intermission:
✅ 4 Animated Just Chatting / Intermission Screens: 16:9 (1080x1920) (animated+static) Webm/PNG

Magical Garden Facecam :
✅ 2 Animated Facecam Overlay (animated+static)  Webm/PNG

Magical Garden Panels:
✅ 30 Panels (.PNG format)

Magical Garden Alerts:
✅ 6 Animated Alerts (WEBM format) (animated+static) Webm/PNG

Magical Garden Stream Labels:
✅ 4 Animated Stream Labels (animated+static) Webm/PNG

Wallpapers/Background:
✅ 2 Wallpapers (1 Animated, 1 Static) (animated+static) Webm/PNG

Magical Garden Stinger Transition:
✅ Animated Stinger Transition (.WEBM transparent)

Magical Garden Social Media Kit (BANNERS)
✅ social media Kit (Twitch, Twitter, Kick, YouTube Headers) (PNG format)

Magical Garden Sub Badges :
✅ 8 Sub Badges (.PNG format)
✅ +200 Sub Badges Bonus (.PNG format)

Tutorial:
✅ PDF Tutorial (How to install your overlays) 


Feel free to ask me to add something to this package if something is missing here for your stream.
I can also add a translation, if you need, write to me. (Latin characters only)
Color and font changes are not accepted.

• Please Note: This item is licensed for personal use only. Commercial use, resale, or distribution to third parties or other platforms is strictly prohibited.

If you have any questions or encounter any issues with this product, please feel free to contact me anytime.

Animated twitch overlay by:
CozyJsStudio => https://cozyjsstudio.etsy.com

🖌️Tools Used: Adobe Photoshop, Adobe Firefly AI, Adobe After Effect, and Adobe Illustrator🖌️



✅If you want to bring your unique vision to life with a fully tailored stream package, please check out my custom commission listing here:

✅Custom Animated Twitch Stream Overlay Full Pack Bundle | OBS Alerts, Screens, Emotes, Badges

🔗 https://cozyjsstudio.etsy.com/listing/4500763545",24.6,USD,7,"cozy_stream_overlay,twitch_overlay_cozy,twitch_overlay,vtuber_room,animated_overlay,stream_overlay,animated_twitch_pack,forest_glow_mystic,calm_fantasy,calm_twitch_overlay,vtuber_overlay,magical_Overlay,magical_Garden",,https://i.etsystatic.com/61635066/r/il/709c6b/8044980166/il_fullxfull.8044980166_g2q4.jpg,https://i.etsystatic.com/61635066/r/il/9a552a/8092889973/il_fullxfull.8092889973_1iwd.jpg,https://i.etsystatic.com/61635066/r/il/db4652/8044965796/il_fullxfull.8044965796_7utd.jpg,https://i.etsystatic.com/61635066/r/il/00fabb/8092880679/il_fullxfull.8092880679_snkx.jpg,https://i.etsystatic.com/61635066/r/il/71363d/8092875323/il_fullxfull.8092875323_dhtn.jpg,https://i.etsystatic.com/61635066/r/il/41d1b0/8092849851/il_fullxfull.8092849851_fjvf.jpg,https://i.etsystatic.com/61635066/r/il/0395c0/8044964708/il_fullxfull.8044964708_6b7a.jpg,https://i.etsystatic.com/61635066/r/il/d76c2c/8010346394/il_fullxfull.8010346394_nnqg.jpg,https://i.etsystatic.com/61635066/r/il/d6cb4d/8092888991/il_fullxfull.8092888991_tfvk.jpg,https://i.etsystatic.com/61635066/r/il/270b01/8092876159/il_fullxfull.8092876159_5hmu.jpg,,,,,,,,,,
"Cherry Blossom Twitch Screens | Kick Screens Stream | YouTube Live Screen | Sakura Overlays","Cherry Blossom Animated Stream Package
Stream Overlay, Twitch Overlay, Sakura Overlays, Cherry Blossom Overlay , Starting Soon, Be Right Back, Stream Ending, Stream Offline
------------------------------------
Stream Screen, Rose Twitch :
INSTANT DIGITAL DOWNLOAD
This is a digital product, nothing physical will be shipped .

• What you will get?
When you purchase this product, you’ll get a .PDF file containing a direct link to a Google Drive folder with the complete package.

=>What You’ll Receive:
Package Includes :
Screens :
3 Animation Version Screens & 4 Static :
✅ Starting Soon (animated+static)
✅ Be Right Back (animated+static)
✅ Stream Ending (animated+static)
✅ Stream Offline (static) (.PNG format) X2


Feel free to ask me to add something to this package if something is missing here for your stream.
Color and font changes are not accepted.

• Please Note: This item is licensed for personal use only. Commercial use, resale, or distribution to third parties or other platforms is strictly prohibited.

If you have any questions or encounter any issues with this product, please feel free to contact me anytime.

Twitch Screens By :
COZYJSSTUDIO

🖌️Tools Used: Adobe Photoshop, Adobe Firefly AI, Adobe After Effect, and Adobe Illustrator🖌️



✅If you want to bring your unique vision to life with a fully tailored stream package, please check out my custom commission listing here:

✅Custom Animated Twitch Stream Overlay Full Pack Bundle | OBS Alerts, Screens, Emotes, Badges

🔗 https://cozyjsstudio.etsy.com/listing/4500763545",13.6,USD,7,"Stream_Overlay,Gift_for_Her,Personalized_Gifts,Twitch_Overlay,Streaming_Assets,Dark_Theme,vtuber_assets,Gift_for_Him,Stream_Alerts,Cute_Overlay,Stream_Package,Cozy_Overlay,screens",,https://i.etsystatic.com/61635066/r/il/5f7fec/7539795404/il_fullxfull.7539795404_sbp4.jpg,https://i.etsystatic.com/61635066/r/il/71fa18/7587731277/il_fullxfull.7587731277_7stk.jpg,https://i.etsystatic.com/61635066/r/il/88f5a7/7539795218/il_fullxfull.7539795218_gyfy.jpg,https://i.etsystatic.com/61635066/r/il/3c6139/7587733393/il_fullxfull.7587733393_cpln.jpg,https://i.etsystatic.com/61635066/r/il/51d418/7539795332/il_fullxfull.7539795332_2n2q.jpg,https://i.etsystatic.com/61635066/r/il/b4e3fc/7539793632/il_fullxfull.7539793632_ttr1.jpg,https://i.etsystatic.com/61635066/r/il/685af4/7539793470/il_fullxfull.7539793470_5ldi.jpg,,,,,,,,,,,,,
"Cat Train Lofi Animated Stream Pack | Golden Hour Sunset City Overlays (Digital Download)","Cat Train Lofi Sunset Aesthetic Animated Stream Package | Cat Train Twitch Overlay Pack | YouTube | kick | Coffee Overlays

Cat Train Twitch Overlay | Twitch Overlay Cat Train | Overlay Cat Train | Stream Cat Train sunset |Cat Train Overlays | Cat Train Twitch |Cat Train Overlay |Stream Overlay |Twitch Overlay |Twitch Coffee Overlay | Cozy Lofi Train Animated Stream Pack | Golden Hour Cat Stream Overlay | Cute Sunset City Twitch Overlays | Coffee Overlay| YouTube | kick

Cat Train Lofi Sunset Coffee Stream Overlay:
INSTANT DIGITAL DOWNLOAD
This is a digital product, nothing physical will be shipped.

• What will you get?
When you purchase this product, you’ll get a .PDF file containing a direct link to a Google Drive folder with the complete package.

Package Includes:
Cat Train Lofi Sunset Coffee Screens:
4 Static & 3 Animation Version Screens:
✅ Starting Soon (animated & static)
✅ Be Right Back (animated & static)
✅ Stream Ending (animated & static)
✅ Offline Screen (static) (.PNG format)

Cat Train Lofi Sunset Coffee Overlays/Intermission:
✅ 2 Animated Just Chatting / Intermission Screens: 16:9 (1080x1920) (animated & static) Webm/PNG

Cat Train Lofi Sunset Coffee Facecam :
✅ 2 Animated Facecam Overlay (animated & static) Webm/PNG

Cat Train Lofi Sunset Coffee Panels:
✅ 30 Panels (.PNG format)

Cat Train Lofi Sunset Coffee Alerts:
✅ 6 Animated Alerts (WEBM format) (animated & static) Webm/PNG

Cat Train Lofi Sunset Coffee Twitch Emotes:
✅ 5 Twitch Emotes (WEBM format) (static) PNG

Cat Train Lofi Sunset Coffee Twitch Sub Badges:
✅ 3 Twitch Sub Badges (WEBM format) (static) PNG

Cat Train Lofi Sunset Coffee Stream Labels:
✅ 4 Animated Stream Labels (animated & static) Webm/PNG

Cat Train Lofi Sunset Coffee Wallpapers/Background:
✅ 2 Wallpapers (1 Animated, 1 Static) (animated & static) Webm/PNG

Cat Train Lofi Sunset Coffee Stinger Transition:
✅ Animated Stinger Transition (.WEBM transparent)

Cat Train Lofi Sunset Coffee Social Media Kit (BANNERS)
✅ social media Kit (Twitch, Twitter, Kick, YouTube Headers) (PNG format)

Tutorial:
✅ PDF Tutorial (How to install your overlays)

Feel free to ask me to add something to this package if something is missing here for your stream.
Color and font changes are not accepted.

• Please Note: This item is licensed for personal use only. Commercial use, resale, or distribution to third parties or other platforms is strictly prohibited.

If you have any questions or encounter any issues with this product, please feel free to contact me anytime.

Cat Train Lofi Sunset Coffee Animated twitch overlay By:
CozyJsStudio => https://cozyjsstudio.etsy.com

🖌️Tools Used: Adobe Photoshop, Adobe Firefly AI, Adobe After Effect, and Adobe Illustrator🖌️



✅If you want to bring your unique vision to life with a fully tailored stream package, please check out my custom commission listing here:

✅Custom Animated Twitch Stream Overlay Full Pack Bundle | OBS Alerts, Screens, Emotes, Badges

🔗 https://cozyjsstudio.etsy.com/listing/4500763545",24.6,USD,18,"Overlay_Cat,Stream_Cat_sunset,Cat_Overlays,Cat_Twitch,Cat_Overlay,Stream_Overlay,Twitch_Overlay,Train_Overlay,Cat_Lofi_Train,Cat_Stream,Cat_overlay_pack,Cat_twitch_pack,Coffee_Overlay",,https://i.etsystatic.com/61635066/r/il/7654cc/7992959456/il_fullxfull.7992959456_98b0.jpg,https://i.etsystatic.com/61635066/r/il/cc6226/8038530639/il_fullxfull.8038530639_hjks.jpg,https://i.etsystatic.com/61635066/r/il/eaf8eb/8038333341/il_fullxfull.8038333341_qzze.jpg,https://i.etsystatic.com/61635066/r/il/f58e2c/7990396110/il_fullxfull.7990396110_kf8o.jpg,https://i.etsystatic.com/61635066/r/il/1525bd/8038332281/il_fullxfull.8038332281_nkmv.jpg,https://i.etsystatic.com/61635066/r/il/ed31a0/7990394536/il_fullxfull.7990394536_o67q.jpg,https://i.etsystatic.com/61635066/r/il/473c61/8040895319/il_fullxfull.8040895319_ntep.jpg,https://i.etsystatic.com/61635066/r/il/700157/8038333569/il_fullxfull.8038333569_9yd4.jpg,https://i.etsystatic.com/61635066/r/il/e9c33e/7992959012/il_fullxfull.7992959012_joku.jpg,https://i.etsystatic.com/61635066/r/il/32712e/8038530271/il_fullxfull.8038530271_mmqh.jpg,,,,,,,,,,
"Cozy Terrace Night Cityscape Animated Overlay | Twitch Overlay | YouTube | Kick | lo-fi Neon Overlays","Cozy Terrace Night Cityscape Overlay Animated Stream Package
Stream Overlay, Animated Overlay, Twitch Overlay, lo-fi Neon overlay, 

Terrace Night Cityscape Stream Overlays:
INSTANT DIGITAL DOWNLOAD
This is a digital product, nothing physical will be shipped.

• What will you get?
When you purchase this product, you’ll get a .PDF file containing a direct link to a Google Drive folder with the complete package.

Package Includes:
Terrace Night Cityscape Screens:
4 Static & 3 Animation Version Screens:
✅ Starting Soon (animated+static) 
✅ Be Right Back (animated+static) 
✅ Stream Ending (animated+static) 
✅ Offline Screen (static) (.PNG format)

Terrace Night Cityscape Overlays/Intermission:
✅ 4 Animated Just Chatting / Intermission Screens: 16:9 (1080x1920) (animated+static) Webm/PNG

Terrace Night Cityscape Facecam :
✅ 2 Animated Facecam Overlay (animated+static)  Webm/PNG

Terrace Night Cityscape Panels:
✅ 30 Panels (.PNG format)

Terrace Night Cityscape Alerts:
✅ 6 Animated Alerts (WEBM format) (animated+static) Webm/PNG

Terrace Night Cityscape Stream Labels:
✅ 4 Animated Stream Labels (animated+static) Webm/PNG

Wallpapers/Background:
✅ 2 Wallpapers (1 Animated, 1 Static) (animated+static) Webm/PNG

Terrace Night Cityscape Stinger Transition:
✅ Animated Stinger Transition (.WEBM transparent)

Terrace Night Cityscape Social Media Kit (BANNERS)
✅ social media Kit (Twitch, Twitter, Kick, YouTube Headers) (PNG format)

Terrace Night Cityscape Sub Badges :
✅ 8 Sub Badges (.PNG format)
✅ +200 Sub Badges Bonus (.PNG format)

Tutorial:
✅ PDF Tutorial (How to install your overlays) 


Feel free to ask me to add something to this package if something is missing here for your stream.
I can also add a translation, if you need, write to me. (Latin characters only)
Color and font changes are not accepted.

• Please Note: This item is licensed for personal use only. Commercial use, resale, or distribution to third parties or other platforms is strictly prohibited.

If you have any questions or encounter any issues with this product, please feel free to contact me anytime.

Animated twitch overlay By :
CozyJsStudio => https://cozyjsstudio.etsy.com

🖌️Tools Used: Adobe Photoshop, Adobe Firefly AI, Adobe After Effect, and Adobe Illustrator🖌️



✅If you want to bring your unique vision to life with a fully tailored stream package, please check out my custom commission listing here:

✅Custom Animated Twitch Stream Overlay Full Pack Bundle | OBS Alerts, Screens, Emotes, Badges

🔗 https://cozyjsstudio.etsy.com/listing/4500763545",24.6,USD,7,"cozy_stream_overlay,twitch_overlay_cozy,twitch_overlay,vtuber_room,animated_overlay,stream_overlay,animated_twitch_pack,animated_screens,Sunset_city_Lo_fi,calm_twitch_overlay,vtuber_overlay,Terrace_Cityscape,Night_Cityscape",,https://i.etsystatic.com/61635066/r/il/470d7c/8062605651/il_fullxfull.8062605651_k82q.jpg,https://i.etsystatic.com/61635066/r/il/fd8153/8011387534/il_fullxfull.8011387534_gnpz.jpg,https://i.etsystatic.com/61635066/r/il/b9ddf7/8011374058/il_fullxfull.8011374058_s8hl.jpg,https://i.etsystatic.com/61635066/r/il/437c69/8011405326/il_fullxfull.8011405326_avsd.jpg,https://i.etsystatic.com/61635066/r/il/ad1d0e/8059281975/il_fullxfull.8059281975_5i2j.jpg,https://i.etsystatic.com/61635066/r/il/a53584/8011369280/il_fullxfull.8011369280_bn1o.jpg,https://i.etsystatic.com/61635066/r/il/754005/8059297131/il_fullxfull.8059297131_5dem.jpg,https://i.etsystatic.com/61635066/r/il/aaa664/8014700176/il_fullxfull.8014700176_351e.jpg,https://i.etsystatic.com/61635066/r/il/8e7a5a/8059327975/il_fullxfull.8059327975_c7q3.jpg,https://i.etsystatic.com/61635066/r/il/7e18aa/8011359142/il_fullxfull.8011359142_mv70.jpg,,,,,,,,,,
"Animated Neon Bedroom Stream Package | Twitch, YouTube, Kick Overlays (Digital Download)","Neon Bedroom Overlay Animated Stream Package
Stream Overlay, Animated Overlay, Twitch Overlay, lo-fi Room overlay, 

Neon Bedroom Stream Overlays:
INSTANT DIGITAL DOWNLOAD
This is a digital product, nothing physical will be shipped.

• What will you get?
When you purchase this product, you’ll get a .PDF file containing a direct link to a Google Drive folder with the complete package.

Package Includes:
Neon Bedroom Screens:
4 Static & 3 Animation Version Screens:
✅ Starting Soon (animated+static) 
✅ Be Right Back (animated+static) 
✅ Stream Ending (animated+static) 
✅ Offline Screen (static) (.PNG format)

Neon Bedroom Overlays/Intermission:
✅ 4 Animated Just Chatting / Intermission Screens: 16:9 (1080x1920) (animated+static) Webm/PNG

Neon Bedroom Facecam :
✅ 2 Animated Facecam Overlay (animated+static)  Webm/PNG

Neon Bedroom Panels:
✅ 30 Panels (.PNG format)

Neon Bedroom Alerts:
✅ 6 Animated Alerts (WEBM format) (animated+static) Webm/PNG

Neon Bedroom Stream Labels:
✅ 4 Animated Stream Labels (animated+static) Webm/PNG

Wallpapers/Background:
✅ 2 Wallpapers (1 Animated, 1 Static) (animated+static) Webm/PNG

Neon Bedroom Stinger Transition:
✅ Animated Stinger Transition (.WEBM transparent)

Neon Bedroom Social Media Kit (BANNERS)
✅ social media Kit (Twitch, Twitter, Kick, YouTube Headers) (PNG format)

Neon Bedroom Sub Badges :
✅ 8 Sub Badges (.PNG format)
✅ +200 Sub Badges Bonus (.PNG format)

Tutorial:
✅ PDF Tutorial (How to install your overlays) 


Feel free to ask me to add something to this package if something is missing here for your stream.
I can also add a translation, if you need, write to me. (Latin characters only)
Color and font changes are not accepted.

• Please Note: This item is licensed for personal use only. Commercial use, resale, or distribution to third parties or other platforms is strictly prohibited.

If you have any questions or encounter any issues with this product, please feel free to contact me anytime.

Animated twitch overlay By :
CozyJsStudio => https://cozyjsstudio.etsy.com

🖌️Tools Used: Adobe Photoshop, Adobe Firefly AI, Adobe After Effect, and Adobe Illustrator🖌️



✅If you want to bring your unique vision to life with a fully tailored stream package, please check out my custom commission listing here:

✅Custom Animated Twitch Stream Overlay Full Pack Bundle | OBS Alerts, Screens, Emotes, Badges

🔗 https://cozyjsstudio.etsy.com/listing/4500763545",24.6,USD,7,"cozy_stream_overlay,twitch_overlay_cozy,twitch_overlay,vtuber_room,animated_overlay,stream_overlay,animated_twitch_pack,animated_screens,room_glow_Neon,Room_Overlay,Neon_twitch_overlay,vtuber_overlay,Neon_Overlay_Room",,https://i.etsystatic.com/61635066/r/il/80384a/8014713366/il_fullxfull.8014713366_24x7.jpg,https://i.etsystatic.com/61635066/r/il/89a5eb/8058970395/il_fullxfull.8058970395_bbrb.jpg,https://i.etsystatic.com/61635066/r/il/a89571/8011092466/il_fullxfull.8011092466_huok.jpg,https://i.etsystatic.com/61635066/r/il/76193c/8059023701/il_fullxfull.8059023701_6aht.jpg,https://i.etsystatic.com/61635066/r/il/4feea4/8058971869/il_fullxfull.8058971869_59uq.jpg,https://i.etsystatic.com/61635066/r/il/ad93b8/8011099624/il_fullxfull.8011099624_5j1w.jpg,https://i.etsystatic.com/61635066/r/il/4fa608/8014715888/il_fullxfull.8014715888_fqz3.jpg,https://i.etsystatic.com/61635066/r/il/80491e/8059101151/il_fullxfull.8059101151_cw8h.jpg,https://i.etsystatic.com/61635066/r/il/537fd9/8058961891/il_fullxfull.8058961891_hsn2.jpg,https://i.etsystatic.com/61635066/r/il/e302da/8011058518/il_fullxfull.8011058518_49v9.jpg,,,,,,,,,,
"Train Sunset Panda Overlay Animated Stream Package: For Twitch, YouTube, Kick | Sunset overlays","Train Sunset Panda Overlay Animated Stream Package
Stream Overlay, Animated Overlay, Twitch Overlay, Coffee overlay, 

Panda Stream Overlays:
INSTANT DIGITAL DOWNLOAD
This is a digital product, nothing physical will be shipped.

• What will you get?
When you purchase this product, you’ll get a .PDF file containing a direct link to a Google Drive folder with the complete package.

Package Includes:
Panda Screens:
4 Static & 3 Animation Version Screens:
✅ Starting Soon (animated+static) 
✅ Be Right Back (animated+static) 
✅ Stream Ending (animated+static) 
✅ Offline Screen (static) (.PNG format)

Panda Overlays/Intermission:
✅ 4 Animated Just Chatting / Intermission Screens: 16:9 (1080x1920) (animated+static) Webm/PNG

Panda Facecam :
✅ 2 Animated Facecam Overlay (animated+static)  Webm/PNG

Panda Panels:
✅ 30 Panels (.PNG format)

Panda Twitch Emotes:
✅ 5 Twitch Emotes (.PNG format)

Panda Sub Badges:
✅ 3 Sub Badges (.PNG format)

Panda Alerts:
✅ 6 Animated Alerts (WEBM format) (animated+static) Webm/PNG

Panda Stream Labels:
✅ 4 Animated Stream Labels (animated+static) Webm/PNG

Wallpapers/Background :
✅ 2 Wallpapers (1 Animated, 1 Static) (animated+static) Webm/PNG

Panda Stinger Transition:
✅ Animated Stinger Transition (.WEBM transparent)

Panda Social Media Kit (BANNERS)
✅ social media Kit (Twitch, Twitter, Kick, YouTube Headers) (PNG format)

Tutorial:
✅ PDF Tutorial (How to install your overlays) 

Feel free to ask me to add something to this package if something is missing here for your stream.
I can also add a translation, if you need, write to me. (Latin characters only)
Color and font changes are not accepted.

• Please Note: This item is licensed for personal use only. Commercial use, resale, or distribution to third parties or other platforms is strictly prohibited.

If you have any questions or encounter any issues with this product, please feel free to contact me anytime.

Note: My design process combines manual digital craftsmanship with AI-enhanced tools to achieve the perfect balance of detail, color, and quality.

Panda Twitch Overlay 
By:
CozyJsStudio => https://cozyjsstudio.etsy.com

🖌️Tools Used: Adobe Photoshop, Adobe Firefly AI, Adobe After Effect, and Adobe Illustrator🖌️



✅If you want to bring your unique vision to life with a fully tailored stream package, please check out my custom commission listing here:

✅Custom Animated Twitch Stream Overlay Full Pack Bundle | OBS Alerts, Screens, Emotes, Badges

🔗 https://cozyjsstudio.etsy.com/listing/4500763545",22.6,USD,7,"Coffee_Overlay,Coffee_Twitch,Panda_Overlay,Stream_Overlay,Twitch_Overlay,Panda_Twitch_Pack,Panda_Twitch,Sakura_Overlay,Train_Overlay,Train_Panda,Overlay_Panda,Stream_Panda,Sunset_Twitch",,https://i.etsystatic.com/61635066/r/il/286287/8049097647/il_fullxfull.8049097647_5uxp.jpg,https://i.etsystatic.com/61635066/r/il/b11fd0/8047872841/il_fullxfull.8047872841_nj5q.jpg,https://i.etsystatic.com/61635066/r/il/eaf8eb/8038333341/il_fullxfull.8038333341_qzze.jpg,https://i.etsystatic.com/61635066/r/il/f58e2c/7990396110/il_fullxfull.7990396110_kf8o.jpg,https://i.etsystatic.com/61635066/r/il/1525bd/8038332281/il_fullxfull.8038332281_nkmv.jpg,https://i.etsystatic.com/61635066/r/il/7e26bd/7999943282/il_fullxfull.7999943282_du4g.jpg,https://i.etsystatic.com/61635066/r/il/ed31a0/7990394536/il_fullxfull.7990394536_o67q.jpg,https://i.etsystatic.com/61635066/r/il/a428fb/8001169464/il_fullxfull.8001169464_qbko.jpg,https://i.etsystatic.com/61635066/r/il/700157/8038333569/il_fullxfull.8038333569_9yd4.jpg,https://i.etsystatic.com/61635066/r/il/f5a33f/8047872551/il_fullxfull.8047872551_a7na.jpg,,,,,,,,,,
"Wolf Train Lofi Animated Stream Pack | Sunset Coffee Twitch Overlay (Digital Download)","Wolf Train Lofi Sunset Aesthetic Animated Stream Package | Wolf Train Twitch Overlay Pack | YouTube | kick | Coffee Overlays

Wolf Train Twitch Overlay | Twitch Overlay Wolf Train | Overlay Wolf Train | Stream Wolf Train sunset | Wolf Train Overlays | Wolf Train Twitch | Wolf Train Overlay | Stream Overlay | Twitch Overlay | Twitch Coffee Overlay | Cozy Lofi Train Animated Stream Pack | Golden Hour Wolf Stream Overlay | Cute Sunset City Twitch Overlays | Coffee Overlay| YouTube | kick

Wolf Train Lofi Sunset Coffee Stream Overlay:
INSTANT DIGITAL DOWNLOAD
This is a digital product, nothing physical will be shipped.

• What will you get?
When you purchase this product, you’ll get a .PDF file containing a direct link to a Google Drive folder with the complete package.

Package Includes:
Wolf Train Lofi Sunset Coffee Screens:
4 Static & 3 Animation Version Screens:
✅ Starting Soon (animated & static)
✅ Be Right Back (animated & static)
✅ Stream Ending (animated & static)
✅ Offline Screen (static) (.PNG format)

Wolf Train Lofi Sunset Coffee Overlays/Intermission:
✅ 2 Animated Just Chatting / Intermission Screens: 16:9 (1080x1920) (animated & static) Webm/PNG

Wolf Train Lofi Sunset Coffee Facecam :
✅ 2 Animated Facecam Overlay (animated & static) Webm/PNG

Wolf Train Lofi Sunset Coffee Panels:
✅ 30 Panels (.PNG format)

Wolf Train Lofi Sunset Coffee Alerts:
✅ 6 Animated Alerts (WEBM format) (animated & static) Webm/PNG

Wolf Train Lofi Sunset Coffee Twitch Emotes:
✅ 5 Twitch Emotes (WEBM format) (static) PNG

Wolf Train Lofi Sunset Coffee Twitch Sub Badges:
✅ 3 Twitch Sub Badges (WEBM format) (static) PNG

Wolf Train Lofi Sunset Coffee Stream Labels:
✅ 4 Animated Stream Labels (animated & static) Webm/PNG

Wolf Train Lofi Sunset Coffee Wallpapers/Background:
✅ 2 Wallpapers (1 Animated, 1 Static) (animated & static) Webm/PNG

Wolf Train Lofi Sunset Coffee Stinger Transition:
✅ Animated Stinger Transition (.WEBM transparent)

Wolf Train Lofi Sunset Coffee Social Media Kit (BANNERS)
✅ social media Kit (Twitch, Twitter, Kick, YouTube Headers) (PNG format)

Tutorial:
✅ PDF Tutorial (How to install your overlays)

Feel free to ask me to add something to this package if something is missing here for your stream.
Color and font changes are not accepted.

• Please Note: This item is licensed for personal use only. Commercial use, resale, or distribution to third parties or other platforms is strictly prohibited.

If you have any questions or encounter any issues with this product, please feel free to contact me anytime.

Wolf Train Lofi Sunset Coffee Animated twitch overlay By:
CozyJsStudio => https://cozyjsstudio.etsy.com

🖌️Tools Used: Adobe Photoshop, Adobe Firefly AI, Adobe After Effect, and Adobe Illustrator🖌️



✅If you want to bring your unique vision to life with a fully tailored stream package, please check out my custom commission listing here:

✅Custom Animated Twitch Stream Overlay Full Pack Bundle | OBS Alerts, Screens, Emotes, Badges

🔗 https://cozyjsstudio.etsy.com/listing/4500763545",22.6,USD,7,"Overlay_Wolf,Stream_Wolf_sunset,Wolf_Overlays,Wolf_Twitch,Wolf_Overlay,Stream_Overlay,Twitch_Overlay,Train_Overlay,Wolf_Lofi_Train,Wolf_Stream,Wolf_overlay_pack,Wolf_twitch_pack,Coffee_Overlay",,https://i.etsystatic.com/61635066/r/il/9142b4/8041950575/il_fullxfull.8041950575_he6k.jpg,https://i.etsystatic.com/61635066/r/il/338be1/7994012380/il_fullxfull.7994012380_dbzx.jpg,https://i.etsystatic.com/61635066/r/il/eaf8eb/8038333341/il_fullxfull.8038333341_qzze.jpg,https://i.etsystatic.com/61635066/r/il/f58e2c/7990396110/il_fullxfull.7990396110_kf8o.jpg,https://i.etsystatic.com/61635066/r/il/1525bd/8038332281/il_fullxfull.8038332281_nkmv.jpg,https://i.etsystatic.com/61635066/r/il/ed31a0/7990394536/il_fullxfull.7990394536_o67q.jpg,https://i.etsystatic.com/61635066/r/il/199f94/7993993404/il_fullxfull.7993993404_m8ca.jpg,https://i.etsystatic.com/61635066/r/il/700157/8038333569/il_fullxfull.8038333569_9yd4.jpg,https://i.etsystatic.com/61635066/r/il/2d0af7/7994012746/il_fullxfull.7994012746_kdao.jpg,https://i.etsystatic.com/61635066/r/il/c9d5f9/8041948285/il_fullxfull.8041948285_lo68.jpg,,,,,,,,,,
"Sakura Snake Night Animated Stream Package | Twitch Overlay | YouTube | Kick | Snakes Overlays","Sakura Snake Animated Stream Package
Stream Overlay, Animated Overlay, Twitch Overlay, Snake overlays, Sakura Snake Night Animated Stream Package | Twitch Overlay | YouTube | Kick | Snakes Overlays

Snake Stream Overlay :
INSTANT DIGITAL DOWNLOAD
This is a digital product, nothing physical will be shipped .

• What you will get?
When you purchase this product, you’ll get a .PDF file containing a direct link to a Google Drive folder with the complete package.

Package Includes :
Snake Screens :
4 Static & 3 Animation Version Screens :
✅ Starting Soon (animated+static)
✅ Be Right Back (animated+static)
✅ Stream Ending (animated+static)
✅ Offline Screen (static) (.PNG format)

Snake Overlays/Intermission :
✅ 2 Animated Just Chatting / Intermission Screens : 16:9 (1080x1920) (animated+static) Webm/PNG

Snake Facecam :
✅ 2 Animated Facecam Overlay (animated+static) Webm/PNG

Snake Panels :
✅ 27 Panels (.PNG format)

Snake Alerts :
✅ 6 Animated Alerts (WEBM format) (animated+static) Webm/PNG

Snake Twitch Emotes :
✅ 5 Twitch Emotes (WEBM format) (static) PNG

Snake Twitch Sub Badges :
✅ 3 Twitch Sub Badges (WEBM format) (static) PNG

Snake Stream Labels :
✅ 4 Animated Stream Labels (animated+static) Webm/PNG

Snake Wallpapers/Background :
✅ 2 Wallpapers (1 Animated, 1 Static) (animated+static) Webm/PNG

Snake Stinger Transition :
✅ Animated Stinger Transition (.WEBM transparent)

Snake Social Media Kit (BANNERS)
✅ Social Media Kit (Twitch, Twitter, Kick, YouTube Headers) (PNG format)

Tutorial :
✅ PDF Tutorial (How to install your overlays)

Feel free to ask me to add something to this package if something is missing here for your stream.
Color and font changes are not accepted.

• Please Note: This item is licensed for personal use only. Commercial use, resale, or distribution to third parties or other platforms is strictly prohibited.

If you have any questions or encounter any issues with this product, please feel free to contact me anytime.

Snake Twitch overlay By :
CozyJsStudio => https://cozyjsstudio.etsy.com

🖌️Tools Used: Adobe Photoshop, Adobe Firefly AI, Adobe After Effect, and Adobe Illustrator🖌️



✅If you want to bring your unique vision to life with a fully tailored stream package, please check out my custom commission listing here:

✅Custom Animated Twitch Stream Overlay Full Pack Bundle | OBS Alerts, Screens, Emotes, Badges

🔗 https://cozyjsstudio.etsy.com/listing/4500763545",25.6,USD,3,"twitch_overlay,twitch_overlays,twitch_overlay_anime,stream_overlays,stream_overlay,samurai_twitch,japanese_overlay,Sakura_overlay,Twitch_japanese,Japan_Overlay,Snake_Overlay,Snake_Twitch,Snake_Overlays",,https://i.etsystatic.com/61635066/r/il/15d3ca/7845624487/il_fullxfull.7845624487_ecw2.jpg,https://i.etsystatic.com/61635066/r/il/731d01/7845630477/il_fullxfull.7845630477_qxv7.jpg,https://i.etsystatic.com/61635066/r/il/c2c1db/7797692406/il_fullxfull.7797692406_5y8o.jpg,https://i.etsystatic.com/61635066/r/il/ab20db/7845626971/il_fullxfull.7845626971_dl8p.jpg,https://i.etsystatic.com/61635066/r/il/28ed5e/7797691954/il_fullxfull.7797691954_jye8.jpg,https://i.etsystatic.com/61635066/r/il/87987f/7845621733/il_fullxfull.7845621733_3dey.jpg,https://i.etsystatic.com/61635066/r/il/92fad9/7845633529/il_fullxfull.7845633529_1lvh.jpg,https://i.etsystatic.com/61635066/r/il/4ded76/7845636191/il_fullxfull.7845636191_35vn.jpg,https://i.etsystatic.com/61635066/r/il/7b599f/7845637681/il_fullxfull.7845637681_8dui.jpg,https://i.etsystatic.com/61635066/r/il/773a89/7797718328/il_fullxfull.7797718328_sj3z.jpg,,,,,,,,,,
"Shiba Dog Animated Stream Overlay Package | Magical Night Forest Theme (Digital Download)","Galaxy Eyes Dog Shiba Animated Stream Package | Forest Twitch Overlay | YouTube | kick overlays, Dog Shiba Overlay Animated Stream Package, Sakura Overlay Animated Stream Package, Stream Overlay, Animated Overlay, Twitch Overlay, Dog Shiba overlay, Dog Shiba twitch, Gaming Setup Overlays

Galaxy Eyes Dog Shiba Stream Overlays:
INSTANT DIGITAL DOWNLOAD
This is a digital product, nothing physical will be shipped.

• What will you get?
When you purchase this product, you’ll get a .PDF file containing a direct link to a Google Drive folder with the complete package.

Package Includes:
Galaxy Eyes Dog Shiba Screens:
4 Static & 3 Animation Version Screens:
✅ Starting Soon (animated & static) 
✅ Be Right Back (animated & static) 
✅ Stream Ending (animated & static) 
✅ Offline Screen (static) (.PNG format)

Galaxy Eyes Dog Shiba Overlays/Intermission:
✅ 4 Animated Just Chatting / Intermission Screens: 16:9 (1080x1920) (animated & static) WEBm/PNG

Galaxy Eyes Dog Shiba Facecams :
✅ 2 Animated Facecam Overlay (animated & static)  WEBm/PNG

Galaxy Eyes Dog Shiba Panels:
✅ 28 Panels (.PNG format)

Galaxy Eyes Dog Shiba Twitch Emotes:
✅ 5 Twitch Emotes (.PNG format)

Galaxy Eyes Dog Shiba Sub Badges:
✅ 3 Sub Badges (.PNG format)

Galaxy Eyes Dog Shiba Alerts:
✅ 6 Animated Alerts (WEBM format) (animated & static) WEBm/PNG

Galaxy Eyes Dog Shiba Stream Labels:
✅ 4 Animated Stream Labels (animated & static) WEBm/PNG

Wallpapers/Background:
✅ 2 Wallpapers (1 Animated, 1 Static) (animated & static) WEBm/PNG

Galaxy Eyes Dog Shiba Stinger Transition:
✅ Animated Stinger Transition (. WEBM transparent)

Galaxy Eyes Dog Shiba Social Media Kit (BANNERS)
✅ social media Kit (Twitch, Twitter, Kick, YouTube Headers) (PNG format)

Tutorial:
✅ PDF Tutorial (How to install your overlays) 

Feel free to ask me to add something to this package if something is missing here for your stream.
I can also add a translation, if you need, write to me. (Latin characters only)
Color and font changes are not accepted.

• Please Note: This item is licensed for personal use only. Commercial use, resale, or distribution to third parties or other platforms is strictly prohibited.

If you have any questions or encounter any issues with this product, please feel free to contact me anytime.

Galaxy Eyes Dog Shiba Animated twitch overlay By:
CozyJsStudio => https://cozyjsstudio.etsy.com

🖌️Tools Used: Adobe Photoshop, Adobe Firefly AI, Adobe After Effect, and Adobe Illustrator🖌️



✅If you want to bring your unique vision to life with a fully tailored stream package, please check out my custom commission listing here:

✅Custom Animated Twitch Stream Overlay Full Pack Bundle | OBS Alerts, Screens, Emotes, Badges

🔗 https://cozyjsstudio.etsy.com/listing/4500763545",24.6,USD,7,"Stream_Overlay,Twitch_Overlay,Magic_Twitch_Package,Cozy_Stream_Overlay,Animated_Stream_Pack,Night_Forest_Overlay,Cute_Twitch_Overlays,Starry_Sky_Overlay,Lofi_Twitch_Setup,Overlay_Dog_Shiba,Dog_Shiba_Overlay,Dog_Shiba_Twitch,Dog_Shiba_Overlays",,https://i.etsystatic.com/61635066/r/il/77b2dc/8023911529/il_fullxfull.8023911529_s3zu.jpg,https://i.etsystatic.com/61635066/r/il/fc7ed8/8023914949/il_fullxfull.8023914949_eiyl.jpg,https://i.etsystatic.com/61635066/r/il/bdd467/8019558097/il_fullxfull.8019558097_mb7j.jpg,https://i.etsystatic.com/61635066/r/il/322a92/8019579843/il_fullxfull.8019579843_qw2w.jpg,https://i.etsystatic.com/61635066/r/il/633aa8/8023908347/il_fullxfull.8023908347_9pdb.jpg,https://i.etsystatic.com/61635066/r/il/a0e993/7971607354/il_fullxfull.7971607354_919o.jpg,https://i.etsystatic.com/61635066/r/il/98b958/7971608140/il_fullxfull.7971608140_dhhw.jpg,https://i.etsystatic.com/61635066/r/il/d47186/7975954066/il_fullxfull.7975954066_jqr5.jpg,https://i.etsystatic.com/61635066/r/il/1ce81a/8019643267/il_fullxfull.8019643267_3sw0.jpg,https://i.etsystatic.com/61635066/r/il/36806f/8023915055/il_fullxfull.8023915055_aqrg.jpg,,,,,,,,,,
"Red Gold Animated Stream Package: Twitch Overlay, YouTube, Kick, Red Overlays","Red Gold Christmas Animated Stream Package
Stream Overlay, Animated Overlay, Twitch Overlay, Christmas overlays


INSTANT DIGITAL DOWNLOAD
This is a digital product, nothing physical will be shipped .

• What you will get?
When you purchase this product, you’ll get a .PDF file containing a direct link to a Google Drive folder with the complete package.

Package Includes :
• 3 Animated Screens (1920x1080)
• 1 Static Offline Screen (1920x1080, .jpg)
• 4 Animated Just Chatting / Intermission Screens (1920x1080, WEBM transparent)
• 2 Animated Facecam Overlays (WEBM transparent)
• 27 Panels (PNG format)
• 13 Animated Alerts (.WEBM format)
• 6 Animated Stream Labels (.WEBM format)
• 4 Wallpapers (2 Animated, 2 Static)
• Animated Stinger Transition (.WEBM transparent)
• Social Media Kit (Twitch, Twitter, Kick, YouTube Headers)
• PDF Tutorial (How to install your overlays)

• Please Note: This item is licensed for personal use only. Commercial use, resale, or distribution to third parties or other platforms is strictly prohibited.

If you have any questions or encounter any issues with this product, please feel free to contact me anytime.

🖌️Tools Used: Adobe Photoshop, Adobe Firefly AI, Adobe After Effect, and Adobe Illustrator🖌️



✅If you want to bring your unique vision to life with a fully tailored stream package, please check out my custom commission listing here:

✅Custom Animated Twitch Stream Overlay Full Pack Bundle | OBS Alerts, Screens, Emotes, Badges

🔗 https://cozyjsstudio.etsy.com/listing/4500763545",24.6,USD,5,"Christmas_stream,christmas_overlay,christmas_overlays,christmas_twitch,overlay_christmas,twitch_christmas,stream_overlay,stream_overlays,twitch_overlay,twitch_overlays,stream_package,christmas_twitch_Red,red_christmas_twitch",,https://i.etsystatic.com/61635066/r/il/841c64/7507264826/il_fullxfull.7507264826_5mej.jpg,https://i.etsystatic.com/61635066/r/il/3bbfc5/7555206855/il_fullxfull.7555206855_hapi.jpg,https://i.etsystatic.com/61635066/r/il/8847c1/7507264018/il_fullxfull.7507264018_g0yw.jpg,https://i.etsystatic.com/61635066/r/il/da5e55/7555205449/il_fullxfull.7555205449_orvs.jpg,https://i.etsystatic.com/61635066/r/il/ace59a/7507263200/il_fullxfull.7507263200_e1a4.jpg,https://i.etsystatic.com/61635066/r/il/bace67/7555204991/il_fullxfull.7555204991_pml7.jpg,https://i.etsystatic.com/61635066/r/il/96f503/7507263198/il_fullxfull.7507263198_8xsh.jpg,https://i.etsystatic.com/61635066/r/il/749b75/7507263632/il_fullxfull.7507263632_9ugo.jpg,https://i.etsystatic.com/61635066/r/il/03eae6/7555205547/il_fullxfull.7555205547_sql3.jpg,https://i.etsystatic.com/61635066/r/il/19b1a8/7555206737/il_fullxfull.7555206737_acro.jpg,,,,,,,,,,
"Royal Purple Night Animated TikTok Stream Overlay Package, TikTok Overlays (Digital Download)","Royal Purple Night Animated TikTok Stream Overlay Package TIKTOK Streaming Overlay Package | Tiktok Live Animated Overlays | TikTok Stream Overlay | Webcam Overlays | Alerts | Tiktok Live Streaming

INSTANT DIGITAL DOWNLOAD
This is a digital product, nothing physical will be shipped.

What you will get?
When you purchase this product, you’ll get a PDF file containing a direct link to a Google Drive folder with the complete package.

Package Includes :

X10 ANIMATED STREAM OVERLAYS :
STREAM OVERLAYS (animated) 9:16, 1080x1920: Webm/PNG

X3 ANIMATED SCREENS + STATIC OFFLINE :
STARTING (animated + static) 
PAUSE (animated + static) 
ENDING (animated + static) 


X4 ANIMATED AND STATIC ALERTS :
New subscriber (animated) Webm
New follower (animated) Webm
New gift  (animated) Webm
New Donation animated) Webm

X2 ANIMATED AND STATIC FACECAM :
FACECAM (animated) Webm

1x Stinger Transition ANIMATED (Webm)

𝐃𝐞𝐭𝐚𝐢𝐥 𝐅𝐢𝐧𝐚𝐥 𝐏𝐫𝐨𝐝𝐮𝐜𝐭
Video Resolution: 1080x1920
Frame Rate: 60fps
Format: Webm + PNG + MP4
Language : English ONLY English ( If you need Different Language, please contact me )
Audio/Music/Sound : Not Included
Animated Looping : Included
File Type : Instant digital download


• Please Note: This item is licensed for personal use only. Commercial use, resale, or distribution to third parties or other platforms is strictly prohibited.

If you have any questions or encounter any issues with this product, please feel free to contact me anytime.


CozyJsStudio

🖌️Tools Used: Adobe Photoshop, Adobe Firefly AI, Adobe After Effect, and Adobe Illustrator🖌️



✅If you want to bring your unique vision to life with a fully tailored stream package, please check out my custom commission listing here:

✅Custom Animated Twitch Stream Overlay Full Pack Bundle | OBS Alerts, Screens, Emotes, Badges

🔗 https://cozyjsstudio.etsy.com/listing/4500763545",18.6,USD,7,"Vertical_Overlay,tiktok_overlay,Tiktok_Stream,Tiktok_Stream_Black,Tiktok_Stream_Kit,Vertical_Overlays,Tiktok_Streaming,Stream_Overlay,Stream_Package,Tiktok_Stream_Purple,tiktok_Stream_Pack,Royal_Night_overlay,purple_gold_tiktok",,https://i.etsystatic.com/61635066/r/il/bbc498/7379325212/il_fullxfull.7379325212_tuar.jpg,https://i.etsystatic.com/61635066/r/il/d1f0d1/7379325160/il_fullxfull.7379325160_gtyp.jpg,https://i.etsystatic.com/61635066/r/il/a1c5ea/7427247433/il_fullxfull.7427247433_ijcx.jpg,https://i.etsystatic.com/61635066/r/il/cb59d1/7379324102/il_fullxfull.7379324102_npm6.jpg,https://i.etsystatic.com/61635066/r/il/805a9a/7379323982/il_fullxfull.7379323982_cxij.jpg,https://i.etsystatic.com/61635066/r/il/9e5f3d/7379324588/il_fullxfull.7379324588_du6x.jpg,https://i.etsystatic.com/61635066/r/il/ac82bb/7427248149/il_fullxfull.7427248149_l0or.jpg,https://i.etsystatic.com/61635066/r/il/de8387/7427264493/il_fullxfull.7427264493_42la.jpg,,,,,,,,,,,,
"Sakura Setup Cat Animated Stream Package | Cats Twitch Overlay | YouTube | kick overlays","Sakura Setup Cat Animated Stream Package | Cats Twitch Overlay | YouTube | kick overlays, Cat Overlay Animated Stream Package, Sakura Overlay Animated Stream Package, Stream Overlay, Animated Overlay, Twitch Overlay, cat overlay, cat twitch, Gaming Setup Overlays

Cat Stream Overlays:
INSTANT DIGITAL DOWNLOAD
This is a digital product, nothing physical will be shipped.

• What will you get?
When you purchase this product, you’ll get a .PDF file containing a direct link to a Google Drive folder with the complete package.

Package Includes:
Cat Screens:
4 Static & 3 Animation Version Screens:
✅ Starting Soon (animated & static) 
✅ Be Right Back (animated & static) 
✅ Stream Ending (animated & static) 
✅ Offline Screen (static) (.PNG format)

Cat Overlays/Intermission:
✅ 4 Animated Just Chatting / Intermission Screens: 16:9 (1080x1920) (animated & static) WEBm/PNG

Cat Facecams :
✅ 2 Animated Facecam Overlay (animated & static)  WEBm/PNG

Cat Panels:
✅ 28 Panels (.PNG format)

Cat Twitch Emotes:
✅ 5 Twitch Emotes (.PNG format)

Cat Sub Badges:
✅ 3 Sub Badges (.PNG format)

Cat Alerts:
✅ 6 Animated Alerts (WEBM format) (animated & static) WEBm/PNG

Cat Stream Labels:
✅ 4 Animated Stream Labels (animated & static) WEBm/PNG

Wallpapers/Background:
✅ 2 Wallpapers (1 Animated, 1 Static) (animated & static) WEBm/PNG

Cat Stinger Transition:
✅ Animated Stinger Transition (. WEBM transparent)

Cat Social Media Kit (BANNERS)
✅ social media Kit (Twitch, Twitter, Kick, YouTube Headers) (PNG format)

Tutorial:
✅ PDF Tutorial (How to install your overlays) 

Feel free to ask me to add something to this package if something is missing here for your stream.
I can also add a translation, if you need, write to me. (Latin characters only)
Color and font changes are not accepted.

• Please Note: This item is licensed for personal use only. Commercial use, resale, or distribution to third parties or other platforms is strictly prohibited.

If you have any questions or encounter any issues with this product, please feel free to contact me anytime.

Cat Animated twitch overlay By:
CozyJsStudio => https://cozyjsstudio.etsy.com

🖌️Tools Used: Adobe Photoshop, Adobe Firefly AI, Adobe After Effect, and Adobe Illustrator🖌️



✅If you want to bring your unique vision to life with a fully tailored stream package, please check out my custom commission listing here:

✅Custom Animated Twitch Stream Overlay Full Pack Bundle | OBS Alerts, Screens, Emotes, Badges

🔗 https://cozyjsstudio.etsy.com/listing/4500763545",24.6,USD,6,"Cat_Twitch_Overlay,Twitch_Overlay_Cat,Stream_Overlay_Cat,Cat_Overlay,Cat_Twitch,Stream_Overlay,Twitch_Overlay,Magic_Overlay,Cat_Twitch_Pack,Cute_Overlays,Cozy_Overlay,neon_overlay,Sakura_Setup_overlay",,https://i.etsystatic.com/61635066/r/il/3805d1/8009704849/il_fullxfull.8009704849_hzqs.jpg,https://i.etsystatic.com/61635066/r/il/d6e0c2/8009665337/il_fullxfull.8009665337_1bpv.jpg,https://i.etsystatic.com/61635066/r/il/38e38e/8009692311/il_fullxfull.8009692311_aq5x.jpg,https://i.etsystatic.com/61635066/r/il/01a95e/8009691899/il_fullxfull.8009691899_syer.jpg,https://i.etsystatic.com/61635066/r/il/d48826/7961727126/il_fullxfull.7961727126_873f.jpg,https://i.etsystatic.com/61635066/r/il/8a5e19/8009684027/il_fullxfull.8009684027_j6r8.jpg,https://i.etsystatic.com/61635066/r/il/f99e9b/8009661633/il_fullxfull.8009661633_737i.jpg,https://i.etsystatic.com/61635066/r/il/8b1f86/8009693905/il_fullxfull.8009693905_dc8y.jpg,https://i.etsystatic.com/61635066/r/il/b3d971/8009662895/il_fullxfull.8009662895_aebx.jpg,https://i.etsystatic.com/61635066/r/il/721258/8009684385/il_fullxfull.8009684385_kksz.jpg,,,,,,,,,,
